:10000000682E002045240000358C000031240000BB
:10001000312400003124000031240000312400008C
:10002000000000000000000000000000B1250000FA
:1000300031240000000000004925000031240000A8
:100040004D2700004D2700004D2700004D270000E0
:100050004D2700004D2700004D2700004D270000D0
:100060004D2700004D2700004D2700004D270000C0
:100070004D2700004D2700004D2700004D270000B0
:100080004D2700004D2700004D2700004D270000A0
:100090004D2700004D2700004D2700004D27000090
:1000A0004D2700004D2700004D2700004D27000080
:1000B0004D2700004D2700004D2700004D27000070
:1000C0004D2700004D2700004D2700004D27000060
:1000D0004D2700004D2700004D2700004D27000050
:1000E0004D2700004D2700004D2700004D27000040
:1000F0004D2700004D2700004D2700004D27000030
:100100004D2700004D2700004D2700004D2700001F
:100110004D2700004D2700004D2700004D2700000F
:100120004D2700004D2700004D2700004D270000FF
:100130004D2700004D2700004D2700004D270000EF
:100140004D2700004D2700004D2700004D270000DF
:100150004D2700004D2700004D2700004D270000CF
:100160004D2700004D2700004D2700004D270000BF
:100170004D2700004D2700004D2700004D270000AF
:100180004D2700004D2700004D2700004D2700009F
:100190004D2700004D2700004D2700004D2700008F
:1001A0004D2700004D2700004D2700004D2700007F
:1001B0004D2700004D2700004D2700004D2700006F
:1001C0004D2700004D2700004D2700004D2700005F
:1001D0004D2700004D2700004D2700004D2700004F
:1001E0004D2700004D2700004D2700004D2700003F
:1001F0004D2700004D2700004D2700004D2700002F
:100200004D2700004D2700004D2700004D2700001E
:100210004D2700004D2700004D2700004D2700000E
:100220004D2700004D2700004D2700004D270000FE
:100230004D2700004D2700004D2700004D270000EE
:100240004D2700004D2700004D2700004D270000DE
:100250004D2700004D2700004D2700004D270000CE
:100260004D2700004D2700004D2700004D270000BE
:100270004D2700004D2700004D2700004D270000AE
:100280004D2700004D2700004D2700004D2700009E
:100290004D2700004D2700004D2700004D2700008E
:1002A0004D2700004D2700004D2700004D2700007E
:1002B0004D2700004D2700004D2700004D2700006E
:1002C0004D2700004D2700004D2700004D2700005E
:1002D0004D2700004D2700004D2700004D2700004E
:1002E0004D2700004D2700004D2700004D2700003E
:1002F0004D2700004D2700004D2700004D2700002E
:100300004D2700004D2700004D2700004D2700001D
:100310004D2700004D2700004D2700004D2700000D
:100320004D2700004D2700004D2700004D270000FD
:100330004D2700004D2700004D2700004D270000ED
:100340004D2700004D2700004D2700004D270000DD
:100350004D2700004D2700004D2700004D270000CD
:100360004D2700004D2700004D2700004D270000BD
:100370004D2700004D2700004D2700004D270000AD
:100380004D2700004D2700004D2700004D2700009D
:100390004D2700004D2700004D2700004D2700008D
:1003A0004D2700004D2700004D2700004D2700007D
:1003B0004D2700004D2700004D2700004D2700006D
:1003C0004D2700004D2700004D2700004D2700005D
:1003D0004D2700004D2700004D2700004D2700004D
:1003E0004D2700004D2700004D2700004D2700003D
:1003F0004D2700004D2700004D2700004D2700002D
:100400004D2700004D2700004D2700004D2700001C
:100410004D2700004D2700004D2700004D2700000C
:100420004D2700004D2700004D2700004D270000FC
:100430004D2700004D2700004D2700004D270000EC
:100440004D2700004D2700004D2700004D270000DC
:100450004D2700004D2700004D2700004D270000CC
:100460004D2700004D2700004D2700004D270000BC
:0C0470004D2700004D2700004D27000024
:10047C0053B94AB9002908BF00281CBF4FF0FF31FF
:10048C004FF0FF3000F00CB8ADF1080C6DE904CE64
:10049C0000F010F8DDF804E0DDE9022304B0704749
:1004AC00704700BF034613F8012B002AFBD1181A22
:1004BC00013870472DE9F04786468C460846089E61
:1004CC00154674461946002B40F0C1808542B2FA9D
:1004DC0082F245D94AB1C2F1200300FA02FC9540E0
:1004EC0094402EFA03F343EA0C0C4FEA154EA8B2D3
:1004FC00230CBCFBFEF80EFB18CC08FB00F943EAFE
:10050C000C43994528D9EB1808F1FF3704D29945CB
:10051C0002D9A8F102072B44A3EB0903A4B2B3FB45
:10052C00FEFC0EFB1C330CFB00F044EA0344A0421F
:10053C0014D92C190CF1FF3304D2A04202D9ACF11E
:10054C0002032C44241A43EA07401EB1D440002372
:10055C0034607360BDE8F0874746DDE76346F1E73A
:10056C0092BB431B01214FEA154EAFB2200CB3FBDB
:10057C00FEFC0EFB1C330CFB07F840EA03439845CA
:10058C0061D9EB180CF1FF3004D2984502D9ACF1CB
:10059C0002002B44A3EB0803A4B2B3FBFEFC0EFB3E
:1005AC001C330CFB07F744EA0344A7424DD92C1922
:1005BC000CF1FF3304D2A74202D9ACF102032C4454
:1005CC00E41B43EA0040C0E7C2F12003954094408D
:1005DC0020FA03F12EFA03F34FEA154E9040AFB216
:1005EC000343B1FBFEFC0EFB1C10190C0CFB07F8B3
:1005FC0041EA0041884522D969180CF1FF3004D238
:10060C00884502D9ACF102002944A1EB08019BB248
:10061C00B1FBFEFC0EFB1C110CFB07F743EA01437C
:10062C009F420ED9EB180CF1FF3104D29F4202D934
:10063C00ACF102012B44DB1B41EA004193E760461D
:10064C00E3E76146F7E76046A4E76346B8E7834211
:10065C0006D916B9002108467CE7C6E900E0F9E79F
:10066C00B3FA83F78FB9834201D3724508D8BEEB36
:10067C00020460EB030301209C461EB9002169E7CC
:10068C003846FAE7C6E9004CF8E7C7F1200CBB4046
:10069C000EFA07F522FA0CF42EFA0CF1BA401C43B0
:1006AC0020FA0CF3B8404FEA144901431FFA84FEB8
:1006BC00B3FBF9F809FB18300B0C08FB0EFA43EAF4
:1006CC0000439A4540D9E31808F1FF3004D29A450B
:1006DC0002D9A8F102002344A3EB0A0389B2B3FBAD
:1006EC00F9F809FB183308FB0EFE41EA03418E456D
:1006FC002CD9611808F1FF3304D28E4502D9A8F128
:10070C000203214443EA0040A1EB0E01A0FB029836
:10071C004145CE46434602D306D14D4504D201385D
:10072C00B9EB020E68EB0403002EA7D0B5EB0E025A
:10073C0061EB030101FA0CFC22FA07F3F9404CEAD5
:10074C000303C6E9003199E74046C5E74346D9E7BC
:10075C0013B50378032B19D0042B11D0002B2ED1F9
:10076C004368019300220023164801A909F0C9FA35
:10077C0018B30121019B144A144807F060FC1CE0DB
:10078C00134802B0BDE8104009F040BA114C124BAE
:10079C002068102100F0030003EB401004F08EFCE5
:1007AC00034638B101210D4A084802B0BDE810409B
:1007BC0007F045BC23680133236002B010BD032150
:1007CC00074AF1E76C04002004B600004CB00000AE
:1007DC00D4000020D00000207C150020DCB50000E7
:1007EC002AB600002DE9F041114D124E86B02F1D96
:1007FC004FF0FF324FF0FF33304601A905F018FAE5
:10080C00019B012402932023039302AB28680493D9
:10081C00059483683946D3F8008004AA0023C047A6
:10082C00031EE5DA2146044A044807F008FCDFE71A
:10083C00E40000206C04002041B600004CB0000025
:10084C0070B54C4C86B0206809F030FA40B94A4873
:10085C0001214A4A08F01FF96FF0120006B070BD72
:10086C00E06818B109F022FA0028F0D0444B03AC30
:10087C0093E8070084E8070000222146414809F06C
:10088C00B1F9404E054658B3034601213E4A3A4859
:10089C0007F0D5FB00220121D52001F0C5FE012077
:1008AC0004F048FB034640B3384A0121324807F0B4
:1008BC00C6FB3068364902AA00F5A07008F059FD55
:1008CC000346002846D00121324A2B4807F0B7FBDB
:1008DC004FF0FF304FF0FF3105F082FE0020BDE7F6
:1008EC004FF4FA71304604F07DFF0123024629468D
:1008FC003046009509F0A8F9CCE7072326480121DA
:10090C00038004F05DFB034608B1244ACDE7039055
:10091C00234BA08022460221012004F07BFB0346DE
:10092C0008B1204AC1E710211F4804F0C7FB034659
:10093C0008B11E4AB9E710211D4804F0BFFB03465D
:10094C0008B11C4AB1E704F0FBFB03460028B0D009
:10095C00194AAAE722461949194808F00AFD034624
:10096C000028B0D1029803F053FB039803F050FB1E
:10097C00AEE700BFE40000204CB0000060B6000001
:10098C0010B10000D400002075B6000091B6000034
:10099C0004500D506AB70000B0030020ADB6000043
:1009AC005D070000D5B600007C150020FEB60000E7
:1009BC009C15002022B7000046B7000000500D50D7
:1009CC0004510D502DE9F04F91B0009302F0040347
:1009DC000293C2F3C2030133840705460E46DDF8C9
:1009EC0068800392059340F0BB81041D30B1072948
:1009FC0009D86FF01B0011B0BDE8F08F01F00706AD
:100A0C003444C6F10806009B4FF000094FF0040A6D
:100A1C00591E4FF0FF334F460193CB465346CDF84A
:100A2C0010900DB1009A22600598002800F3E88020
:100A3C009848009A824203D397488242C0F0E080E3
:100A4C00039AA4EB050E92074FEA9E0000F1038176
:100A5C000F2F00F2B180002D00F0058107F140024C
:100A6C000DEB020C019A0CF8200C0CF8102C0498CD
:100A7C0001300490E7E07A285DD84B280ED847283F
:100A8C0059D829282DD8252852D054D820287AD0A6
:100A9C002338D0F1000B4BEB000B74E04C382E28B4
:100AAC0049D8DFE800F0704848484848484848486A
:100ABC0048484B484848484848484859484B4B597F
:100ACC005959704B6D487048184B184848827F4BE9
:100ADC0048484B487F0000204FF0000B4FF0040AB1
:100AEC0038E001222A38C0B202FA00F010EA0E0FE8
:100AFC0049D110F0625C2FD110EA020B43D0604652
:100B0C00013C5444B4FBFAF40AFB04F4002D61D00C
:100B1C00A3EB050CA444B4453FF66BAF002868D199
:100B2C00042B47D158F8043B2360042304342AE0F7
:100B3C00019A013A01924FF0000B24E011F8010CDC
:100B4C006C2834D1002011F8023C83466C2BC5D1A3
:100B5C004FF0080A5346D3E708F1070828F00708B6
:100B6C00073424F00704F8E802AB35B106982044AA
:100B7C00B0423FF63EAFC4E900AB4FF0000B083477
:100B8C004FF0080A534611F8010F002878D0BBF13A
:100B9C00000F7FF470AF2528F5D14FF0010B019BAE
:100BAC00013301934FF0040AECE7584694E7002018
:100BBC008346A5E7082B02D06FF015001BE708F160
:100BCC00070828F00708F8E80223C4E900230823E3
:100BDC000834D8E768B9042B02D108F10408A4E75B
:100BEC00082BE9D108F1070828F0070808F10808D4
:100BFC00EDE7059A013A059258F8042B009210E79C
:100C0C00039A900720D54FF0010CA4EB050E4FEA88
:100C1C009E00BEF5007FCFD20F2FCDD8F5B107F1D6
:100C2C0040020DEB020E019AC0B20EF8200C0EF829
:100C3C00102CBCF1000F3FF41AAF60F07F000EF8DF
:100C4C00200C09F101090137C5F108024FF6DA7ED3
:100C5C000434069297E74FF0000CDAE7BCF1000F72
:100C6C0001D00136EFE7029802360028EBD100984C
:100C7C00CDE90631FFF716FCDDE906310644E2E763
:100C8C00631BB3F5806F97D245B9A6F10804E01841
:100C9C00B1E600BFECA50000ECC10000029A9B0875
:100CAC0028602B709DF81030C2B1EB7085F8029063
:100CBC00B9F1000F05D0002208A8C5F1010C97422C
:100CCC000ED14FF0000AC5F101030DF1200801937C
:100CDC000DF1300B574512D1601B8CE66B70E5E7BC
:100CEC0010F8013B190608D50CEB040EB64503F0C1
:100CFC007F033FF67EAE04F8013B0132DFE7B9F12A
:100D0C00000F03D098F90020002A17DB029BD3B107
:100D1C001AF80B2004F8012B0022019B181910441F
:100D2C00B0423FF666AE98F80000009904F8010B4B
:100D3C002046039209F0BAFB039A14440AF1010A03
:100D4C0008F10108C6E798F8002055F82230009306
:100D5C00029B009845F82230FFF7A4FB421CDCE70D
:100D6C006FF00D0047E600BF2DE9F04F97B000AFD4
:100D7C00D7F880B03B62CBF3C0030446894690F8A9
:100D8C0002A0FA62BB6141B9457800780AEB800099
:100D9C0020444D4517D8A0EB0409E378FB61BAF168
:100DAC00000F02D01BF0010F16D1FB6953BBFB6A7D
:100DBC001BB1494620463A6A98474D4628465C374F
:100DCC00BD46BDE8F08F461C3046FFF76BFB01308B
:100DDC00304409F10109DCE7626823787A62FA6A27
:100DEC009900796104EB8301002A40F001810E46E1
:100DFC004FF000084D4601EB0A094E454CD101EB72
:100E0C000A0610E01BF0020FD1D023789A007A6109
:100E1C00626804EB83017A62FA6A002A77D14D4644
:100E2C00904601EB0A061BF0050F0CBF02230123B1
:100E3C00FB62FB6906EB430A0BF00203BB625645EF
:100E4C00BCD016F8021B16F8013C54F82390994BB1
:100E5C00994502D3984B994536D3BB69002B40D0AA
:100E6C00786A07F000FA00283BD0E9468AB06A4657
:100E7C00924B53617B6AC2E906314FF400731384C1
:100E8C008F4B42F8103F00234FF412518D4800F065
:100E9C0019FD023DCD46D2E716F8013BF96254F834
:100EAC002300FFF7FFFAD7F88430F96A01304BB111
:100EBC00D7F8883098453EBFD7F8843023F818000F
:100ECC0008F10108054498E7BB6923B1786A07F07B
:100EDC00CAF90028C9D11BF0010F05D1FB6AED1A24
:100EEC00ADE7BB6A002BAAD04846FFF7DBFAD7F870
:100EFC00843053B1D7F8883098453FBFD7F8842059
:100F0C00431C22F8183008F10108054497E7BAF1A0
:100F1C00000F73D01BF0040673D0D046002607F1E7
:100F2C00480052463B61B96209F0C0FAB96A3B69A4
:100F3C0001EB0A02BA62FA69F9695200FA60BA6AFC
:100F4C0002EB41023A610BF00202BA603A69B96AEB
:100F5C008A4258D162781BF0020F18BF00217A62C6
:100F6C0008BF4FEA5801B2181BF0010FD2B240F083
:100F7C009F801BF0040F14BF40460020BB616270C1
:100F8C00A070E17020463A6A7969FB6A9847051EA1
:100F9C00FFF614AFBB69414623707B6A3A6A6370F3
:100FAC00FB6984F802A0E37007F14800FB6A9847DC
:100FBC00B0F10008C0F2BA807B69A9EB0A01C91A2A
:100FCC00FB683A6AC91AD7E90A0398470028C0F2A5
:100FDC00AF804FF0000BA84408EB000507F1380A6E
:100FEC00B34571D300213A6A0846FB6A9847E5E697
:100FFC0056464FF0000807F1380092E75646D046A7
:10100C0096E7B04694E7BA6A12F8021B12F8015C34
:10101C00BA6254F82500274A904202D3264A9042DD
:10102C001ED3BA6932B1786A7B6007F01CF97B6811
:10103C0000288BD1BA6802BB08F1280207F1300CEA
:10104C0008F10100944407F1580208F1020852FA21
:10105C0080F00CF8101C5FFA88F800F8105C75E74B
:10106C00BA693AB1786A7B6007F0FDF87B680028B2
:10107C007FF46CAF1BF0010F09D006F1280207F1C9
:10108C003000711C161806F8205CCEB25EE71BF01F
:10109C00040F3FF45BAF08F1280207F1300008F1B0
:1010AC00010102EB000808F8105C5FFA81F84DE7CB
:1010BC00002063E7ECA50000ECC10000A5B7000020
:1010CC00040000015CB000001BF80A3054F82390B7
:1010DC0087F83730D7F884302BB3D7F888309B4556
:1010EC0021D2D7F8843033F81B8001213A6AFB6A8D
:1010FC0007F13700984700281ADB0544B8F1000FB8
:10110C0006D14846FFF7CEF900F101081FFA88F81E
:10111C00414648463A6AFB6A9847002808DB054472
:10112C000BF1010B5CE74FF00008DEE7454645E6A6
:10113C00054643E6014B1860704700BFFC000020D9
:10114C0080B505460E461746984605F09BFA0346B1
:10115C0009F03CFA0446DFF81890424649F8003092
:10116C0039463046A84754F8090001F0D1F900BFC0
:10117C00080000002DE9F047058B0446280790462F
:10118C0011D4022905F0070540F0CC80204607F069
:10119C000AFB78B10138218B042811D8DFE800F064
:1011AC00C2106D85950001290CBF45F0100545F066
:1011BC002005258388F31188BFF36F8FBDE8F08776
:1011CC0001F0070AAA4500F0A5800027B9463E4663
:1011DC00A368002B00F0BC8041F00801218388F348
:1011EC001188BFF36F8FA168002900F0BA800D68D9
:1011FC00002900F0B680334652462046D1F80480D0
:10120C00C047002D76D02B6829461D46F0E701F02B
:10121C0007035A1F012A1BD8002221F00701062BB5
:10122C00276889B2C4E9002209D13B4603E0628BEE
:10123C00013262831B68002BF9D141F00201204678
:10124C00218307F0B0FA00287AD041F0200176E033
:10125C00042B0AD121F0070189B22046218307F023
:10126C00A2FA10B141F020012183218B01F0070A71
:10127C00AA454FD00027B946AAE7236921F00701F8
:10128C0041F00601062DD3F8009021832DD1B9F140
:10129C00000F3FD041F00801218388F31188BFF380
:1012AC006F8F20463949C84729E021F0070123698F
:1012BC0041F0040189B2042DD3F804902183E6D0C7
:1012CC0000274FF0040A3E4682E721F0070123690C
:1012DC0041F0050189B2052DD3F808902183D6D0B1
:1012EC0000274FF0050A3E4672E700274FF0060A2A
:1012FC003E466DE72B4687E7B9F1000FD1D1EFF3EE
:10130C001188202383F31288BFF36F8F238B23F074
:10131C0008032383258BEA062ED525F0100323839F
:10132C0005F007056669218B002EBFF670AF002310
:10133C002768C4E9003321F0070141F00101218342
:10134C00218B4FF0000901F0070AAA457FF440AF4A
:10135C00002F9CD041F00801218388F31188BFF342
:10136C006F8F002FC8D03D68394633465246204611
:10137C0007F045FA2F46F4E7AB067FF51BAF25F0D7
:10138C002003238305F0070500E700BF3788000022
:10139C002DE9F047044607464FF00109DFF850806D
:1013AC0014B93846BDE8F08794FAA4F5B5FA85F57A
:1013BC0009FA05F32E0108EB05156FEA030A24EA76
:1013CC0003042B7B002BEBD058F806301B694BB970
:1013DC004644736804222846196807EA0A0707F08E
:1013EC00EAFADDE7284698470028D9D1F0E700BF94
:1013FC00B4B0000030B5002289B00F490F4808F096
:10140C00AEFD002200230024CDE906230E230C4D53
:10141C00CDE903344FF440722846CDE90144094B21
:10142C000949009404F03CFE0849284604F0C0FD2C
:10143C00204609B030BD00BF5D140000480A0020F2
:10144C008005002075170000281E002059B80000E8
:10145C00014804F019BD00BF940400202DE9F047A9
:10146C00804621480F4607F08AFA0646002833D0FA
:10147C0000252846BDE8F087237B83B12368DB6811
:10148C000BB120469847636883F8069023681B6964
:10149C00D3B9636804222046196807F08CFA013628
:1014AC0010345445E8D3B8F1000FE2D0002DDFD052
:1014BC002846FFF76DFF0546002FF7D0002140F2BC
:1014CC00391005F08DF8F1E7204698470028E0D058
:1014DC0009FA06F31D43E2E705464FF00109034CF8
:1014EC00DFF80CA0DDE700BF580D0020B4B0000001
:1014FC00C4B00000014B53F8200070476CB10000E1
:10150C0008B5034608462BB1044A136000F070FC82
:10151C00002008BD6FF01500FBE700BF00010020A4
:10152C0010B5044C237813B9034804F0ADFC012327
:10153C00237010BDFC1500209404002010B5044647
:10154C00094807F01CFA3CB1084BD3E8EF1F0139EE
:10155C00C3E8E21F002AF8D1054808F00CFDBDE8ED
:10156C001040044804F090BC500D0020540D002095
:10157C00480A00209404002000200146034BD3E8C5
:10158C00EF0FC3E8E21F002AF9D17047500D00207D
:10159C0070B5FFF7F1FF0546074C084EB44200D377
:1015AC0070BD63685B792BB123685B6813B1294606
:1015BC00204698471034F1E7B4B00000C4B00000E6
:1015CC0010B5044C0449204606F086FF034B1C6002
:1015DC0010BD00BFCC03002058B10000480D002006
:1015EC0000230D4A10B513700C4A0D4913600D4AB7
:1015FC000D481360FFF784FFFFF7E2FF0B4B0C491C
:10160C0018468B4200D310BD1A1A5C6812110132B5
:10161C0022711033F5E700BFFD150020500D00209E
:10162C0040420F00540D002087890000B4B0000028
:10163C00C4B00000014600220023014806F06DBF33
:10164C00CC030020014807F006B800BFCC030020F3
:10165C00024B0146186807F052B800BF480D002035
:10166C00014807F087B800BFCC03002070B5274BAA
:10167C001878002849D0FFF7E5FF0546002841D12E
:10168C00234B244C1B68002B19DD08F066FC4FF42F
:10169C007A75A0FB050647F61222002305FB0161B3
:1016AC00FEF7E6FED4E90032C01A40F2E93361EBF2
:1016BC000201984271F1000101D3FFF769FFD4E9EF
:1016CC00003213F57A7342F10002C4E90032BDE82E
:1016DC007040FFF7C5BF63685B7923B12368294667
:1016EC0020461B6898471034B442F4D32846FFF7C1
:1016FC00AFFF094BD3E8EF1F0139C3E8E21F002A03
:10170C00BED0F7E7054C064EEEE770BDFC15002089
:10171C00500D0020400A0020540D0020B4B00000F1
:10172C00C4B0000070B50D4D297861B90120FFF7E8
:10173C0095FE0B4C0B4EB44206D3FFF797FF0028D7
:10174C00FBD101232B7070BD63685B791BB12368DF
:10175C0020469B6898471034EDE700BFFD1500202C
:10176C00B4B00000C4B0000000212DE9F0470846D9
:10177C00FFF774FE044658B340F21B684FF00009A3
:10178C0008F024FF1B4B1C4A1B58136033B11B4B36
:10179C001B68092B02DD1A4804F076FB0025194F53
:1017AC00DFF85CA044B12046FFF7F2FD044618B9FF
:1017BC004FF0FF384FF0FF39FFF758FF064628B9B6
:1017CC00B5B942464B46504604F092FB3546E9E724
:1017DC004FF0FF384FF0FF39D2E72B689B691BB1F4
:1017EC0000222846114698471035BD42F5D3E8E74C
:1017FC00054DFAE7080000004C0D0020540D0020A8
:10180C0094040020C4B00000B4B0000013B5184814
:10181C0007F0B5F8174B1B7873B1EFF31184202345
:10182C0083F31288BFF36F8FFFF720FF84F31188C7
:10183C00BFF36F8F02B010BD0F4B1B68002BF9D09C
:10184C0050B9002200230D48CDE9002347F612229F
:10185C00002305F023FAEDE70928EBD1074808F03F
:10186C008AFB074802B0BDE8104004F00DBB00BF76
:10187C00540D0020FD1500204C0D0020480A0020BE
:10188C009404002010B5064B04461B68984721466B
:10189C00A060044806F0C0FEBDE81040FFF7B6BFDC
:1018AC0000010020CC030020044A054B9B1AB1EB2D
:1018BC00D30F34BF52F83100002070474CB00000F9
:1018CC00B4B000002DE9F04F8FB0C1F34A2804AF3B
:1018DC000D469146B8607B600C0DB8F1000F63D0DB
:1018EC0000264FF0040B4FF00A0A07F11403C7F857
:1018FC000C80C7E907667E620193CDF808B0CDF87D
:10190C0000A007F11C0332464846F968FFF72CFA91
:10191C00B0F5006F03461CD36C468AB0D9F804109E
:10192C0004AB26481A46C3E9050140F2FF71D961A0
:10193C004FF400711984224B42F8103F4FF41251AE
:10194C0033462048FFF7BEFFA5462C37BD46BDE801
:10195C00F08FC0F30A0804F11700184420F00700B8
:10196C0080083B60FFF766FE68F35325044690B190
:10197C003B6800F11001C7E9083607F11403F9615F
:10198C00CDE900A3CDF808B048460F4AF96807F135
:10199C001C03FFF7E9F968F353252A4620467B68B8
:1019AC00B96807F028F8D0E704F1170020F0070019
:1019BC008008FFF73FFE0446EDE700BF6EB800005D
:1019CC000400000174B00000D58900002DE9F04F2F
:1019DC0087B00446DDE9105ADDE912799346984642
:1019EC000391BFB13B46524610210020CDF8009028
:1019FC00CDF81490FEF7E6FFB0F5006F06460AD35B
:101A0C0040F2FF730221174A174807B0BDE8F04FA8
:101A1C0007F04AB83E4605F11700304420F00700A5
:101A2C008008FFF707FE04F007040BF0070BE40037
:101A3C0044EA8B1444EA462444EA0554054640B172
:101A4C003FB13B4652463146CDF800901030FEF780
:101A5C00B9FF434622462846039907B0BDE8F04F2C
:101A6C0006F0C9BFADB8000074B00000406820B1EA
:101A7C00034BC01A40F3CF0070474FF0FF30704754
:101A8C004CB000000EB403B503AB53F8042B014665
:101A9C000448019301F074F802B05DF804EB03B054
:101AAC00704700BFFF8A0000CA0605D48B064CBFE6
:101ABC0002490349FFF7E6BF704700BFE6B80000D4
:101ACC00E5B800002DE9F04F89B09B46149B9DF8BA
:101ADC004CA00693159B04460593169B0D46904609
:101AEC00179E0493BAF1000F00F09D8006F48073EA
:101AFC00079306F05EFF06F00209024600283ED06E
:101B0C0020469149FFF7BEFF0746B9F1000F08D0F8
:101B1C0016F0440F35D12A4620468C49FFF7B2FF08
:101B2C00074406F0010353B1894B204653F82A2091
:101B3C00884B8949002A08BF1A46FFF7A3FF06F411
:101B4C008073002B49D006F00803002B63D1B8F149
:101B5C00000F66D0424620468049FFF793FF0546AA
:101B6C00069B3D44002B6DD1049B002B73D1F307D6
:101B7C0000F1E48031462046FFF796FFD8E0074697
:101B8C00C3E7774B18680028CAD0764B4FF47A79A4
:101B9C001B684FF03C0CB5FBF3F5B5FBF0F14FF4C3
:101BAC00616300FB115509FB05F5B1FBF3F2B5FBC5
:101BBC00F0FE03FB121100FB1E55B1FBFCF309FBFD
:101BCC0005F5B5FBF0F50CFB131120460091CDE9A2
:101BDC0001E56549FFF756FFA2E706F00803EBB1F4
:101BEC00624B204653F82A206149FFF74BFF05460C
:101BFC00B8F1000F05D0424620465849FFF742FF86
:101C0C000544BBF1000FABD05A4620465949FFF7AB
:101C1C0039FF0544A4E74FF0000BE1E706F0080597
:101C2C00E6E745469CE7BBF1010F069B06D1002B6E
:101C3C0064D1049B002B7BD000250CE0002BF8D04A
:101C4C004D485CE04D48069B22464D4906F0DAFAB9
:101C5C00049B002B68D0DFF82C81DFF82C91049FBB
:101C6C003146102F204628BF10274FF0000BFFF7EE
:101C7C001BFF5D4545DC059B494620461A78FFF75E
:101C8C0001FF4FF0010B1BF0070F03D1414620461B
:101C9C00FFF7F8FE5F453BD9059B4946204613F8F4
:101CAC000B20FFF7EFFE0BF1010BBBF1100FEAD18C
:101CBC004FF0000B20463549FFF7E4FE5A46059BD2
:101CCC0020469A5CA2F120015F2928BF2E223049C0
:101CDC00FFF7D8FE0BF1010BBBF1100F1DD01BF061
:101CEC00070F03D141462046FFF7CCFE5F455A460D
:101CFC00E5D841462046FFF7C5FEEBE71F485546A1
:101D0C00A1E741462046FFF7BDFE0BF1010BB0E702
:101D1C0020462049FFF7B6FEC5E7059B3B440593DB
:101D2C00049BDB1B04939AD1BAF1000F7FF41FAF15
:101D3C00204609B0BDE8F04F06F0CEBE2046054A5D
:101D4C000549FFF79FFE15E7EDB80000F1B800005C
:101D5C007CB10000E8B80000CDBF000016B900004F
:101D6C00600D00205C0D0020FAB8000090B100005E
:101D7C001AB9000020B900002D8B0000FF8A00006A
:101D8C008D2B00002DB9000025B900002FB90000E3
:101D9C0031B900002BB9000042F20F7373B58B42BE
:101DAC0028BF0B4605680446052168460D4A05F018
:101DBC00BFFE0646636828460B225B680A4906F09C
:101DCC007DFE63683246694628465B6806F076FEFF
:101DDC0063681B2228465B68044906F06FFE02B05C
:101DEC0070BD00BFA4BA000050B9000034B90000A7
:101DFC0000210123064A904206D8064A01B9012364
:101E0C001360054B18607047012140085B00F2E736
:101E1C0040420F005C0D0020600D0020F8B50D460F
:101E2C000446064F4618B44201D12846F8BD14F8B2
:101E3C00011BBB6801485B689847F4E7ECA60000FF
:101E4C00014B036000207047D8B1000008B504486E
:101E5C0006F030FABDE80840024806F02BBA00BF85
:101E6C0096B90000CBB9000008B50348034A00211D
:101E7C00121A06F0D1FE08BDC00400202416002062
:101E8C00074808B5074A0849121A06F0C7FEBDE80C
:101E9C0008400648064A0749121A06F0BFBE00BFA2
:101EAC0040000020BC040020ECC1000040000020D9
:101EBC0040000020ECC100002DE9F04706460C461E
:101ECC0000AF002936D0D1E90012E9468AB06D4640
:101EDC00A3684FF0050AA8461F48C5E90723C5E9C2
:101EEC00050148F810AF002342464FF421511B481E
:101EFC00FFF7E8FCD4E90312CD466369AD461848F8
:101F0C00C5E90723C5E90501C5F810A00023424621
:101F1C004FF421511148FFF7D5FCCD46E36901215F
:101F2C00104A0E4806F0C0FDA36901210E4A0B4869
:101F3C0006F0BAFD012E07D1EFF305830B4A3146AB
:101F4C000648103B06F0B0FD2146304603F07AFC03
:101F5C00BD46BDE8F08700BFF9B9000094B00000A1
:101F6C0028BA000057BA000066BA000094BA000004
:101F7C0030BFFFF7FDBF00BF2DE9F04105460B4E0A
:101F8C00DFF82C80324606EB0807CC1B20460949AB
:101F9C0008F08CFAA01942460021083C08F093FA8C
:101FAC00C5F8B44007F10800BDE8F081000000005E
:101FBC000400000008B10000054B5A699B689A4266
:101FCC001FBF044A536843F080535360704700BFEF
:101FDC000C0F002000ED00E070B52A4C06460D46B3
:101FEC0029482A4906F027FEA36ADB0647D526486E
:101FFC00274906F020FE1120A36A1C0704D52248AD
:10200C00244906F018FE12201E4CA36A990712D51B
:10201C0021491D4806F00FFE636BA26A120609D512
:10202C0001211E4A184806F03FFD1EB1A36A23F099
:10203C008003A3621320134CA36ADE0704D5124855
:10204C00174906F0F8FD1420A36A9C0604D50E4827
:10205C00144906F0F0FD15200A4B9A6AD10658BFB8
:10206C009A6A9A6A920642BF5A6A22F400525A62DB
:10207C009A6A42F0FF029A6200232B7070BD102006
:10208C00BAE700BF00ED00E094B00000A7BA000072
:10209C00BDBA0000F0BA000003BB00001BBB00007F
:1020AC0031BB000050BB000010B5244C244925481E
:1020BC0006F0C1FDA36A99013ED52248224906F0DB
:1020CC00BAFD1E20A36ADA0104D51E481F4906F08A
:1020DC00B2FD1F20194CA36ADB0204D519481C4918
:1020EC0006F0A9FD0220A36A1C0304D51548194962
:1020FC0006F0A1FD2120114CA36A590304D5114807
:10210C00154906F098FD2220A36A9A0304D50D48C0
:10211C00124906F090FD2320084CA36ADB0304D57A
:10212C0008480F4906F087FD2420A36A6FEA034391
:10213C006FEA1343A36210BD1D20C3E700ED00E05E
:10214C007FBB000094B0000097BB0000AABB00004E
:10215C00C4BB0000EEBB00000CBC000031BC000096
:10216C004BBC000070B5294C06460D462848294941
:10217C0006F061FDA36AD9043CD52548264906F032
:10218C005AFD1720A36A1A0504D52148234906F0E5
:10219C0052FD18201D4CA36A9B0512D51C482049E2
:1021AC0006F049FDA36BA26A100409D501211D4A52
:1021BC00174806F079FC1EB1A36A23F40043A3620E
:1021CC001920124CA36A590504D51148164906F07A
:1021DC0032FD1A20A36ADA050ED50D48134906F014
:1021EC002AFD1B20094A936A43F47F439362002320
:1021FC002B7070BD1620C5E7A36A9B04F2D504486A
:10220C000B4906F018FD1C20ECE700BF00ED00E0C8
:10221C0094B0000076BC00008CBC0000F0BA00004A
:10222C009DBC0000B6BC0000CBBC0000E6BC0000AE
:10223C0050BB00002DE9F0418AB0654B0446D3F841
:10224C000480002600AFC8F3080586F31188BFF39D
:10225C006F8F02F07F43B3F17F4F07D102F00C0375
:10226C00082B12D15B495C4806F0E5FC002634468D
:10227C000023FB71EB1E092B00F28980DFE803F0D1
:10228C000A7F827B87878787878510074CBF0C4620
:10229C000126EDE75149504806F0CDFC00234C4D8A
:1022AC00FB71EB6A9A0705D54D494B4806F0C3FC08
:1022BC00002331E0EB6A002B01DA4A49F5E7EB6ABF
:1022CC005B00F5D54849444806F0B5FC6B69A2693A
:1022DC0043F480736B61BFF34F8FBFF36F8F6B69E8
:1022EC0032F8022C23F480736B61BFF34F8FBFF372
:1022FC006F8F4DF602739A4207D0AB6ADBB26BB3A9
:10230C000120F91DFFF768FE37E023680121374AE9
:10231C00314806F0C9FB2368FA79DAB907F10805E8
:10232C0004F1200C2A4620686168083403C2644515
:10233C001546F7D17A6A002E45D0C2F3080121B9AF
:10234C006FEA52226FEA42227A62184607F10801BC
:10235C00FFF7B2FD2837BD46BDE8F081AB6A13F438
:10236C007F4F04D00120F91DFFF7FCFE05E0AB6A9E
:10237C00B3F5803F9CD3FFF797FE0346CCE70020D4
:10238C00F91DBFE70020F91DEEE719498DE7194A41
:10239C0018F4F87FE8468AB0174B18BF13466A4604
:1023AC001649103DC2E905134FF400731384144B06
:1023BC00D56142F8103F00234FF411510648FFF746
:1023CC0081FAC54674E722F4FF7222F00102BBE7E2
:1023DC0000ED00E02CBD000094B0000057BD0000E3
:1023EC006EBD00008FBD00009DBD0000BCBD000097
:1023FC00D8BD000013BD0000FEBC0000FCBD0000F9
:10240C0004000001064B5A6942F010025A615A69E5
:10241C0042F480625A615A6922F008025A6170478C
:10242C0000ED00E0EFF30880EFF3098101B572468F
:10243C00FFF700FF01BD00BF002080F31488BFF33D
:10244C006F8F002080F30A8880F30B88104880F38C
:10245C00088800200F49087001F08CFC00200E4900
:10246C000860BFF34F8F00F02DF8202080F3118807
:10247C000A484FF40061401880F30988EFF3148088
:10248C000221084380F31488BFF36F8F00F0F0F83B
:10249C00682E00202216002094ED00E02821002058
:1024AC00002318460649D1F89020C2F30722934224
:1024BC0000DB7047C1F89830C1F8A0000133F6E793
:1024CC0000ED00E010B572B6002484F31388FFF71A
:1024DC00E7FF23464FF0FF300C4A03F12001013394
:1024EC00102B42F82100F8D100234FF0FF30074A9F
:1024FC0003F160010133102B42F82100F8D162B6D0
:10250C00BFF34F8FBFF36F8F10BD00BF00E100E032
:10251C00084B9B6883420BD1EFF3058343B1064B09
:10252C005A6842F080525A605A6A22F400425A6247
:10253C0004F0AEB80C0F002000ED00E016498A68DC
:10254C004FF030001044EFF3098C80E8F01F20208E
:10255C0080F31288BFF36F8F104F4FF000664A69FB
:10256C008A603E60D2F8B4000D4C2060D2F8B800FE
:10257C000023C2F8B83080F3118802F1300090E8E3
:10258C00F01F8CF3098802F1000004B506F05BFB28
:10259C00BDE80440704700000C0F002004ED00E083
:1025AC00880D00201EF0040F0CBFEFF30880EFF332
:1025BC000980816911F8021C0229FFD001B572460D
:1025CC0006F02EFB01BD00BF00B2002807DB012383
:1025DC004109034A00F01F00834042F82130704744
:1025EC0000E100E000B200280CDB0122064943099F
:1025FC0000F01F008240203341F82320BFF34F8F9F
:10260C00BFF36F8F704700BF00E100E0054B42093C
:10261C0053F82220012300F01F0003FA00F01040B1
:10262C00704700BF00E100E000B2002801F1010199
:10263C00ACBF00F16040064B4FEA4111C9B2ABBFD1
:10264C0000F5614000F00F0080F80013195470473A
:10265C0014ED00E0044B054A23F07F039360BFF3B5
:10266C004F8FBFF36F8F70470000000000ED00E04C
:10267C0008B5FFF7EFFF074AD2F8883023F4700350
:10268C00C2F88830FFF7F0FBFFF7FAFB00F048F8D0
:10269C0003F0FCF900ED00E042F8203C009B0B49F4
:1026AC0042F81C3C019B21F0010142F8183C029BB2
:1026BC0042F8081C42F8143C4FF0807342F8043C7A
:1026CC000023203A0265C0F8B83070474D11000065
:1026DC0000B50E4B15469860D0F8B4200C4B0E4646
:1026EC001A60D0F8A43083F30B882C4686F3098843
:1026FC000020044B98472046002100220023024C66
:10270C0020470000638C00004D1100000C0F0020CE
:10271C00880D00201022014B1A61704700ED00E07B
:10272C000023202040F20F1210B5044CE1180133A5
:10273C00934281F80003F9D110BD00BF00E100E025
:10274C0008B5EFF30583064A103B02EBC30152F8C0
:10275C00330049688847BDE80840FFF72DBC00BF2F
:10276C004CA700001FB5094C094A23460121094812
:10277C0000F012F900230393074B0121E41A01A87E
:10278C000193029400F012F904B010BD00F0022085
:10279C0000000020D8B10000C004002010B50C7A55
:1027AC000B6804F01F0223F01F031A43CB68640963
:1027BC0023F01F03054943EA440343F00103C1F826
:1027CC009800C1F89C20C1F8A03010BD00ED00E0CD
:1027DC0010B50A4BD3F89030C3F30723013B984252
:1027EC0008D901210346064A064806F05DF96FF048
:1027FC00150010BDFFF7D2FFFBE700BF00ED00E0B6
:10280C0013BE00008CB000002DE9F04F8946144631
:10281C0006464FF00008514D85B0C84527DAD6F86A
:10282C0004A0BAF1000F44D0BAF11F0F17D91AF057
:10283C001F0F14D1D6F800B01BF01F0F0FD1584644
:10284C0006F02CFA07460AEB0B00013806F026FAC4
:10285C00874210D06FF01507414A3B4601E04346D2
:10286C00404A0121404806F01FF96FF0150420463C
:10287C0005B0BDE8F08F17F1160FEDD0BC42EBDDC3
:10288C00C5F89870D5F89C10C5F89870D5F8A0309C
:10289C0021F01F0143F01F0BD6E900321A44994274
:1028AC0002F1FF3A1DD1D34507D13146F8B206F0FB
:1028BC00FEF908F101080C36AFE73146C5F89870FF
:1028CC00D5F89C3022F01F0203F01F031343C5F808
:1028DC009C30E0B206F0EBF910F1160FC5D0441C99
:1028EC00E7E7C5F89870D5F8A020013B23F01F034B
:1028FC0002F01F021343D3453146E0B2C5F8A030B5
:10290C00E8D006F0D4F910F1160FAED0C5F89870D7
:10291C00D5F89C209DF808300BF1FF3B62F30403C3
:10292C008DF80830D5F8A0309DF808205B0863F3CB
:10293C0047128DF80820D6E900321344009323F097
:10294C001F035B44A3EB0A03013023F01F0369460A
:10295C00C0B20393FFF73CFFBEE700BF00ED00E001
:10296C005CBE000039BE00008CB000000522044B98
:10297C00C3F89420BFF34F8FBFF36F8F704700BF26
:10298C0000ED00E0BFF35F8F0022024BC3F89420F0
:10299C00704700BF00ED00E010B5034C2278FFF744
:1029AC0033FF207010BD00BFFF1500202DE9F74F3D
:1029BC00294D8A4606464FF00008AB46274FD045B6
:1029CC001BDAD6F80490B9F1000F3FD031680846F5
:1029DC00019106F063F90199044609EB01000138F5
:1029EC0006F05CF984424FF014021D4B08D002FB38
:1029FC0008F36FF015024BF8032003B0BDE8F08F1D
:102A0C0014F1160F2C60F8D01978A142F5DD02FBF9
:102A1C0008B0C7F89840C7F89840D7F89C4000F128
:102A2C000801007B64F304000871D7F8A0000C794E
:102A3C00400860F347140C71D7F89C1021F01F016B
:102A4C006960D7F8A01021F01F01296108F1010875
:102A5C0014350C36B3E700BF8C0D002000ED00E000
:102A6C00FF150020F0B54149414CD1F89030256854
:102A7C00C3F307239D4287B075D80020FFF782FF70
:102A8C003C4BC1F8C030854216D13B4C01A8257097
:102A9C00FFF7D6F900250646384FAE4213D1002079
:102AAC0023783249D1F89020C2F30722934254DBA9
:102ABC00FFF75CFF00202FE0616801EB0011FFF7CE
:102ACC006DFE0130DFE70199280101EB0513DA688F
:102ADC003A40B2F5001F21D0B2F5800F2BD0B2F5E1
:102AEC00801F38D15A689B680958013B22F01F009F
:102AFC0003440120844623F01F0340EA4C10CDE927
:102B0C0002218DF8100002A920780593FFF760FED2
:102B1C0000281DDA6FF0150007B0F0BD5A689B68ED
:102B2C000958013B22F01F0003444FF0020C012016
:102B3C0023F01F03E1E75A689B680958013B22F018
:102B4C001F0003444FF0000C062023F01F03D4E7B2
:102B5C0023780133237001359FE7C1F89830C1F811
:102B6C00A00001339EE74FF0FF30D5E700ED00E009
:102B7C00E4B10000AAFF4400FF1500200000F0FFA4
:102B8C00F0B587B007460E46144600211022684661
:102B9C001D4607F098FC02238DF80230054B2A469F
:102BAC0021466846CDE90476019304F0EDFF07B0A9
:102BBC00F0BD00BFED8C000008B5024B1B689847B8
:102BCC00002008BDA00D0020034B044A1860937828
:102BDC0043F0020393707047A00D00200C010020FD
:102BEC0008B50649064821F00701C1F1005202F56B
:102BFC003C3205F0AFFA002008BD00BF7F2E00204C
:102C0C00A40D002008B5234A234B1A6000F0A4F849
:102C1C004FF47A612148D0F82436C3F30802C3F389
:102C2C0009434B4382F480721D49883201FB023305
:102C3C004FF4FA215B00B3FBF1F201FB123319499B
:102C4C00B3F57A3F28BF0132C1F80429D0F82036F9
:102C5C004FF47A60C3F30802C3F30943434342F2CF
:102C6C001C5082F4807202F2172200FB02334FF4E4
:102C7C007A701B0AB3FBF0F200FB1233B3F5FA7F48
:102C8C004FF0010328BF0132C1F81C27C1F80036F0
:102C9C00002008BD0020A1073803002000C0FF0061
:102CAC00F82A00800000125048B1054B054A1B68F9
:102CBC00B3FBF2F35843044B43F00103184770473E
:102CCC003803002040420F0040B1000010B501F065
:102CDC00E9F9204C206001F0E1F9606001F0E6F9BF
:102CEC00FF21A060002001F0E5F96FF07F41012089
:102CFC0001F0E0F94FF6FF71022001F0DBF90F2132
:102D0C00032001F0D7F9FF21042001F0D3F94FF68D
:102D1C00FF71052001F0CEF9FF21062001F0CAF960
:102D2C000F21072001F0C6F90321002001F0CAF998
:102D3C003F21012001F0C6F93F21022001F0C2F928
:102D4C000321084601F0BEF9204601F0A5F8002049
:102D5C0010BD00BFB00D00200122024BC3F80424AB
:102D6C00704700BF002008E0084B70B5C31A0D4631
:102D7C0007499B10044659434022064805F0C4FFFE
:102D8C002B4601462046BDE870401847D00D002068
:102D9C00B76DDBB66CA60000402373B50B4C0093EB
:102DAC00041B0B460D460A49A41061430646094A0A
:102DBC00094805F0D4FF011E05DA30462B4602B057
:102DCC00BDE87040184702B070BD00BFD00D0020A8
:102DDC00B76DDBB6D38D00006CA60000F8B50022F1
:102DEC000121054640F20510FFF71EFC0F4801F0CB
:102DFC0077F90446B8B901F093F92F690C493846B4
:102E0C0005F020FD031E09DB01263E642D690849EF
:102E1C0005F11C0005F016FD031E02DA1C462046C7
:102E2C00F8BDEE64FBE76FF00404F8E7F38D0000E7
:102E3C000CB200001FB500220123CDE902236B4622
:102E4C00084ACDF800D0CDF804D005F0B5FF002825
:102E5C0005DB43F609520023684603F049F805B038
:102E6C005DF804FBE58D000010B5EFF31184202311
:102E7C0083F31288BFF36F8F074A136823F00201A4
:102E8C00DB07116002D4012006F09CFA84F3118850
:102E9C00BFF36F8F10BD00BF200E00200C22104B13
:102EAC00014602FB0033002030B4D3E90E52986384
:102EBC00EFF31180202484F31288BFF36F8F1C6C06
:102ECC0004F0C00444F002041C6480F31188BFF3C6
:102EDC006F8F1DB12B4630BC0248184730BC704771
:102EEC00D00D00206CA6000010B4EFF3118220234B
:102EFC0083F31288BFF36F8F1648016841F0020408
:102F0C000460C80707D482F31188BFF36F8F0120C8
:102F1C0010BC06F04FBA1049D1F80C14C903F2D505
:102F2C00EFF3118083F31288BFF36F8F0B490B6C97
:102F3C0003F0C00343F002030B6480F31188BFF36A
:102F4C006F8F82F31188BFF36F8F002010BCFFF7D7
:102F5C00A5BF00BF200E002000E01050D00D0020B7
:102F6C002DE9F041012207463449D1E8EF3FC1E891
:102F7C00E02F0028F9D133B9314932484B60CB608E
:102F8C008A6005F072FC7B1E012B28D8012F06D11C
:102F9C002D4BD3F8503403F00303012B1FD006F054
:102FAC00CBFE0546E8B9294B1B78D3B10422064663
:102FBC00254BC3F80823244CDFF89480D4F84C2418
:102FCC00D4F84C34D20315D503F00303012B01D0F4
:102FDC00012F0FD165B386F31188BFF36F8FBDE856
:102FEC00F081EFF31186202383F31288BFF36F8FE8
:102FFC000125E0E7BDB1304605F041FED4F8403480
:10300C0013F0FF03DAD1D4F80821002AD6D0C4F883
:10301C000831D4F8083120220123C4F84034C8F810
:10302C00A0212361CAE70021202003F0D9FAE5E7AB
:10303C000422054BC3F80423D1E700BFCC0D0020BC
:10304C00BC0D0020EC0D002000E0105022160020DA
:10305C0000E100E008B5074806F028FE38B1064844
:10306C00FFF7B2FD0448FEF765F8002008BD6FF0CD
:10307C001200FBE7ECA60000893000000A2838B5E6
:10308C000446074D04D1AB680D2128465B68984770
:10309C00AB6803485B68E1B29847204638BD00BF77
:1030AC00ECA600002DE9F04340F206354768D00647
:1030BC0048BF4FF0030C3B7C02EA050558BFC2F336
:1030CC00401C87B001F01F06B5F5837F144646EA15
:1030DC0043168DF803C046D00DD8062D45D005D823
:1030EC00A5B1022D12D06FF0150039E0B5F5807F37
:1030FC00F9D101250AE040F20222954237D0B5F50C
:10310C00407F36D0B5F5007FEDD104250123220395
:10311C0003FA01F12FD57B685960B86880BB5F2E2C
:10312C0006F01F034FEA561173D83C4A52F821207F
:10313C0084F4803102EB8302D2F88030C1F3004179
:10314C00C4F3404423F4706344EA410423F00F03B6
:10315C001C4344EA8C0444EA0524C2F88040002055
:10316C0007B0BDE8F0830925D0E70825CEE7062592
:10317C00CCE70525CAE7630344BF7B689960CCE7BD
:10318C0031460DF1020206F008FB14F4403F804674
:10319C000CD13146B86806F019FBB8F1000FDED13E
:1031AC009DF80210B86801F04DFAD8E74FF000090D
:1031BC0001ABCDE90199CDE90439CDF80C9031463C
:1031CC00B86803AA06F02DFA4845C8DB14F400339E
:1031DC0014D09DF8033084F48034C4F300448DF88B
:1031EC000E308DF80C508DF80D404B463146B868BA
:1031FC0003AA01F075F90028CFDAB0E7CDE9043362
:10320C000DF1030303933146B86803AA06F009FADB
:10321C00F1E7203350F82330FFDE00BF30B200005E
:10322C004209022A034670B503D0012A18D0CAB14C
:10323C0070BD0E4E326951680029F9D0012503F09A
:10324C001F030C689D400029F2D08A682A4002D0E6
:10325C0030464B6898473CB1236821461C46F2E740
:10326C00034EE7E7034EE5E72346F6E7CCA600005E
:10327C00ACA600008CA6000038B54568A868C0B1A3
:10328C0006F09EFA0146A0B9A86801F0A3F904461D
:10329C0088B902460949A86806F07CFA2246012141
:1032AC00DB20FFF7C1F92246012140F20D10FFF798
:1032BC00BBF9002038BD6FF00400FBE72D32000095
:1032CC00F0B545681646A8682A7C01F01F0487B043
:1032DC0044EA4214002868D0B6F5001F04D12146F8
:1032EC0006F0C8FA002051E00020B6F5800F01AAC4
:1032FC000190506039D1B3F1007F14BF0523042332
:10330C008DF804300023CDE904230393EB680DF111
:10331C00030723FA01F111F0010139D1B6F1A07FB5
:10332C0036D104F01F035F2C4FEA541003F1200335
:10333C003ED8214A52F8202052F82330DB0727D4FC
:10334C003A462146A86806F028FA163018D002979B
:10335C002146A86803AA06F064F9002816DB0122AE
:10336C002146A86806F034FABCE7B3F1C06F05D06B
:10337C00B3F1007F14BF01230223C1E70323BFE78E
:10338C003946A86801F068F90028E0DA07B0F0BD0A
:10339C003A462146A86806F000FA0028D8D19DF8D4
:1033AC000310A86801F04EF9D2E76FF08500EDE745
:1033BC0051F82330FFDE00BF30B20000036803F089
:1033CC001F025F2B02604FEA53129ABF024B53F855
:1033DC0022000020704700BF78B200002DE9F04FAA
:1033EC001546074640F2FF19DFF868A1DFF868B10F
:1033FC0085B000EB8101B94203D1002005B0BDE8D6
:10340C00F08F3A68C2F3C323082BC2F3080400F20E
:10341C009E804C4508BF4FF0FF34B2F1D05F1AF8D4
:10342C0003804FEA126310D2192B12D8DFE803F095
:10343C0014226461292F6111111111111111111133
:10344C0011111111111167717477382B6AD04E2B31
:10345C0052D06FF08500D1E7C5F80446601C14D03B
:10346C00012603A80394FFF7A9FF039B06FA03F3B5
:10347C00436004E0C5F80C46621C06D000263246B8
:10348C0013E0631CC5F800465FD10437B3E7661C34
:10349C00C5F80446F9D0012603A80394FFF78EFF64
:1034AC000122039B02FA03F383603B68039403F449
:1034BC000040002818BF002203A818BF0126019362
:1034CC000092FFF77BFF039C019B00EB8400D0F87C
:1034DC008040C3F3412C009A4FEA082343EA8C0343
:1034EC00134304EA0B04234343EA4603C0F8803039
:1034FC00CBE7C5F80846BFE7C5F81046AEE7C5F8F8
:10350C006045621C3B68C0D0C3F30043002BC2D0A3
:10351C00A6E7C5F86445F4E7C5F86845F1E7C5F8D2
:10352C006C45EEE703A80394FFF748FF039B00EB01
:10353C008300D0F8803023F0E04343F08043C0F8A0
:10354C008030631CA1D0012699E70026A4E76FF018
:10355C00150053E7E6BE0000F0F0FCFF2DE9F0414A
:10356C0004460D46476806F0E7FBA0B9274B1B78CD
:10357C008BB14FF02008642663681B68D3F8303198
:10358C008BBB012005F09BFE013EF5D100212020D4
:10359C0003F026F8EFE72021EFF311831A4681F3AD
:1035AC001288BFF36F8F60680068D0F8300120B9C3
:1035BC0083F31188BFF36F8FEEE77B6A00201D70D9
:1035CC006368796A1B68C3F83C170121C3F840177C
:1035DC00C3F83001D3F83001196582F31188BFF3B9
:1035EC006F8FBDE8F081EFF311831A4688F31288D0
:1035FC00BFF36F8F61680968D1F830110029DCD1F5
:10360C0083F31188BFF36F8FC0E700BF2216002031
:10361C002DE9F04745680121D0F81080064600AF2F
:10362C00686B05F0F6FCE96B481C19D0A86B05F02B
:10363C00DAFD10F1130F04460AD10121334A344844
:10364C0005F0C8FC6FF012042046BD46BDE8F087BB
:10365C00411D05D101212F4A2D4805F0BBFCF3E794
:10366C004FF00109EB6A9847D8F83050D8E90C3282
:10367C0003EBC2039D420AD308F1280005F01EFD9E
:10368C0073680021586B05F0C4FC0024DCE7286843
:10369C0006F00CFB0346B0B92A686C468AB0106879
:1036AC0029796A46D1614FF400711B4D11841B4975
:1036BC00C2E9055042F8101F4FF411511448FEF79F
:1036CC0001F9A546BEE728682979EB88D0F810C027
:1036DC00DA07DCF8004054BF43F4B01383F4D01382
:1036EC0023F4801209FA01FEDB07D0F808A04CBFC6
:1036FC004EEA040424EA0E04CCF80040DAF8003058
:10370C009847041EA0DB0835B0E700BF0ABF0000D5
:10371C00A4B0000035BF000052BF0000040000013F
:10372C0010B502780346002A63D10C69D4F88020C6
:10373C0032B9E06F6FF07301BDE8104005F0E1BCE9
:10374C00606F48B1A16F39B1DB682BB1834203D0F4
:10375C00D4F88C1006F0AAFE236FD4F8802033B175
:10376C009A4214D90121234A234805F033FCA36F54
:10377C00D4F8802033B19A4222D901211D4A1E4827
:10378C0005F028FCE06FBDE8104005F0CCBC9B1A9E
:10379C0023677BB9E36D04F170020833E365236E94
:1037AC0004F16001013B236604F15C0005F01EFC92
:1037BC00E066DCE7E36E002BD9D01344E366D6E772
:1037CC009B1AA3677BB9636E04F1780208336366B6
:1037DC00A36E04F16801013BA36604F1640005F0DB
:1037EC0005FC6067CEE7636F002BCBD01344636797
:1037FC00C8E710BD76BF0000A4B000002DE9F04F63
:10380C008FB09A46436800AFFB608B88064604690C
:10381C0098048946934632D44FF0FF324FF0FF3371
:10382C0004F1380002F064FBC4F82C907568D6F8EB
:10383C0010802B687B6098F8853023B1D8F828303D
:10384C00994500F0B980B9F804E01EF400631DD06E
:10385C000121B24AB24805F0BDFB6FF08505A36AA1
:10386C0013B19B889B0405D40023E36204F1380058
:10387C0002F00AFB28463C37BD46BDE8F08F236CAE
:10388C00002BC9D1E36A9942C6D1CFE71EF0010FD4
:10389C0015D06D4688B031686A46A248C2E9050168
:1038AC004FF400719183A04942F8101F4FF4E2517C
:1038BC009B48FEF707F8AD466FF01505CFE71EF0F5
:1038CC00080F05D0994A0121954805F083FBF3E7D1
:1038DC00CEF34513082B01D0954AF4E7D9F8003004
:1038EC00BB60BA68934B9A4201D8934AEBE707F155
:1038FC00100C04350FCDACE80F000FCDACE80F0069
:10390C00D7E90132934294BF7B627A621EF0020FB8
:10391C0095E803000EF004038CE803003AD0002B6A
:10392C0014BF0323022387F82830CEF3001387F843
:10393C002930D8F80030D3F80036591C11D01EF0BD
:10394C00020F03F01F027D484FEA5313CEF34001E0
:10395C0024D1022B00F2DC8050F823100123934079
:10396C008B6098F885302BB1404601F0B1FE0023F6
:10397C0088F8853033464046714A07F1100106F04D
:10398C001EF8051E13DA01212B466E4A644805F019
:10399C008BF864E7003B18BF0123C4E7022B00F24D
:1039AC00B98050F82310012393404B60D9E70123D1
:1039BC00C8F8289088F88530012384F88430FB6897
:1039CC00D96B4A1C09D0986B05F035FC743004D1C6
:1039DC0002215D4A524805F0FDFABBF1000F6CD193
:1039EC00C4F85CB00023236604F1700204F160019A
:1039FC0004F15C0005F0FAFAE066BAF1000F64D14C
:103A0C00C4F864A00023A36604F1780204F16801F1
:103A1C0004F1640005F0EAFA002504F128082A46AE
:103A2C0001216067A565404605F028FB304605F08E
:103A3C007AFB2A462B46206E83424ED10023194630
:103A4C00A56EA94250D19A4238BF1A464FF4FA5388
:103A5C0003FB02F5A36A47F6122C1B6840F2E73011
:103A6C00B5FBF3F50021C8354FF47A720023E5FB62
:103A7C000C01FCF7FDFC04F1480802460B464046DD
:103A8C0002F036FA0246002835D001212F4A24488C
:103A9C0005F0A0FA00252046C4F8805001F018FE6D
:103AAC006FF07301304684F8855005F02AFB4046D0
:103ABC0002F044FA6FF07305D1E6DBF80030E365F1
:103ACC00002B8FD0DBF804308DE7DAF8003063661A
:103ADC00002B97D0DAF8043095E7E16D01EBC301C8
:103AEC00496801330A44A7E7606E00EBC1004068E7
:103AFC0001310344A5E7A56D15F1740FCAD0002D53
:103B0C003FF4ADAE30691146283005F0B7FAA6E6A1
:103B1C008960FFDE00235B60FBE700BF94BF000001
:103B2C00A4B00000AEBF000003000001D0BF000035
:103B3C00EFBF000047E801001EC00000ECB200001F
:103B4C002D3700004FC0000074C000009EC0000064
:103B5C005F2810B500F01F034FEA50140DD8094A26
:103B6C0052F8242002EB8302D2F88000064B03406B
:103B7C0043EA8103C2F8803010BD0022203352F892
:103B8C002330FFDEF8B30000F0F0FCFF70B40D4CF6
:103B9C00D4E90065901B63EB0501400940EAC16064
:103BAC004101891945EBD065C4E9001500240025B5
:103BBC000549C1E90023054BC3E9004570BC02F07F
:103BCC006FBF00BFA00A0020880A0020980A0020BE
:103BDC0008B500220121E420FEF726FD164A00203C
:103BEC00D2F8183723F44033C2F8183700F066FEC9
:103BFC00002820DB0120114900F0ECFE00281ADB24
:103C0C0000F036FE0E4B20F01F00C3E900010D4BF7
:103C1C000022C3E900014FF0FF304FF0FF310A4B97
:103C2C00C3E90001094B0A49187A00F031FE6722FA
:103C3C000020084B1A6008BD00200E5034030020F1
:103C4C00A00A0020800A0020880A00202C030020F3
:103C5C00993B0000500E002008B500F009FE064A02
:103C6C00D2E90032C01A054B61EB0201C3E9000135
:103C7C00400940EAC16008BDA00A0020980A002053
:103C8C00F7B5224B0146224F187A224BD7E9005642
:103C9C00D3E900239E4208BF954211D1B1F1806F48
:103CAC000ED24901012938BF012101224D1946F1DB
:103CBC000006C7E9005603B0BDE8F04000F022BF93
:103CCC00154BDFF858C0D3E90043DCE9002CA418ED
:103CDC0043EB0C0C4FF0200E22466346C1FB0E2327
:103CEC00954276EB0301C7E900230DD2291B66EB45
:103CFC000C04C82974F10004B4BF01210021009107
:103D0C0000F0C8FE03B0F0BD0021F8E72C03002042
:103D1C00900A0020880A0020A00A0020980A00209F
:103D2C00064BD3F840231C2A05D1D3F84403431E79
:103D3C005842584170470020704700BF00C0FF0038
:103D4C0003689A070CD50368DB070DD50922074BCE
:103D5C00C3F80C250F22C3F8042501221A60FEE7D4
:103D6C00034B0360EF3B0360704700BF00801050B3
:103D7C00F000FA5008B501233C4A3D48C2F800381F
:103D8C003C4AD2F840231C2A04BF3B4AC2F80C34EC
:103D9C00FFF7D6FF0830FFF7D3FF0830FFF7D0FF4F
:103DAC000830FFF7CDFF00F5F470FFF7C9FF334A79
:103DBC00D2F88C3043F44063C2F88C300022D3002C
:103DCC0003F57F0303F54043D3F8001401310AD007
:103DDC00D3F8001439B1D3F800140132D3F80434F9
:103DEC00402A0B60EBD1214BD3F84024002A38D069
:103DFC00FFF796FF48B11F4BD3F83423204B9A4260
:103E0C009EBF1A4B1F4AC3F84026FFF789FF18B113
:103E1C001D4B1E4AC3F8AC27FFF782FF48B1342272
:103E2C00124BC3F82426D3F83C2622F40022C3F804
:103E3C003C26174B1149D3F80026D20744BF6FF02C
:103E4C000102C3F800260323124AC2F81835D1F830
:103E5C008C3043F44063C1F88C300023C2F8A03599
:103E6C0008BDC822C3F84024C2E700BF00001250AE
:103E7C0000C50D5000C0FF000030055000ED00E003
:103E8C00001D0A1840E0A91E00A0085078000A0482
:103E9C0000E0105000B00450014B1860704700BF98
:103EAC00540E00202DE9F04F584C87B00192226837
:103EBC008842526887BF401A52F8212052F82020BD
:103ECC00091A87BF52F82020012652F8212000261B
:103EDC00EFF3118C202181F31288BFF36F8F002137
:103EEC001579A94225D300204FF0010E04AF1179AA
:103EFC0088422CD300208CF31188BFF36F8F0028DD
:103F0C0040F08180216886F001070C687106141B53
:103F1C00E40841EA84610446BF000297B70004AD8F
:103F2C0003971779A74233D8019B196007B0BDE8F6
:103F3C00F08F106850F8210023B1B3F800E04778F7
:103F4C00BE4502D040680068F8B10131C9E711687C
:103F5C0051F820104BB1B3F800804D78A84504D12E
:103F6C00997807F8011B0130C1E7D1F80480D8F823
:103F7C000050B5FA85F1C1F11F010EFA01F925EADD
:103F8C000905C8F80050C9B2EBE76FF00B00B2E7B7
:103F9C00176857F824E09EF80070012F1FD195F890
:103FAC00008095F801C015F8017C16B9B946674632
:103FBC00CC46DDF80890DDF80CA0F144F244D9F8B9
:103FCC000890DAF808A008F1200B4CF0004C47F0F0
:103FDC00004708F160084AF82BC049F8287004EB38
:103FEC0084072BB19EF801E0B3F800C0E64507D07A
:103FFC0095F800C00CFA07F739430134013590E706
:10400C004FF01F0CF6E76FF00B008FE7540E0020FB
:10401C0070B5124B840E1B6801261A6800F01F0342
:10402C0002EBC40152F834201268D46800220D79D6
:10403C00954200D870BD1F2B1CBF06FA03F3C4F8C1
:10404C0004350C68023254F8224002EB820320FA49
:10405C0003F3E46803F01F03E9E700BF540E0020EC
:10406C0030B50D4B1A68830E126802EBC3020023A5
:10407C0014799C4202D86FF015000AE0156855F8C7
:10408C0023506D788D4205D103EB8303D84000F0AB
:10409C001F0030BD0133ECE7540E00200048704780
:1040AC003C0300200048704704B4000000487047EF
:1040BC00BCB40000024B03EB00135B681960704743
:1040CC00BCB40000024B03EB00139B6819607047F3
:1040DC00BCB40000014B1B68184700BF880E0020C1
:1040EC0010B50C4C237993B9012323710A4B00288A
:1040FC00206018BF184600F0F3F850B92368074841
:10410C00002B08BF1846BDE8104000F035B86FF022
:10411C00770010BD880E0020E1400000BD93000028
:10412C0008B5074B1B6853B140F20510FEF76EFA49
:10413C0028B9BDE8084040F20510FEF745BA08BDA5
:10414C00880E002038B504230A4C42F21075C4F8CE
:10415C000833012363610023C4F80831D4F8083113
:10416C00D4F84C34DB0304D5012005F0A8F8013D4C
:10417C00F6D138BD00E01050064A13793BB9012145
:10418C0010601171044A1846C2F8403470476FF041
:10419C0077007047900E002000E0105010B51D4BBA
:1041AC001D4CD3F84C14D3F84C2411F4803F18D088
:1041BC0002F00302012A03D00AB1FFF7C3FF002269
:1041CC00144BC3F840240022C3F80821D3F808216B
:1041DC0001221A61226872B9D3F80821002AFBD097
:1041EC0011E0D3F84824D107E9D5D3F8502492072D
:1041FC00E3D422681AB10422C3F8042310BDD3F807
:10420C000821002AFBD00022C3F80821D3F808317A
:10421C00F4E700BF00E01050900E0020F8B5012527
:10422C00184C194ED4F80C3303F00C0303B9F8BD39
:10423C00B3FA83F30027C3F11F039A0002F58072CF
:10424C0092B202F1A04202F58712176005FA03F14F
:10425C00022B1268D8B2C4F8081310D1D4F84C341D
:10426C00D4F84C349B070AD10423C4F84054C4F846
:10427C0004332561D4F80C3303F00C03D6E7336810
:10428C009847F7E700E01050900E0020712238B5E7
:10429C00104B0021C3F80823012242F210745A601B
:1042AC00C3F80011D3F800110B490A4DD1F8401393
:1042BC001C2908BFDA60D5F80C3413F4803305D010
:1042CC00012004F0FCFF013CF5D138BD034A5371C9
:1042DC00FBE700BF00E0105000C0FF00980E00206C
:1042EC00054B0246187918B91A6001221A717047E9
:1042FC006FF07700704700BF980E00200022164B1D
:10430C00C3F81021D3F81011C3F81821D3F81811E1
:10431C00C3F81421D3F814111049D1F840131C29F7
:10432C0004BF01219960C3F80021D3F800210122B8
:10433C001A600B4A126852B9074BD3F80021002AB5
:10434C00FBD00022C3F80021D3F800317047712252
:10435C00C3F80423704700BF00E0105000C0FF00FA
:10436C00980E0020F8B50126194C1A4DD4F80C33D0
:10437C0003F0710303B9F8BDB3FA83F30021C3F161
:10438C001F039A0002F5807292B202F1A04202F56C
:10439C008712116006FA03F7042B1268D8B2C4F81E
:1043AC00087308D0062B10D02B689847D4F80C3320
:1043BC0003F07103DEE702236B71C4F81411D4F817
:1043CC0014312023C4F80433EEE76971ECE700BF25
:1043DC0000E01050980E0020036803F01F025F2BC2
:1043EC0002604FEA53129ABF024B53F8220000208E
:1043FC00704700BF3CB50000034A4309D35C00F092
:10440C001F001844C0B27047E6C00000F0B5064665
:10441C00002487B0114F019117F8012B06AB03EB69
:10442C00D20313F8143C02F00702D34013F001033B
:10443C0006D10134032CEFD10023184607B0F0BD90
:10444C00074A03AD07CA85E8070055F824100A6A25
:10445C0046F824200A62002AEBD0EEE7F6C00000F2
:10446C001CB10000F7B504460846FFF7C5FF06B2BD
:10447C0004EB4606B38A0D46DB072BD5204605F028
:10448C00ADF82946204605F008F858B1204605F04D
:10449C001AF80022276800B207EB8003C3F8102536
:1044AC00C3F810252946204605F036F8002101A84E
:1044BC00B1820195FFF790FF019B00EB8300D0F8D0
:1044CC008020064B134043F00203C0F880300846AE
:1044DC0003B0F0BD6FF01500FAE700BFF0F0FCFF81
:1044EC002DE9F043044685B0084616461D46FFF7F5
:1044FC0083FF0F46804636B3204604F0D9FF18B927
:10450C00204604F0CAFF28BB0FFA88F904EB4909CE
:10451C00B9F8143013F01C0F02D07378012B19D09A
:10452C0001238DF80F3000233846CDE90063721C4F
:10453C00B31C0DF10F0104F058FFB9F8143043F01F
:10454C000303A9F81430002D40D03946204604F05E
:10455C00AFFF20B96FF0150005B0BDE8F083002265
:10456C00297823684FEA810C03EB8103C3F81025EB
:10457C00C3F810250FFA88F204EB4202938A23F455
:10458C00604323F0200393826E78FEB12468A878F0
:10459C006444D4F810550E4B36042B40C4F8103537
:1045AC0041F6F07306F4403603EA07130005D4F81D
:1045BC001055334300F4801003432B43C4F81035DB
:1045CC00938A43EA413343F0200393820020C3E7EC
:1045DC000FE0ECFF70B590F87440054690F87560EC
:1045EC0044BB46222146143005F06DFF2146134A88
:1045FC002B6852F836608E4212D1002440F20D1016
:10460C00C3F84441D3F844210D4A934208BFDB2040
:10461C00FDF7DAFF0123204685F874302B6670BD58
:10462C00CAB2920002F58070442A04BF1C501A587A
:10463C000131E0E76FF07700F1E700BF48B500000B
:10464C0000A00D5090F87500024B03EB800004F0B5
:10465C0052BE00BF7403002010B5064B90F87500D5
:10466C000C4603EB800004F02CFE0028A4BF207045
:10467C00002010BD740300202DE9F04F814659F83D
:10468C00043B8BB0D3F8141390F8754000936C4B2B
:10469C00C9B241F40031804653F83420009804F03C
:1046AC0076FF810305463AD50023CDE907330993FC
:1046BC00634B07A803EBC4035B6819460193FFF730
:1046CC00A5FE042303EBC40303934FF0000B5D4BD7
:1046DC000DF11C0A0293029A594912F8013B0292FD
:1046EC00039A02EBD3028A5C03F0070322FA03F36A
:1046FC00DA071AD40BF1010BBBF1030F0AF1040A10
:10470C00E9D14FF400310022009804F040FF0199E8
:10471C0007A8FFF77BFE0028D7D125F4003501242C
:10472C00002D75D10BB0BDE8F08F474B5B44049363
:10473C00DAF800100029DDD091FAA1F1B1FA81F17B
:10474C00049B1C7841EA44142046FFF755FE08EB05
:10475C004000878AC808BB08059301231AF800207B
:10476C0001F0070103FA01F122EA01020AF8002024
:10477C0006A80694FFF730FE069A059B203250F8E7
:10478C002220C7F382065B073746C2F3014223D5CA
:10479C004846D6B221463A4604F09FFE06A8069437
:1047AC00FFF71AFE069B203350F82330C3F3014366
:1047BC009E4207D10021204604F060FE314620467F
:1047CC0004F05CFE06A80694FFF706FE0122069B89
:1047DC0002FA03F30362ABE7022A0DD10321204650
:1047EC0004F04CFE06F00503012BEBD13A462146B2
:1047FC00484604F072FEE5E702212046059204F0DB
:10480C003DFE032EF2D0059A032ADBD1022EECE7F3
:10481C0095FAA5F3B3FA83F3009904FA03F225EAA7
:10482C00020503F5A27251F8222008EB4303484617
:10483C00B3F86410C2F3014204F04FFE70E700BFFE
:10484C0048B50000F6C00000F6C00000074B027A25
:10485C00D3F8101521F001010A43C3F810250268A2
:10486C00C3F8A4264268C3F8AC26704700200E504B
:10487C004FF0FF326FF0404330B5044CD4E90001E7
:10488C00824273EB0105F9D330BD00BF40270E50B7
:10489C0030B50C25074B1C1894F8544005FB043319
:1048AC00C3E9031218750123034A8340C2F8243369
:1048BC0030BD00BF4000002000200E50F0B53D4D33
:1048CC0085B02C78002C6FD13B4A01AB07CA83E82A
:1048DC0007003A491846D1F8102522F00202C1F817
:1048EC001025FFF7B3FF0723672202F001012144D3
:1048FC00013BCCB24FEA5202F7D1052C57D11946E5
:10490C004FF0010C2B4E00246720CFB204E00CFAC0
:10491C0002F220EA0200013490FAA0F25FFA84FE5F
:10492C00BE45B2FA82F2F2D30131327505292A441E
:10493C0082F8547006F10C06E5D1012100242048C0
:10494C009A0801FA02F212F0670F18BF1C500433D8
:10495C00302BF5D1E420FDF737FE184B1949D3F86D
:10496C00102503F5C07322F00202C3F8902340F621
:10497C00FF72C3F8A82100221A60A3F580700433DB
:10498C008B420260F8D101240C4B0F4A1C660F4B72
:10499C005D201B68B3FBF2F358430D4B2343984740
:1049AC0000202C7005B0F0BD6FF07700FAE76FF0C7
:1049BC008B00F7E74000002028B1000000200E50CB
:1049CC0000210E50B0210E5040420F003803002041
:1049DC0050B1000073B52B4C0546636801A803F079
:1049EC0001030E46019304F06CFC00283FDB00230E
:1049FC0020753370636823F001036360A36843F090
:104A0C000103A360204BD3F81025900733D4D3F8BF
:104A1C00102542F00202C3F81025C5B1D3F848277F
:104A2C0012F0010202BFD3F8481741F00101C3F89C
:104A3C004817154BD3F84017D3F844174900F9D44D
:104A4C002AB9D3F8482722F00102C3F848270F4BA4
:104A5C000F4A1B68B3FBF2F30B4A03EB43136BB126
:104A6C00D2F84017D2F8440710F0804001D102B0C0
:104A7C0070BD013BF3E76FF07700F8E76FF0730060
:104A8C00F5E700BF4000002000200E503803002046
:104A9C0040420F0070B51D461446184A9DF8106030
:104AAC00131893F8543000B20C3302EBC30142F8E4
:104ABC0033404D60C5F31301AEB10201104E02F14B
:104ACC00A04202F562228000C2F820450644C2F8DA
:104ADC002415336833B1FFF7CBFEA042A94101D2B4
:104AEC000023336070BD030103F1A04303F562237F
:104AFC00C3F82045C3F82415F4E700BF400000209C
:104B0C0000210E50F0B50E4D2B1893F854300001C7
:104B1C000C3355F8334005EBC3077E68641800F17D
:104B2C00A04021F0004146F1000641EAC27100F5B7
:104B3C00622045F833407E60C0F82815F0BD00BFF8
:104B4C0040000020F7B5284B284CD3F82C6304F117
:104B5C0088070EB903B0F0BD96FAA6F00123B0FA9F
:104B6C0080F08340DA43224926EA0306231893F89F
:104B7C005450830019440C2303FB0543DB6873B3C7
:104B8C00D7E8EF3F03EA020CC7E8EECFBEF1000F07
:104B9C00F6D1C340DB0719D5020102F1A04202F5A0
:104BAC006222D2F82435D2F82025D1F800C0BCF10D
:104BBC00000FCED04FF0000CC1F800C00C2101FB4F
:104BCC00054529690091E9688847C2E705F10C039E
:104BDC0004EBC30C54F83320DCF80430E5E70A6826
:104BEC00002AB6D00B60B4E700200E504000002025
:104BFC0000210E50044B40EA0120C3F80005D3F805
:104C0C000024D207FBD5704700B0045080F080031D
:104C1C00032BA0F1800203D8054B53F822007047F8
:104C2C0007289ABF034B53F820004FF0FF30704712
:104C3C0058B5000068B5000030B50B4B012493F853
:104C4C00625000220823204203D0254208D00132B2
:104C5C00D2B2013B4FEA4404F5D118460A7030BD7C
:104C6C006FF01500FBE700BFA00E0020054B93F87A
:104C7C006000431E012B03D9043818BF0120704774
:104C8C0000207047A00E0020002010B5154A1649D0
:104C9C00C2F8000591F86140D2F8043381F8604005
:104CAC000C6823F033030CB143F02303C2F81C014E
:104CBC00D2F81C41C2F81801D2F81841C2F8080108
:104CCC00D2F8082191F86520D00791F8662048BFEA
:104CDC0043F08003D207034A48BF43F04003C2F8B5
:104CEC00003310BD00500D50A00E002070B50023F5
:104CFC0001264FF0FF340D4A92F8621018B90BB12F
:104D0C0082F8621070BD90FAA0F3B3FA83F306FA3E
:104D1C0003F5043342F8334002EBC3035C6020EA32
:104D2C000500012321EA0501E8E700BFA00E0020E1
:104D3C0073B50023044601AA0E464FF4807101930B
:104D4C0004F09FFD4FF48A71204604F09AFD4FF455
:104D5C0082710546204604F094FD20B11EB115B1B8
:104D6C00144BD3F8343601AA4FF48471204604F066
:104D7C0088FD4FF48671204604F083FD4FF4887152
:104D8C00204604F07EFD0C4B234083B14FF48E750E
:104D9C00294601AA204604F074FD291F0835204637
:104DAC0089B2ADB204F06DFDB5F5AE7FF0D10198CE
:104DBC0002B070BD00500D50C0FF3F002DE9F04116
:104DCC000146477A90F80480857A007AFFF71EFF37
:104DDC00421C03D16FF01500BDE8F0811E4C2E1D56
:104DEC00B8F1010F44F8360033D13846FFF70EFF07
:104DFC00431CEFD004EBC60670604B780A781B039B
:104E0C00120202F4E06203F4805348881343134AFD
:104E1C0002EA004213438A790020120702F0E042B2
:104E2C0013434A79D20202F4006213430A79D20383
:104E3C0092B213432A0102F1502202F55022C2F819
:104E4C001835012294F86230AA40134384F862307A
:104E5C00C2E74FF0FF30CDE7A00E00200000FF01AD
:104E6C00F0B50025314C059E84F8655084F86650E9
:104E7C00A5602561266084F86300A5832C4CC4F8DA
:104E8C00F015C4F8F42516B32322C4F8002300252A
:104E9C004FF0010C254F264E0CFA05F2024005F19D
:104EAC00510417D1210106EB04147250626006EB19
:104EBC000514D4F81815013521F4006141EAC22219
:104ECC00082DC4F8182507F10807E5D1F0BDC4F882
:104EDC000063DCE7D7E90821B2F1FF3F23D05FEA9A
:104EEC00123E05BF4FEA521E02F01F02A2F580527D
:104EFC0042EA0E2214BF42F0004242F080424FEAD6
:104F0C00041E46F80E204A1C0FBF00214A0901F06E
:104F1C001F0141EA022118BF41F0804106EB041445
:104F2C001A466160C3E70022E9E700BFA00E00202B
:104F3C0000500D5070B51F4D95F86040002C36D1C7
:104F4C000126FF2085F86060FFF7D0FE1A4B1B4945
:104F5C00C3F80041D3F80021C3F80441D3F804216D
:104F6C00C3F81041D3F81021C3F81441D3F814310D
:104F7C001C239A0806FA02F212F0330F1FBFA3F19A
:104F8C00AF22A2F57202146012681A1F920806FA78
:104F9C0002F212F0330F1CBF5C505A5808335C2BD2
:104FAC00E7D1D520FDF710FB0020286070BD6FF015
:104FBC007700FBE7A00E002000500D50FC500D5068
:104FCC002DE9F0410646FFF751FE0D460446C8B9DF
:104FDC00FF20FFF78BFE0C27DFF83480E3B29D42F5
:104FEC0001D800200CE007FB036098F86230827A4D
:104FFC001341DB0709D4FFF7E1FE01340028EDD0A3
:10500C00BDE8F0816FF00F00FAE76FF01500F7E7DD
:10501C00A00E00202DE9FF4707469946FFF726FE14
:10502C008A461446064600283DD138460DF10F013C
:10503C00FFF702FE054638BB63889DF80F803BB333
:10504C00B8F1010F32D8B9F1000F2FD02278637864
:10505C0012B1B3FA83F6760951463846CDF8009072
:10506C00FFF7FEFE6388134A0BB143F48053C2F87A
:10507C00F835114B83F86480227983F8686083F8E3
:10508C006720042283F86020284604B0BDE8F0872E
:10509C0022786378002ADFD0002BDDD1B8F1010F24
:1050AC0004D80126D8E76FF00F05EDE76FF0850502
:1050BC00EAE700BF00500D50A00E002030B51E4A8C
:1050CC000446136973BB00F06043B3F1005F2CD14D
:1050DC0092F86450B1FBF5F305FB131040BB0BB217
:1050EC00002B25DD92F86030052B06D8032B0CD84D
:1050FC00022B0FD06FF0760030BD062BFAD10F4B80
:10510C004D00C3F82C46C3F8305693683BB1C2E946
:10511C000441F1E78D420BD1C2E90245ECE7C2E94B
:10512C000241E9E76FF07700E6E76FF00C00E3E788
:10513C006FF00600E0E700BFA00E002000500D50FD
:10514C002DE9F341564CA368002B00F0A58094F890
:10515C006020022A06D0042A37D06FF0760002B005
:10516C00BDE8F08101204F4AC2F80005E1682568CE
:10517C0081404DB1032584F86050C2F82C36C2F83A
:10518C00301610600020EAE7C2F82C36C2F8301650
:10519C00106000210120FFF7CBFD0028F9D001237E
:1051AC00404C414D636029460220FFF7C1FD0028A9
:1051BC00F9D00023C4F80831D4F80821C4F80C3114
:1051CC00D4F80C21C4F80035DCE70120354AC2F8CC
:1051DC000005216839B1052184F86010E168C2F836
:1051EC002C368140CBE794F86410A58B019103EB2E
:1051FC00450349000093C2F82C36C2F830161060F3
:10520C0000210120FFF794FD0028F9D094F86830B4
:10521C0063BB0123234D6B6069460220FFF788FDB9
:10522C000028F9D00023C5F80831D5F80821C5F8B5
:10523C000C31D5F80C21A18B94F864200A44E16858
:10524C0092B28A42A28321BF174AA383D2E90201F8
:10525C00C2E900014FF0000224BF23611846114B34
:10526C0038BF6FF00F00C3F8002578E74FF0010846
:10527C0000260C4FD7F8F455EDB208FA05F5013DB0
:10528C00B542C6D9C7F8048000210420FFF750FDB1
:10529C000028F9D00136F3E76FF00B005FE700BF91
:1052AC00A00E002000500D50A80E00207FB533201A
:1052BC006549FFF73DFD10F0100F0546624E0BD00F
:1052CC001022624BC3F80823B218C3F82C26042210
:1052DC00C3F8302601221A605D4CAA0694F860309F
:1052EC0010D5072B07D0594BD3F83436C3F34E03E4
:1052FC00E36000232361554BD3F80433DB0601D55F
:10530C00FFF7C2FCA8071AD50023A16894F8602007
:10531C000291E168062A8DF80430ADF80C101AD011
:10532C00072A39D0032A0AD1484AC2F80035C2F8F4
:10533C000035022384F86030236801A89847E907F8
:10534C0052D594F86030033B042B4DD8DFE803F0C2
:10535C005D4C2B44610094F8673023B1236913B181
:10536C0001223A4B1A60236801A89847394B93E8FD
:10537C000300002386E803002361A368002BDED121
:10538C00324AC2F80035C2F80035042384F8603084
:10539C0005238DF80430CFE7FFF776FC02238DF858
:1053AC0004306368C9E7042301A88DF8043023682E
:1053BC009847264BD3F8F825D20444BF01225A60F3
:1053CC000623216984F8603031B163691F4A5B00A0
:1053DC00C2F82C16C2F8303623692BB9032301A866
:1053EC008DF804302368984794F86030072B0AD066
:1053FC00164B1948D3F8043300211840FFF798FCDA
:10540C00012685094DB904B070BD01220F4B5A60BD
:10541C00EAE701220D4B9A60E6E795FAA5F3B3FA99
:10542C0083F306FA03F225EA02055A08DB4303F07C
:10543C0001038DF809308DF8046023688DF808207D
:10544C0001A89847DEE700BFA80E002000500D50C1
:10545C00A00E0020B00E0020C0FF3F00036803F038
:10546C001F025F2B02604FEA53129ABF024B53F894
:10547C0022000020704700BF88B5000010B50C4B0F
:10548C0004680C4A0C48844208BF1A46B2FBF1F37C
:10549C0001FB13229A4208D213F0010005D17E2B96
:1054AC0002D8581E18BF012010BD0020FCE700BF19
:1054BC000020A1070024F40000A0045037B51446C6
:1054CC00421C054618D0012902D1BBB104F043FAA5
:1054DC0001A80195FFF7C2FF019B0A4A00EB83006C
:1054EC00D0F88050A30043EA41030B432A401343F6
:1054FC0043F4A063C0F8803003B030BD04F037FA39
:10550C00E6E700BFF0F0FCFF2DE9F84F91F82130F1
:10551C0005460C46002B00F0A08091F822802968EB
:10552C005B485C4F5C4A6369814208BF1746B7FB16
:10553C00F3F75A4BD3F840331C2B13D1022F95F8A9
:10554C00223040F28D80227E12F0FD0F40F08880D8
:10555C007A080132D2B2904538BF904643F0080326
:10556C0085F8223094F8232095F8223062F300035A
:10557C0085F82230227CDBB262F3410385F82230BD
:10558C0094F823600EBB237E0121012B94BF0023D2
:10559C00012332462068FFF791FF3346324660689C
:1055AC00FFF78CFF33463146A27EA068FFF786FFDB
:1055BC000121237C3246E06883F00103FFF77EFF74
:1055CC000B463246E069FFF779FF94F82130002B47
:1055DC0049D04FF0FF336B6294F8211094F812E02D
:1055EC00207E627E002948D0E668217C94F82490C5
:1055FC0094F820C02B68B9F1000F12D1D4E900BA8D
:10560C00D4F80890E469C3F800B6C3F804A6C3F84C
:10561C000896C3F80C46C3F81066C3F8B815C3F85F
:10562C00B085003A18BF01220228C3F8C0E5C3F8C0
:10563C002C7525D0032826D0012801D142F0020276
:10564C00C3F85425C3F8ACC56B68FBB12868BDE83A
:10565C00F84FC0F30830FCF7B7BF4FF002085EE715
:10566C006FF3C3037CE7E3686B62227C95F822300E
:10567C0062F3410385F82230AEE74FF0FF36B5E711
:10568C0042F00402DCE742F00602D9E7BDE8F88FED
:10569C0000A004500024F4000020A10700C0FF006B
:1056AC00431C07B50ED0019001A8FFF7D7FE019B54
:1056BC0000EB8300D0F88020044B134043F002032E
:1056CC00C0F8803003B05DF804FB00BFF0F0FCFFC5
:1056DC0038B504460068C0F30830FCF783FF6368F4
:1056EC0043B12146154A51F8043BC3F808232068FE
:1056FC0004F049F92368D3F80006D3F80416D3F85C
:10570C00085694F82230DB0714D4FFF7C9FF28465B
:10571C00FFF7C6FF0846FFF7C3FF606AFFF7C0FF3D
:10572C002368D3F80C06D3F81016FFF7B9FF084618
:10573C00FFF7B6FF002384F8203038BD0700F81FB0
:10574C0070B5234B02680D689A423CD0214E224C16
:10575C00224BB24218BF1C46B4FBF5F305FB1346B3
:10576C009EBBA54231D85C1E1C402ED1B3F5007FE8
:10577C002BD893FAA3F3B3FA83F3D2F804654D79DB
:10578C00097926F0030601F003013143C2F8041530
:10579C00D2F8081505F0030521F003012943C2F8DE
:1057AC000815C2F81035006800F5A07300F5B0724A
:1057BC001C6053F8041B9342FAD1C0F30830FCF779
:1057CC0003FF002070BD064CC6E76FF01500F9E72B
:1057DC0000500550005008500048E8010024F40027
:1057EC000020A10730B50E4A03689342D3F8105538
:1057FC0013D002F54032934214BF10232023A1FB97
:10580C000312C5F12004A5F12000E94002FA04F4CA
:10581C00214322FA00F0084330BD8023EFE700BF9C
:10582C000050055010B50446FBF77CFF03480121DE
:10583C00034A03F030F9204604F043FA94B0000018
:10584C00F9C000002DE9F84304460D4600AFEFF314
:10585C001188202383F31288BFF36F8F0428294A01
:10586C0098BF294BE9468AB09668117C98BF53F8CB
:10587C0020306A4688BF254BC2E9073140F201331C
:10588C0023489384234BC2E9050442F8103F0023BC
:10589C004FF431512048FCF715F8CD4645B1EB6972
:1058AC00C3F3080323B101211C4A1B4803F0F3F88E
:1058BC002EB1304604F046FA08B1037803B9184803
:1058CC00E9468AB06A46174BD061C2E9053640F208
:1058DC0001331384144B42F8103F00234FF4115141
:1058EC000D48FBF7EFFF2946CD462046FFF79AFF00
:1058FC0088F31188BFF36F8F3046FCF709FEBD4665
:10590C00BDE8F8830C0F002094B5000008C100001E
:10591C001EC100000500000194B0000046C100004B
:10592C0016C1000067C100000400000138B50A4B25
:10593C0053F82040013053F82050A54200D838BD10
:10594C00606830B1037FDB0701D404F097F90834A9
:10595C00F3E723689847FAE7A8B50000012270B571
:10596C00294B032086B01A70FFF7E0FFFCF76EFAA4
:10597C000420FFF7DBFF254C254D2646AE4204F1F3
:10598C00300410D300F05CFD204C224EAC4226D3E8
:10599C0000F06AFDFAF754FF1F4A137B23F0010352
:1059AC00137306B070BD54F80C3C059354F8103CBE
:1059BC00049354F8143C039354F8183C029354F891
:1059CC001C3C019354F8203C009354E90A2354E9FD
:1059DC000C0100F0FDFA54F8303C5E65CDE7D4E9DB
:1059EC000A23B3F1FF3F08BFB2F1FF3F05D052EAE3
:1059FC000301206803D100F021FE3034C6E73146A4
:105A0C00183000F0BDFFF8E722160020C8AF0000E8
:105A1C00F8AF00004F9E0000680B0020C02370B54B
:105A2C00144E86B003FB0066134B012205930F2323
:105A3C00CDE903320023CDE9013314234FF4A072D6
:105A4C000E4D0F4903FB0055044602FB00110D4B94
:105A5C003046009500F0BCFA737B2C7423F00403E1
:105A6C007373094B013403EBC423EE606B6006B017
:105A7C0070BD00BFA80A0020C9C100000C0F002097
:105A8C0028290020DF9C000028210020BFB5002021
:105A9C00FFF74CFF294B03F5006282F3088883F370
:105AAC000A880024E023264D264F85F82230EC7717
:105ABC002C766C76AC7685F820406B6A43F4E02348
:105ACC006B6285F82340FCF79DFCFCF723FE4FF03E
:105ADC00FF33AB62EB62FCF7C5FFFCF743FEFBF751
:105AEC007FFD194800F008FB0120FFF71FFF022083
:105AFC00164DFFF71BFF00F0EBFC154B15495D61D4
:105B0C00154B4FF48062059301232846CDE90343DE
:105B1C00CDE901443B46009400F05AFA06466A7BF4
:105B2C00284622F004026A7304F048F92046FFF775
:105B3C0075FF3A4631462846FCF7CAFD282100205D
:105B4C0000ED00E069590000280C0020680B0020D3
:105B5C000C0F0020682A0020CEC100002DE9F34173
:105B6C0004460E469DF8200004F10808EFF3118757
:105B7C00202181F31288BFF36F8F256AE1688D4273
:105B8C0043D22568AC421AD0CDB1284604F0ACF80B
:105B9C0005F1180004F0B5F9A26800243146286913
:105BAC0004F084FC2846C5F8BC4004F007F94046D4
:105BBC00394600F01FFC204602B0BDE8F081A26817
:105BCC00A8B13146E06904F071FCE369A2681344A2
:105BDC006269E361934201D12369E3610020236A86
:105BEC000133236287F31188BFF36F8FE4E7A16958
:105BFC002369994208BF6369314608BFA361A06954
:105C0C00801AA06104F052FCE8E752EA03010AD0C2
:105C1C000649404689680E61CDE900233946224683
:105C2C0000F054FBC8E76FF02200DBE70C0F0020FC
:105C3C00F7B50446084604F10807EFF31186202156
:105C4C0081F31288BFF36F8F216A00293AD0A268C2
:105C5C00A16904F02BFCA369A2682568134462694E
:105C6C00A361934204BF2369A361236AAC4203F18D
:105C7C00FF33236234D02846002D32D004F034F8A0
:105C8C0005F1180004F03DF9A2682969E06904F0F7
:105C9C000DFCE369A268284613446269E3619342F0
:105CAC0004BF2369E361236A013323620024C5F82E
:105CBC00BC4004F083F83846314600F09BFB20468C
:105CCC0003B0F0BD52EA030110D00A49896808619B
:105CDC00CDE9002331462246384600F0F7FAEFE7CB
:105CEC00002086F31188BFF36F8FE9E76FF0220075
:105CFC00F7E700BF0C0F00202DE9F34104461746CF
:105D0C001E46EFF31188202383F31288BFF36F8FA5
:105D1C00C368334A7BB180689168884219D057EACE
:105D2C00060318D188F31188BFF36F8F6FF00F0043
:105D3C0002B0BDE8F081916891F90E100133E36077
:105D4C0093682161A36088F31188BFF36F8F0020E3
:105D5C00EEE72169F2E791F90E1090F90E306FF031
:105D6C007E029942A8BF19469142B8BF11468B4298
:105D7C002DDD03F0CDFF054622464146CDE90076E8
:105D8C00184800F0A3FA0028E1D0EFF31186202385
:105D9C0083F31288BFF36F8FA068D0B12368216999
:105DAC009C420AD04BB193F90E309942A8BF1946C8
:105DBC006FF07E039942B8BF194603F0A9FF40B1BA
:105DCC003146084800F016FB6FF00A00B0E70025DA
:105DDC00D2E7002DF4D186F31188BFF36F8FF3E770
:105DEC000C0F002023160020F8B583680546002B05
:105DFC0040D0234A926893423FD1C368012B03D908
:105E0C00013BC3600020F8BDEFF31187202383F31F
:105E1C001288BFF36F8F0169806803F079FF2C68DB
:105E2C00AC4207D10023C5E9023387F31188BFF3D5
:105E3C006F8FE7E7002CF5D0D4E900320026136011
:105E4C005A60637BC4E9006623F002036373A660A7
:105E5C0004F1180004F055F8AC6094F90E302046AB
:105E6C002B61C4F8BC6003F0A9FF3946054800F06B
:105E7C00C1FAC7E76FF01500C5E74FF0FF30C2E776
:105E8C000C0F00202316002070B5EFF31186202391
:105E9C0083F31288BFF36F8F0468A0421BD0D4B178
:105EAC00D4E90032002513605A60637BC4E90055C5
:105EBC0023F002036373A56004F1180004F021F8C9
:105ECC002046C4F8BC5003F079FF3146BDE8704061
:105EDC00064800F08FBAD0E902329A4218BF01335B
:105EEC00836086F31188BFF36F8F70BD231600207B
:105EFC0013B5EFF31181202484F31288BFF36F8F55
:105F0C00846844B1013C846081F31188BFF36F8FC6
:105F1C00002002B010BD52EA030406D181F31188AF
:105F2C00BFF36F8F6FF00F00F3E7CDE9002302464C
:105F3C00014800F0CBF9ECE7231600202DE9F041E5
:105F4C000546EFF31187202383F31288BFF36F8F7D
:105F5C0000236FF00A081E462C68A54216D0ACB17F
:105F6C00D4E9003213605A60637BC4E9006623F005
:105F7C0002036373A66004F1180003F0C2FF20460D
:105F8C00C4F8BC8003F01AFF0123E5E70022AA60E5
:105F9C002BB13946BDE8F041044800F02BBA87F329
:105FAC001188BFF36F8FBDE8F08100BF231600206E
:105FBC0010B5044608B9054B9C681F2204F18400F7
:105FCC0004F089FA002084F8A30010BD0C0F002007
:105FDC002DE9F04F984685B000F15803C0E916330F
:105FEC00129B002503730423D61D26F0070643736A
:105FFC00119B01EB060A0F46C0E906555146856018
:10600C008373C5730446DDF838B0DDF84C90FBF7AC
:10601C00B3FF109B073020F00700C4E92976C4F8C1
:10602C00AC0002930F9BAAEB0006CDE900B33246FD
:10603C00434639462046FCF72FFB0F9BC4E91C8BCB
:10604C00A367109B656584F86C50E367EFF31183CD
:10605C00202282F31288BFF36F8F104F3A6A3C6292
:10606C00C4F8802083F31188BFF36F8FB9F1000F50
:10607C0011D01F22494604F1840004F02CFA84F854
:10608C00A350BB680BB1D3F8B0303046C4F8B03075
:10609C0005B0BDE8F08F84F88490F2E70C0F002077
:1060AC00F0B5002587B00595109DDDE912760495B5
:1060BC000F9D044603950E9D02950D9D01950C9D1B
:1060CC000095FFF785FFB6F1FF3F08BFB7F1FF3F23
:1060DC0005D056EA070305D1204600F0AFFA20465A
:1060EC0007B0F0BD3A46334604F11800014900F000
:1060FC0047FCF4E74F9E000040F20113838100231C
:10610C00C0E92933C0F8B030014B9860704700BF2C
:10611C000C0F00206FF00A01094A9368C3F8BC10F9
:10612C000849C3F8B8004B6843F080534B60002318
:10613C0083F31188BFF36F8F9368D3F8BC0070475B
:10614C000C0F002000ED00E070B590F90D20437BA2
:10615C00002A36DBD90634D11B4C63F07F03224670
:10616C00437352F8183FE169934207D1C0E900210B
:10617C000860E06111E09942F8D01B68002BF5D063
:10618C0090F90E5093F90E60B542F4D0AE42F2DDA8
:10619C005968C0E9003108605860A569954200D083
:1061AC0005B9E568A3685A7BD20604D1DA897F2A3F
:1061BC0001D9AA6932B1AB4202D0284600F038FBB3
:1061CC00656170BD6361FCE70C0F002038B590F978
:1061DC000D200146002A437B04DA03F07F0343734E
:1061EC0003F0B2FD0D4D2A4652F8184FAB6894429D
:1061FC0000D004B9EC688B4207D05A7BD20604D18C
:10620C00DA897F2A01D9A2692AB1A34202D0204699
:10621C0000F00EFB23466B6138BD00BF0C0F002055
:10622C00B3F1FF3F08BFB2F1FF3F03D00249183072
:10623C0000F0A6BB704700BF4F9E000070B590F9F0
:10624C000D200146002A437B04DA03F07F034373DD
:10625C0003F07AFD1C4C4B7B224663F07F034B739F
:10626C0052F8183FE069934207D1C1E90020016060
:10627C00E16111E09842F8D01B68002BF5D091F940
:10628C000E5093F90E60B542F4D0AE42F2DD586870
:10629C00C1E9003001605960A569A368954200D03E
:1062AC0005B9E5688B4207D05A7BD20604D1DA894E
:1062BC007F2A01D9AA692AB1AB4202D0284600F044
:1062CC00B7FA2B46636170BD0C0F0020F8B5DDE901
:1062DC0006670D4B0C46986811460C4A1060EFF39C
:1062EC001182202282F31288BFF36F8F9D6828469B
:1062FC0003F03CFD284632463B46FFF791FF204613
:10630C00BDE8F840FFF706BF0C0F0020300F00204F
:10631C00F8B50446EFF31187202383F31288BFF3FB
:10632C006F8F437B49B203F01F02002A0CBF01267A
:10633C00002639D103F07F032D4D437303F004FD88
:10634C002A46437B817363F07F03437352F8183FF3
:10635C00934227D1E869C4E900200460EC610FE0A6
:10636C009842F8D01B68002BF5D093F90EC061450C
:10637C00F6D08C45F4DD5968C4E900310C605C60E2
:10638C00AC69944200D004B9EC68AB689C4202D072
:10639C00204600F04DFA6C6187F31188BFF36F8FC4
:1063AC003046F8BDE869DEE79B071ED5856803F02B
:1063BC00CBFC81732B689D4209D16B68C4E90053F7
:1063CC001C606C60E8E76A689342F6D01B68002B8F
:1063DC00F3D093F90E209142F5D08A42F3DD5A683E
:1063EC00C4E9003214605C60D6E78173D4E700BF67
:1063FC000C0F002049B9EFF3058030B9054B5A69F1
:10640C009B689A4201D0FFF785BE81F31188BFF3D8
:10641C006F8F70470C0F0020034648B9EFF30582CD
:10642C0032B9064A51699268914201D0FFF772BEA7
:10643C0083F31188BFF36F8F704700BF0C0F0020E0
:10644C00EFF31181202383F31288BFF36F8F054B79
:10645C009A68D37B013BD37381F31188BFF36F8FA1
:10646C00704700BF0C0F002070B5EFF3118620238E
:10647C0083F31288BFF36F8F144DAB68DA7B013254
:10648C00DA732A4652F8184F944200D004B9EC68DB
:10649C005A7BD20604D1DA897F2A01D9A2692AB1A2
:1064AC00A34202D0204600F0C3F923466B6186F369
:1064BC001188BFF36F8FEFF31180202383F31288C1
:1064CC00BFF36F8FBDE87040FFF7A6BF0C0F002025
:1064DC00024B03F11802C3E9062270470C0F00208F
:1064EC0070B5EFF31186202383F31288BFF36F8FFF
:1064FC001B4CA168E0690B68814214BF1A4600224C
:10650C0049680B605960A368E1692AB9154AC3E967
:10651C0000210B60E3610CE093F90E0092F90E5030
:10652C00A84218D0854216DD5168C3E900210B60E2
:10653C005360A5690B4B9D4200D005B9E568A36873
:10654C009D4202D0284600F073F965613046BDE8E3
:10655C007040FFF7DFBD8A42D8D01268D5E700BF84
:10656C000C0F0020240F0020F8B550EA010306465A
:10657C000C4603D1FFF7B4FF0020F8BDEFF31187F1
:10658C00202383F31288BFF36F8F124D124BA86830
:10659C001860FFF71BFEA868234632460F491830D7
:1065AC0000F0EEF9AA680446537B384643F0040326
:1065BC005373FFF7AFFDAB68D3E90A23B3F1004F78
:1065CC0008BF002AD8D103F0C4FC201A20EAE070DE
:1065DC00D3E700BF0C0F0020300F00204F9E0000AF
:1065EC0038B504460D46FFF7BFFFB5F1FF3F08BFB6
:1065FC00B4F1FF3F0246204618D000234FF47A74C2
:10660C0047F611201946C2FB040147F612229042AC
:10661C0071F100020BD3084B834243F608538B41B4
:10662C0007D347F612220023F9F722FF38BD18468C
:10663C00FCE76FF00040F9E7ED85FFFF38B5044645
:10664C00EFF31185202383F31288BFF36F8F437B05
:10665C005B070FD5183003F054FC637B204623F006
:10666C0004036373FFF770FD2946BDE83840044806
:10667C00FFF7C0BE85F31188BFF36F8F38BD00BF25
:10668C0023160020014B9868704700BF0C0F0020A8
:10669C002DE9F8430446077BEFF31185202383F3A0
:1066AC001288BFF36F8F437B190705D585F31188CB
:1066BC00BFF36F8FBDE8F883D90943F0080260D1AE
:1066CC004273A36813B1204603F046FB04F1180093
:1066DC0003F017FCA66D04F15808B04511D04FF02B
:1066EC00000976B1304603F037FB06F1180003F0D1
:1066FC0008FC3046C6F8BC90FFF726FDA66DB045E9
:10670C00EFD1DFF8C480D8F808309C4241D1EFF3C8
:10671C000589B9F1000918BF4FF00109D8F81860C4
:10672C002A4A964200D00EB9D8F80C60B34202D077
:10673C00304600F07DF82046C8F8146002F088FA64
:10674C00204600F0CDF8B9F1000F02D02048FFF739
:10675C00D3FCD8F808309C4231D1EFF3058373BBDE
:10676C00227BD20718D42846FFF7D4FCFB07A1D50F
:10677C00002383F31188BFF36F8F0423184602DFC5
:10678C0098E703F07F0343F00803437303F0DCFA4C
:10679C0097E74FF00009C1E785F31188BFF36F8FBE
:1067AC0083F31188BFF36F8F0423184602DFEFF3D6
:1067BC001180202383F31288BFF36F8FD4E785F306
:1067CC001188BFF36F8FD1E70C0F0020240F00202E
:1067DC00280C00200122044BC01A044BC010584353
:1067EC00034B1A54704700BFE80C0020ABAAAAAAAE
:1067FC0023160020C3897F2B12D80A4B1B6863B168
:10680C00094B90F90E201B689A4209DB437BDB068F
:10681C0006D1064BC31A18BF012303F001007047C1
:10682C000023FAE77C030020340F0020A80A002084
:10683C0070B50E4B0E4C1E7C054606EB460304EB66
:10684C00C304204603F05DFB00220A4B28469A55F0
:10685C00FFF7D0FF48B1084B2046BDE870401A68DE
:10686C000649013AD31700F08BB870BD0C0F00200D
:10687C00E80C0020231600207C030020E1670000B8
:10688C0038B5EFF31185202383F31288BFF36F8F94
:10689C00104B114A9C681068A04206D1FFF7C8FF44
:1068AC0085F31188BFF36F8F38BD00211B7C1160FD
:1068BC000A4AD35C002BF3D02046FFF79BFF00283D
:1068CC00EED0637BDB0602D12046FFF7B7FC2046F7
:1068DC00E4E700BF0C0F0020300F0020231600202F
:1068EC00EFF31181202383F31288BFF36F8F0C4ACF
:1068FC00136A834208D1D3F88030136281F3118874
:10690C00BFF36F8F70471346002BF7D0D3F880205E
:10691C008242F8D1D0F88020C3F88020EEE700BF87
:10692C000C0F0020024B1868984208BF00207047DB
:10693C0080030020034B1B680BB9FDF78DB90020B9
:10694C00704700BF380F002030B570B10B4B5B683F
:10695C0098420AD0036843B1D3E90421D0E9044535
:10696C00121941EB0501C3E90421D0E9003213608F
:10697C005A600023C0E9003330BD00BF8003002003
:10698C00B3F1FF3F08BFB2F1FF3F2DE9F84F0446CA
:10699C00994615461F467AD08160EFF31188202363
:1069AC0083F31288BFF36F8FB9F1000FDFF8E4A007
:1069BC0020DBFFF7BFFFDAE90027013549F10009B9
:1069CC002D1849EBE07306464FF00109C4E9045356
:1069DC00AD1843EB0707FFF7A5FF0346DFF8B8E058
:1069EC00DEF804A0EBB9C4E900EACAF80040CEF81E
:1069FC00044028E06FF00103DAE900125B1A4FF053
:106A0C00FF3161EB02025B1B62EB0902012B72F19D
:106A1C000001BCBF012300224FF00009C0E9043281
:106A2C00D9E7D3E9041CD4E904208A4270EB0C0B9F
:106A3C0024DA891A5A686CEB0000C3E90410C4E923
:106A4C00003214605C60FFF76DFF84420ED1134B73
:106A5C001B685BB9B9F1000F02D1FFF76BFF06465B
:106A6C00304603F037FA0021FDF70AF988F3118854
:106A7C00BFF36F8F28463946BDE8F88F521A60EB8A
:106A8C000C009A45C4E90420ADD01B68AAE7002588
:106A9C002F46EFE7000D002080030020380F002068
:106AAC002DE9F047EFF31185202383F31288BFF310
:106ABC006F8FDFF8A0900026C9F800000027FFF7C1
:106ACC0031FFDFF89480D9F80030D8E900ECD91701
:106ADC0050B1D0E90442A34271EB020A1BDAE41A6A
:106AEC0062EB0102C0E90442002413EB0E034CEBF1
:106AFC0001012046C8E90031C9F8004003F0EAF969
:106B0C002146FDF7BDF885F31188BFF36F8FBDE803
:106B1C00F047FFF7B5BE14EB0E024CEBE473C0E983
:106B2C000467C8E90023FFF70FFF85F31188BFF353
:106B3C006F8F83689847EFF31185202383F31288B6
:106B4C00BFF36F8FD9F800301B1BC9F80030FFF76B
:106B5C00E9FEB8E7380F0020000D002010B5EFF368
:106B6C001184202383F31288BFF36F8FFFF7E2FEAB
:106B7C000346054AD2E90001181841EBE37184F38E
:106B8C001188BFF36F8F10BD000D0020F8B50546BE
:106B9C00EFF31187202383F31288BFF36F8F036801
:106BAC0023B187F31188BFF36F8FF8BDD0E90A4684
:106BBC00611C46F10002022972F1000236D3012C4D
:106BCC0076F10002BCBF01241E46013C46F1FF36A3
:106BDC0003F0C3F9013041F10001001946EB01014A
:106BEC00012871F1000130DB03F0B7F96FF00203FB
:106BFC00013041F10001001946EB010183426FF0B5
:106C0C0000438B4126DB03F0A8F9013041F1000170
:106C1C006FF00102001946EB01034FF0FF31121A1D
:106C2C0061EB030328461C49FFF7AAFE2B6B0133CB
:106C3C002B632B6A93B93C462B4653F8185F9D4245
:106C4C0000D0D5B984F31188ADE76FF001024FF095
:106C5C00FF33E7E700224FF00043E3E787F31188A7
:106C6C00BFF36F8F28462B6A9847EFF311842023CC
:106C7C0083F31288BFF36F8FDEE7284603F0ADF87D
:106C8C000023C5F8BC3084F31188BFF36F8F2846FE
:106C9C00BDE8F84003F092B8996B00002DE9F04183
:106CAC0005461C4690461F46EFF31186202383F3BE
:106CBC001288BFF36F8FB4F1FF3F08BFB2F1FF3FF3
:106CCC0005D186F31188BFF36F8FBDE8F081002CDE
:106CDC0009DB012A74F10003BCBF0122002412F16C
:106CEC00FF3844F1FF37284603F00BF9DDE90601C4
:106CFC000023C5E90A012B6342463B46284602495C
:106D0C00FFF73EFEDDE700BF996B000038B5064C7F
:106D1C00064DAC4201D3002038BD2046D4E9011207
:106D2C0003F045F91434F4E70804002008040020AB
:106D3C00F8B50D4E0D4C0E4D33680E4898476778DC
:106D4C002B680C48984733680B489847022F08D19A
:106D5C002478E31F5C425C412B6807489847204627
:106D6C00F8BD0024F8E700BFAC0300203C0F002066
:106D7C00A8030020580400204404002070B51D4EC8
:106D8C001D4C33681D4898472378590744BF23F09E
:106D9C000403237023789A0705D500F0C1F82378F3
:106DAC0023F002032370164D14482B689847336860
:106DBC0014489847637813B1134803F02DF9002356
:106DCC0004211148637000F0CBF82B680D489847EC
:106DDC0033680A4898472378DB0705D503F019F97F
:106DEC00237823F0010323702B680448BDE870401E
:106DFC00184700BFAC0300203C0F002044040020C7
:106E0C00A803002058040020400F00202DE9F04179
:106E1C00FFF78EFF18B100242046BDE8F081364FF5
:106E2C0036483B689847044620B16FF08F04FFF753
:106E3C00A5FFF1E7324D2B78D80706D403F0E7F81D
:106E4C0004462B7843F001032B702E4E2B483368ED
:106E5C00984710B1002CE8D0E9E7002CE7D13B684B
:106E6C002648984704460028DFD12B78990706D48A
:106E7C0000F04EF804462B7843F002032B70336875
:106E8C001E4898470028E5D1002CD0D13B681B4800
:106E9C0098470028C9D13368184895F8008098475E
:106EAC000028C2D13B681848984704460028BCD13A
:106EBC006B7843B918F0010F05D0144803F0AAF809
:106ECC00022304466B7033680F4898470028C1D1E1
:106EDC00002CACD13B68094898470028A5D12B78E9
:106EEC0006485A075CBF43F004032B70336898477D
:106EFC00002890D099E700BFAC0300204404002088
:106F0C003C0F0020A803002058040020400F002054
:106F1C000122024B002083F880257047440F00208B
:106F2C002DE9F0410A4C002526464FF001080327B5
:106F3C002046C4F820802777013503F04BF8202D2C
:106F4C0004F12C04F4D1002386F88035BDE8F081DF
:106F5C00440F0020014B1B68184700BF880300201A
:106F6C0010B50A46044619B1024B00211B6898471C
:106F7C0010BD00BF8C03002010B50C4C206803F032
:106F8C0007FA0B4A1368591C11604BB9094A48207F
:106F9C00D2F8003443F00703C2F80034FBF714FBBB
:106FAC002068BDE8104003F0F9B900BF940300203D
:106FBC00C81400200080045038B5164D286803F022
:106FCC00E7F9154B1C68013C1C60ECB94820FBF739
:106FDC0009FB0722114BC3F80823D3F8002422F035
:106FEC000702C3F80024C3F80041D3F80021C3F80A
:106FFC000441D3F804214FF48072C3F80841D3F84C
:10700C000831074BC3F888212868BDE8384003F0E5
:10701C00C5B900BF94030020C814002000800450A0
:10702C0000E100E070B5104D104E2B68B3420DD04E
:10703C00FFF7A2FF00F0E6FC00F022FD40B102F0E9
:10704C00F8FF0446FFF7B8FF44B92E60002405E0B2
:10705C0000F0E0FA044618B1FFF7AEFF204670BD11
:10706C0003F0F7F8EDE700BF900300201173650003
:10707C004FF480732DE9F04796B0804603A8039334
:10708C00002403F062F84FF010091E4E0DF12F058D
:10709C0025F01F0506F1200A012210211A4803F0E1
:1070AC0033F82B1900935246102320211548CDF8A4
:1070BC00049000F0EDFA0746F8B9D6E90C3210341A
:1070CC00013342F10002302CC6E90C32E4D1B8F1A4
:1070DC00000F04D022464146284603F008F82E46FD
:1070EC00084C0FCE0FC496E80F00203584E80F0033
:1070FC0095E80F00103484E80F00384616B0BDE850
:10710C00F08700BF080D0020280D0020F0B5194DA8
:10711C00194FAB6B8DB0BB4229D0184E306803F0C1
:10712C0037F9402300221946284602F0F7FF302198
:10713C00684603F017F8044678B96846FFF798FFDD
:10714C00044690B9302302461946684602F0E6FF21
:10715C0001220023C5E90C23AF63306803F01EF94C
:10716C00204602F066FF0DB0F0BD0E24F5E70020BE
:10717C00F9E700BF080D0020B4A5B4A598030020C2
:10718C002DE9F04F99B00DF1570802F10F09824625
:10719C000E46144628F01F084FEA191922B100298F
:1071AC006DD0B2F5803F6AD8364F374D386803F052
:1071BC00EFF8D5E90C3213430BD15046FFF7A6FF7D
:1071CC00834630B1386803F0E9F8584619B0BDE889
:1071DC00F08FD5E90C2319EB020243F10003B3F550
:1071EC00803F14D3302102A802F0BCFFE8B902A8FA
:1071FC00FFF73EFF83460028E4D1302302461946B0
:10720C0002A802F08BFF00220023C5E90C234FF4E7
:10721C00807302A8029302F098FFDFF870A03CB9CB
:10722C002046FFF725FF8346CCE76FF0920BC9E7AA
:10723C00102C4FF001024FF010015046A14628BF10
:10724C004FF0100902F060FF102352462021CDE9C7
:10725C0000830D4800F01CFA83460028B2D14A4640
:10726C003046414603F022F9D5E90C32013342F1A4
:10727C000002C5E90C32A4EB09044E44CFE76FF0D1
:10728C00860BA2E798030020080D0020280D002093
:10729C000022074BC3F81021C3F80C21C3F80021BE
:1072AC00C3F80421C3F80821C3F81421704700BFA8
:1072BC000050045008B5FFF7EBFF01230360104B9F
:1072CC000A6832B9D3F80C211AB9D3F80821002A6C
:1072DC00F6D00B687BB90B4B99420ED0A3F5847397
:1072EC00D3F80831002B0CBF4FF0FF306FF00200C9
:1072FC00FFF7CEFF08BD0020FAE74FF0FF30F7E7AD
:10730C00005004500851045038B505460C4691B154
:10731C000021012002F0B2FA08480949C0F80055D2
:10732C00C0F80445FFF7C6FF00210446084602F0EA
:10733C00A5FA204638BD6FF00104FAE7005004505E
:10734C0000510450034B0449C3F800050348FFF7F0
:10735C00B1BF00BF005004500451045004500450FD
:10736C0010B504460021012002F088FA064B0749AB
:10737C00C3F800450648FFF79DFF00210446084668
:10738C0002F07CFA204610BD005004500851045005
:10739C000850045038B50C4659B1074D0749C5F88B
:1073AC0000050748FFF786FF10B9D5F808352360AC
:1073BC0038BD6FF00100FBE7005004501051045031
:1073CC000C5004502DE9F04F89B006460F469046FC
:1073DC001D4602F01BFF044678B973690090C3F395
:1073EC00013262F305148DF8004014F0300408D11A
:1073FC00B168890710D06FF08604204609B0BDE84B
:10740C00F08F102C08D1BDF8023023F4F87343F43C
:10741C00A873ADF802304EE0DBB2F82B02D06FF05F
:10742C008504EAE700234FF0010B9E4619461846E7
:10743C00D6F808C0DFF8CC9159F804AB1CEA0A0F57
:10744C0008D00BFA00F343EA0E0303F07F0E01237E
:10745C0041EA0A0101300728EED12BB19DF8033027
:10746C006EF347038DF803303CEA0101D7D17388E2
:10747C00FF2B35D005D8802B34D0C02BCFD1022395
:10748C0003E0B3F5807FCAD104239DF8021063F3A7
:10749C0006118DF8021014B91CF0030FABD133791F
:1074AC00022B2BD020D8012BA5D1BDF8021063F3F1
:1074BC00C811ADF80210012A6FD0032A23D0002A7C
:1074CC0099D13388B3F5105FA9D1182D6DD0202D2B
:1074DC0070D0102D8FD1DFF830A101251F261AE0B6
:1074EC000323D2E70123D0E7032B01D0FF2B82D15A
:1074FC000221BDF8023061F3C8138AE7BDF80230EF
:10750C0043F4C07385E7412D3DD104254F26DFF8A8
:10751C00FCA008F101080024381902F04BFE0028E9
:10752C006CD00134AC42F7D11F2E07D02946384617
:10753C0002F054FE044600287FF45FAF009B4FF02E
:10754C00FF39079300239B46CDF818A0BDF8022005
:10755C004344C2F3C112059201AC03F1100C224654
:10756C0018685968083303C263451446F7D101A95A
:10757C0007EB0B00FFF7C8FE044630B302F046FEE3
:10758C006FF0920439E7182D19D0202D1AD0102D38
:10759C007FF431AFDFF874A09FE7302D7FF42BAF71
:1075AC0003253F26DFF868A0B5E7DFF85CA00225CD
:1075BC002726B0E7DFF850A002252F26ABE7DFF82F
:1075CC004CA0F4E7DFF844A0F6E71C2101A80BF16E
:1075DC00010B02F0AEFDAB4506D00AEB0B12CDE968
:1075EC0006294FEA0B13B1E71F2E3FF406AFBA2062
:1075FC00FFF7B6FE00283FF400AFC1E76FF08A0436
:10760C00FBE600BFC0B50000400081510000002027
:10761C001084045010B590B01C22002101A802F077
:10762C0052FFF82002F0C6FD08B3202200200DEB1B
:10763C000201FFF7A5FD0446F8B901A84FF48071CB
:10764C0002F0C2FD0E4B0F4904930F4BCDE9011311
:10765C000E4BF821069320230DEB0302FFF7B2FE2D
:10766C00202104460DEB010002F063FD05E0F9203A
:10767C0002F0A0FD0028D8D10446204610B010BD61
:10768C000010C00400240001014B4E80F800FF7F65
:10769C002DE9F3411D464FF48073284C80460020A1
:1076AC0017460E46019300F037F901AB2360112306
:1076BC00234A0121C4E9022304F11003636040F65C
:1076CC001103E36104F1200363612123089AE3624F
:1076DC001C4B46F000561A60099A45F0005542F0D2
:1076EC000052C3E901122022C4F81080A66127625F
:1076FC00A5626162DA60BFF35F8F4FF0A342146042
:10770C00BFF35F8FBFF35F8F1361BFF35F8FBFF367
:10771C005F8F03235363BFF35F8FBFF35F8F93635D
:10772C00BFF35F8F02F0D1FD431C0446FAD000205A
:10773C0000F01CF9204602B0BDE8F081DC140020FA
:10774C0004000020CC140020BFF35F8F094A13689B
:10775C00BFF35F8F43F48071BFF35F8F1160BFF392
:10776C005F8F23F48073BFF35F8F1360BFF35F8F62
:10777C00704700BF0010805108B5FFF7E5FFBFF35D
:10778C005F8F064A1368BFF35F8F43F00103BFF3AB
:10779C005F8F1360BFF35F8F08BD00BF0010805177
:1077AC0070B50026C0E9006605460C46FFF7E4FB01
:1077BC0001232B70FFF7C8FFBFF35F8F204BDB68F3
:1077CC00BFF35F8F9B08013BACB3226842B19A4276
:1077DC0005D9FFF7F1FB6FF03F002E7070BD13461B
:1077EC00D4E90115E068002908BF4FF400710028A6
:1077FC0008BFF1202469BFF35F8F114A9360BFF378
:10780C005F8FBFF35F8F1564BFF35F8FBFF35F8F25
:10781C005064BFF35F8FBFF35F8F5163BFF35F8F14
:10782C0044F4802444F00104BFF35F8F1460BFF371
:10783C005F8F0020D2E74FF40071F1202546DAE784
:10784C000010805170B503780D461446002B53D0B0
:10785C00BFF35F8F2D4A136BBFF35F8F5908C3F3D0
:10786C004203052B4BD011F0060F02D14FF0FF3025
:10787C0070BD4368D3B9BFF35F8F5368BFF35F8F9D
:10788C00032BF3D9224B2349BFF35F8FD2F88060CF
:10789C00BFF35F8FBFF35F8F43F8046BBFF35F8F52
:1078AC008B42F1D1FFF768FF01234360BFF35F8F79
:1078BC00164B9A68BFF35F8F0132B4EB021F21D8CD
:1078CC00BFF35F8F5A68BFF35F8FB4EB820FCDD8D5
:1078DC0084B1BFF35F8FD3F88020BFF35F8F291D76
:1078EC0005F8012B8D424FEA122204F1FF34EFD040
:1078FC00002CF5D10020BBE76FF02000B8E76FF04B
:10790C005100B5E76FF03F00B2E700BF00108051A7
:10791C00101080512010805110B50446FFF72CFB3D
:10792C00104B186802F034FD0CB101232370BFF327
:10793C005F8F4FF0A3430022DA61BFF35F8FBFF379
:10794C005F8F4FF0FF321A63BFF35F8FBFF35F8F10
:10795C003422DA61BFF35F8F0122034BC3F8042397
:10796C0010BD00BF9C0300200080045010B50446DD
:10797C0038B9FFF721FBBDE81040074B186802F03F
:10798C000DBD03783BB1FFF717FB034B186802F0F2
:10799C0005FD0023237010BD9C03002038B5164C48
:1079AC00D4F80051C5B1BFF35F8F4FF0A343996A70
:1079BC00BFF35F8FBFF35F8F4FF0FF321A63BFF3DC
:1079CC005F8F0023C4F80031D4F800310B4B1868DA
:1079DC00BDE8384002F0F5BCD4F8083153B100F0E2
:1079EC006DF802F0A3FCC4F80851D4F80831012159
:1079FC00034BECE738BD00BF00800450A40300200B
:107A0C00A003002008B5074B186802F0C9FC064B10
:107A1C00186802F0C5FCBDE8084000224820114659
:107A2C00FAF702BEA4030020A003002038B5094BCE
:107A3C001C7864B1084B4FF0FF311D68284602F0EA
:107A4C00B1FC4FF0FF310446284602F0B8FC20464A
:107A5C0038BD00BF22160020A403002010B5064C30
:107A6C00236D3BB9214651F8503B986902F062FCFA
:107A7C0001232365014810BD0C1500205C15002066
:107A8C0038B500240B4D0C4BEC662B6003F5C04352
:107A9C006B60FFF7E3FF50B16B6D2046B3F5007FD1
:107AAC00CCBF4FF480634FF40073AB6038BD0E2035
:107ABC00FCE700BF0C1500200020805100487047E7
:107ACC000C1500202DE9F0434FF0000985B0054658
:107ADC00CDF8049000F10C07EFF31188202383F309
:107AEC001288BFF36F8F8368594003EA02060A407D
:107AFC0053400E4901AACDE9023902F0C9F9019CA3
:107B0C003CB12046C4F8BC900021246E02F076F9FA
:107B1C00F6E7DDE9023223EA020338464146AB6060
:107B2C00FEF768FC304605B0BDE8F0835DA40000AC
:107B3C000CB430B589B005460C461C22002101A8B6
:107B4C0002F0C1FC022305958DF806300D4B029313
:107B5C0023462CB1B4F1004F28BF4FF00043013B3A
:107B6C001D440DAA0C9901A80695009200F00CF882
:107B7C0014B1059B00221A7009B0BDE8304002B068
:107B8C00704700BFC7A500002DE9F04F43688DB0CA
:107B9C0015468046029383789A0740F10D810024A4
:107BAC000E78002E00F00A81252E0BD04B1C03936F
:107BBC00013441463046029B98470028C0F2F680BB
:107BCC000399EDE74E788B1C252E0393F0D00027FC
:107BDC00B946BB46BBF11F0F38D8A6F12003102BBA
:107BEC000AD8DFE803F02A09093009090921090933
:107BFC000928092D09091F00A6F13003092B33D9D7
:107C0C002A2E37D11BF0400F55F8043B40F08280F0
:107C1C00002BA7BF4BF0200B9946C3F100094BF08A
:107C2C00280B01E04BF0010B039B13F8016B039342
:107C3C00002ECFD130E04BF0020B4BF0040BF3E7EE
:107C4C004BF0080BF0E74BF0100BEDE7BBF17F0F9F
:107C5C0019D8A6F13003092BD2D81BF0400F03D052
:107C6C000A2101FB0737DFE70A214BF0200B01FB50
:107C7C000939D9E72E2E06D11BF0400F40F09E801B
:107C8C004BF0400BD0E76C2E31D02BD8682E36D071
:107C9C006A2E3CD04C2E3AD0002F46F02003B8BFB1
:107CAC002BF04002A3F16501BCBF00271FFA82FB39
:107CBC00022901D9612B2FD107350727DFF8ACA298
:107CCC0025F0070508351BF0080F66D00AEB070BEB
:107CDC0056465E4563D1A4EB0A0AA9EB070906EBED
:107CEC000A026FE1742E9FD07A2E9DD0D4E71BF040
:107CFC00800F18BF4BF4007B4BF0800B94E71BF408
:107D0C00807F18BF4BF4007B4BF4807B8CE74BF4EB
:107D1C00207B89E71F4687E7A6F16301122900F251
:107D2C00F080DFE811F013004F00EE00EE00EE00E3
:107D3C00EE004F00EE00EE00EE00EE00EE00FE0056
:107D4C00E900EE00EE001B00EE00AF0055F8043B1E
:107D5C0001270DF1180A8DF81830B4E755F804AB6B
:107D6C00834BBAF1000F08BF9A461BF0400F5046E8
:107D7C0014BF39464FF0FF3102F0BDFB0746A2E7B6
:107D8C0041462020029B984700280FDB013EB7425A
:107D9C00F6D34C44B146A41B98E74E46F7E7414650
:107DAC0016F8010B029B9847002892DA98F80230DB
:107DBC0043F0040388F802304FF0FF3420460DB036
:107DCC00BDE8F08F1BF0800F34D01BF4007F2CD05B
:107DDC00073525F00705AA4669685AF8080B2BF0F9
:107DEC0010050029ADB237DA404245F4806561EBED
:107DFC0041010DF1180B0A235A4602F088FBA0EB47
:107E0C000B0301936B0662D5019B25F001019F4288
:107E1C0089B240F3A180002E00F0998015F0100279
:107E2C0040F09C80BB460D4623E0AA465AF8040B52
:107E3C00C117D4E7AA461BF4807F5AF8041B01D162
:107E4C000846F5E71BF4007F19BF48B241F3C01197
:107E5C0008B241F3C031C2E750EA0103C9D11BF0AB
:107E6C00400FC6D0002FC4D12BF01102BB46019796
:107E7C0095B240F2064115EA01021CBF0BF1010B51
:107E8C0000222CE02BF010020A231FFA82FB1BF0BD
:107E9C00800C49D01BF4007115BF0735AA4625F09C
:107EAC0007055AF8040B1EBFAA4669685AF8080B56
:107EBC0050EA010545D12BF016051BF0400FADB271
:107ECC0042D0002F40D12BF01702019795B215F03C
:107EDC00100248D0019B002E42D103F1010B29075F
:107EEC005AD4EB0706D5D9456FDDA9EB0B030199E5
:107EFC00CB465F185B4649E04BF0100B10237826FD
:107F0C00C5E7782B04D1C6F1780343F01003BEE724
:107F1C0041462520029B98470028FFF647AF0234C4
:107F2C0047E608230026B2E7AA461BF480715AF8EC
:107F3C00040BBDD01BF400711ABFC0B2614680B2F5
:107F4C00B6E72BF0060295B20DF1180B54E725F0AD
:107F5C001105BB46ADB28CE70D46B8E73B460D4666
:107F6C0003F1020BBBE7DDF804B082E7E4C10000CB
:107F7C00DDC10000CDE9043241462020029B984728
:107F8C000028FFF613AF049B059A01339945F1DCE9
:107F9C00A4EB0B019B46CC180AB341463020029B44
:107FAC0098470028FFF602AF8EB901342744391BDD
:107FBC00019B994224DC1D4655BB019AA9EB0B0988
:107FCC00554622441446914433E0019F92E7023413
:107FDC0041463046029B98470028E7DAE6E640F235
:107FEC0006410D42E2D015F0020F04F101044146A6
:107FFC0014BF2B20202015F4806F18BF2D20E9E72B
:10800C0041463020029B013498470028CFDACDE658
:10801C0006AB013D4146585D029B98470028CBDAE0
:10802C00C4E641462020029B013498470028FFF605
:10803C00BDAEA9EB0403002BF3DCC1E5704700F0E7
:10804C0033BD836800EBC101B3F5004F2CBF51F871
:10805C00220031F81200704700EBC1018068B0F5C6
:10806C00004F2CBF41F8223021F81230704701220A
:10807C0008B5FFF7E6FFD04008BD836800EBC101EF
:10808C00B3F5004F08D34B681AB143F001034B60B2
:10809C00704723F00103FAE74B881AB143F0010350
:1080AC004B80704723F00103FAE753000122FFF7DE
:1080BC00D3BF8368481CB3F5004F34BF0423082397
:1080CC000833A0EBD300B0FA80F0C0F11F0070476A
:1080DC002DE9F0410D4686680446FFF7C8FFB6F55A
:1080EC00004F014601D3012832D02046FFF7E1FFB3
:1080FC0004EB80010E6996B90122E36882401343B8
:10810C00E36002220D612B4629462046FFF7A4FFAF
:10811C00032229462046BDE8F041FFF79DBF02220D
:10812C0031462046FFF78DFF074603462946204679
:10813C00FFF792FF0322334629462046FFF78CFFB8
:10814C0039462B462046FFF787FF02223146E1E7EE
:10815C00BDE8F081B2F5802F2CBF082304232DE954
:10816C00F0410026D21A8C18CD1D25F0070524F0FD
:10817C000704641BE408056021462846AC60EE60E9
:10818C00FFF797FF421D9200013002F107074FEAFB
:10819C00D7073146A2F1100205F11000B8BF3246E4
:1081AC0002F091F93A4631462846FFF77EFF3346F6
:1081BC00324631462846FFF74FFFA4EB0708284606
:1081CC0031460122FFF759FF42463946FFF76DFF52
:1081DC003B46324639462846FFF73EFF21462846A5
:1081EC00FFF763FF4346324621462846FFF734FF2C
:1081FC00214628460122FFF740FF3946BDE8F041F1
:10820C00FFF766BF2DE9F04706460D461746984620
:10821C002BB34FF0000A98F8004093F80190DB78EC
:10822C00A40004EB430498F802301C444444CA45AF
:10823C0009D339463046AC46D8F8042008F1080377
:10824C00BDE8F047604714F8013B0AF1010A2046EB
:10825C0048F82340F8F726F901300444E7E76FF0BB
:10826C001500BDE8F08770B5002502462846144677
:10827C0014F8013B0BB9184609E098B18D4207D1AF
:10828C00702B04D0A3F140023A2A0BD8002070BD09
:10829C00A3F140063A2E05D853780135941C002BD7
:1082AC00E9D00020252B224608BF80F00100DEE734
:1082BC00002070470FB407B504A951F8040B0191C5
:1082CC0000F066FB03B05DF804EB04B0704710B52A
:1082DC000369024613F0080009D11368D4689C4264
:1082EC009BBF0120126AE31AD31A0B6010BD002346
:1082FC001846FAE713B501A90446FFF7E8FF20B1C9
:10830C00019BE268013B13440193206A019BC01A54
:10831C00013802B010BD10B5044650182269236A0A
:10832C00D20702D5013B184010BD984228BFC01A95
:10833C00FAE710B504460A46C168FFF7ECFF23695B
:10834C00E06023F00803236110BD38B50D46C26907
:10835C008B00016843F00203044642F821300168A7
:10836C002A46FFF7D8FFE3686168984208BF236983
:10837C00206008BF43F008032A46204608BF23614B
:10838C00FFF7C9FF606038BD2DE9F74FC768C669B4
:10839C009B4606EB8703009316F82730044603F040
:1083AC000303022B884691464FF000030BD0136059
:1083BC00CBF8003023699B0713D44FF0000A5046CA
:1083CC0003B0BDE8F08F56F8271013608908CBF87E
:1083DC000030EFD0FFF7ADFFE368A3604FF0010A68
:1083EC00EDE7A36906EB8700984716F827200546AA
:1083FC0012F0010AE1D012F002021FD0B8F1000F06
:10840C0003D041462046FFF7A0FF61682A4620466C
:10841C00FFF781FFD4E902219142606006D12A4620
:10842C002046FFF778FF4FF0000AA060A268226098
:10843C00E260226942F008022261C0E70146204650
:10844C000192FFF776FFE368A360B8F1000F04D048
:10845C002168E369019A43F8212005EB0802CBF867
:10846C00002021682046FFF756FF2369206043F067
:10847C000803236116F827306FF3000306F8273042
:10848C00009BC9F80030A9E770B504461546FFF704
:10849C0042FF2368834205D12369216023F008033E
:1084AC00236170BDE269AB0043F0020342F8213056
:1084BC0061682A462046FFF72EFF6060F1E738B569
:1084CC00036904465B0706D5456AFFF713FF85422F
:1084DC002CBF6562606238BD38B50D4604461C225F
:1084EC00002101F0F0FF0022EB68A361AB6863612F
:1084FC002B68E3616B68626223622A6923B1591E9F
:10850C00194208BF42F001022261012204F1280045
:10851C000021BDE8384001F003BC2DE9F04F0025E7
:10852C0087B00093036A04468B420E469246A946D6
:10853C000395059539D3EFF3118B202383F3128820
:10854C00BFF36F8F059AD8462AB129462046FFF70C
:10855C009BFF0023059304A92046FFF7B8FE04995E
:10856C000746B1422AD32268E369204613F8221049
:10857C0003EB820921F0030103F822102168324633
:10858C00FFF7C9FEE3682060984212D0002788F3F9
:10859C001188BFF36F8F039929B162690AB1204624
:1085AC00904700230393002FC5D1484607B0BDE880
:1085BC00F08F236943F008032361E7E718B12046E5
:1085CC00FFF7C3FEE3E7009B5AEA03021CD00191BC
:1085DC0001F0B2FB0199B8B9BBF1000F14D187F3CC
:1085EC001188BFF36F8F5246009B04F12800FDF7F2
:1085FC007FFCEFF31188202383F31288BFF36F8F76
:10860C00B0FA80F77F09C2E7204605AB03AA2568BC
:10861C00FFF7BAFE0746BAE770B504468369084609
:10862C000D4698470246EFF31186202383F31288F8
:10863C00BFF36F8F2B78204643F001032B706168DA
:10864C00FFF769FE60602046FFF739FF86F311885B
:10865C00BFF36F8F70BD2DE9F04104462027EFF377
:10866C00118687F31288BFF36F8F236913F0080FFD
:10867C00A36802D16268934200D9226AD21AE169D6
:10868C0032B986F31188BFF36F8F4FF0000833E0D7
:10869C0011F8232001EB830812F00300F1D002281B
:1086AC0003D151F82350AD0805D1D00712D4404660
:1086BC00A36998470546A1682A462046FFF72BFE7A
:1086CC002946A0602046FFF734FE86F31188BFF3DD
:1086DC006F8FC4E742F0020201F82320A3694046E1
:1086EC00A5689847294602462046FFF714FEA0606D
:1086FC0086F31188BFF36F8F4046BDE8F081F8B563
:10870C000446836908460D4698470646EFF31187E1
:10871C00202383F31288BFF36F8F2B786FF3000342
:10872C002B7023699B0705D5E268E36903EB820391
:10873C009D421AD12B786FF341032B70D4E902318F
:10874C00994204D132462046FFF7E5FDA060314640
:10875C002046FFF7EEFD87F31188BFF36F8F04F10E
:10876C002800BDE8F840FDF78FBB2B6860F39F0332
:10877C002B60F0E7EFF31181202383F31288BFF312
:10878C006F8F036913F0080F836802D1426893421C
:10879C0000D9026AD31A81F31188BFF36F8F181EA8
:1087AC0018BF01207047038B13F0070305D1036832
:1087BC00002B0CBF002003207047022B05D1408BEF
:1087CC00B0FA80F0400980007047012B05D1036896
:1087DC00002B0CBF0020052070470020704710B5FF
:1087EC000C4600B111B96FF0150010BD081D00F05A
:1087FC0093F80028F9D1A368032BF6D9F3E72DE9F8
:10880C00F0410D4607461946281D90461E4600F0BD
:10881C0094F8044638B13346424629463846A446B5
:10882C00BDE8F0416047BDE8F08110B4EFF3118270
:10883C00202484F31288BFF36F8F416110BC012197
:10884C00F8F798BC38B50C46054658B151B10B68D1
:10885C0043B14B6833B11C22002101F034FE0020DF
:10886C002C6138BD6FF01500FBE770B505460E4660
:10887C00FFF7B5FF041E14DBEFF31182202383F303
:10888C001288BFF36F8F4FF6FF716B8B2C8B8B4263
:10889C0004F0070407D182F31188BFF36F8F6FF0D8
:1088AC000A04204670BD022C0CD101336B8382F379
:1088BC001188BFF36F8F0023224631462846FFF7FD
:1088CC009EFFEEE7062C14D8DFE804F00413131314
:1088DC00041A0400002333606B683BB9C5E90066D9
:1088EC00ACB902212846F8F745FCDAE71E606E6049
:1088FC00F6E782F31188BFF36F8F6FF00404D0E7B3
:10890C0082F31188BFF36F8F6FF08504C9E782F390
:10891C001188BFF36F8FC4E7034658B1426802F069
:10892C000302012A03D0032A04D1026812B10020E9
:10893C00986070476FF0150070474268034602F06C
:10894C000302032A4FF00002816014BF1046006836
:10895C005A607047704703785B075FBF03684288B3
:10896C00C3F34A2303EB12105DBF173020F007004E
:10897C008008002070470020704700F08ABC034636
:10898C00D3E8EF0F421CC3E8E12F0029F8D1704760
:10899C001FB50023CDE902011A4619461846CDE948
:1089AC000033F9F713F805B05DF804FB0120F8F774
:1089BC00C5BD002070474368DA7101224368196015
:1089CC0043685A71F8F7ACBD70B515460C4669B1E1
:1089DC00D2E901369B1B99420AD813680A46014614
:1089EC00981901F063FDAB682344AB60204670BD61
:1089FC006FF01B00FBE770B50E4615461946044692
:108A0C0018B9BDE87040F8F799BD33B1C2F34A23E9
:108A1C001030120D184401F049FDC4E900562046EF
:108A2C00BDE87040F8F72EBF2DE9F3415F1C4FEA0B
:108A3C008708064608F1170020F0070080080C464E
:108A4C001546F8F7F7FD00238DF80470ADF80530E6
:108A5C008DF8073068B10346019AA8F1040143F878
:108A6C00102F2A46294452F8045B8A4243F8045FCB
:108A7C00F9D100233146A20102F4E07242EA482205
:108A8C0022F07F4222F4700222F03F0202B0BDE8D5
:108A9C00F041FFF7B0BF07B50123019201AAFFF720
:108AAC00C3FF03B05DF804FB07B5CDE90023022337
:108ABC006A46FFF7B9FF03B05DF804FBF8B506464C
:108ACC000D4614461F4604B9F8BD214628463A46C1
:108ADC00B047241A0544F6E710B542680446D2E9BB
:108AEC00002381680068FFF7E9FF002263681A60C1
:108AFC0010BD38B54B6805461A68CB680C469A42CF
:108B0C0002D10846FFF7E8FF6368D3E8EF2F511C4A
:108B1C00C3E8E01F0028F8D1A36800209D5438BD9D
:108B2C000A2838B504460D4602D10D20FFF7E1FFA7
:108B3C0029462046FFF7DDFF002038BD2DE9F04324
:108B4C00054687B008460E8891F800900C46D1F87F
:108B5C0008801746F8F78AFF011EC6F38216C9F380
:108B6C00C2091EDB4846F8F79FFE0346214651F822
:108B7C00102B6088C2F34A22002A01EB020408BFC2
:108B8C0000210022C0F30B10CDE90407CDE902143B
:108B9C002846414601960092F8F794FF07B0BDE8CD
:108BAC00F0830023E2E7436800201B685B681961CF
:108BBC00704743681B681A685268536070470121FC
:108BCC002DE9F04143681B685A6811751D682F68C0
:108BDC00D5E90136D3E900481CB96B681C60BDE8C7
:108BEC00F081214630464246B847241A0644F3E742
:108BFC0043681B681868F9F7CFB870B543680C4622
:108C0C001D686B681869F8F775FC214603460F223E
:108C1C002868BDE87040184701F055BC01F046BC0F
:108C2C0001460068F9F748B908B5F9F7A1F9BDE8AC
:108C3C000840F9F7C1B90A460121FFF72CBF002102
:108C4C000120F9F739B9D0F8A43083F30B887047B9
:108C5C006FF08500704761B662B680F31188BFF380
:108C6C006F8F704772B6002383F31188BFF36F8F39
:108C7C00BFF34F8F30BF62B6BFF36F8F704772B6C2
:108C8C00002383F31188BFF36F8FBFF34F8F20BF87
:108C9C0080F31188BFF36F8F62B6704740E800F322
:108CAC0013F4803FD8B208BF6FF01500704730B591
:108CBC000C684B6885B00A894D890094013B24F0FF
:108CCC001F04234402F01F0242EA451223F01F0343
:108CDC0069468DF808200393F9F77AFD05B030BD8D
:108CEC0008B5D1E904319847002008BD08B5F9F75B
:108CFC0063FF002008BD0C220369C9B201FB0233DB
:108D0C00186C00F00700704770B5C9B20369EFF337
:108D1C001185202484F31288BFF36F8F0C2606FB79
:108D2C000134246C14F0C00408D0A24206D085F3A0
:108D3C001188BFF36F8F4FF0FF3070BD012271436C
:108D4C000B441A6485F31188BFF36F8F43680B448F
:108D5C005B6898470020F0E78022FFF7D5BFF8B595
:108D6C00069F0469C9B2EFF31186202585F312889A
:108D7C00BFF36F8F0C2569430C44256C05F0070C71
:108D8C00BCF1010F0BD1276486F31188BFF36F8FF1
:108D9C00C4E90E2343685B5898470020F8BD05F0E2
:108DAC00C005AF4286F31188BFF36F8F0CBF6FF015
:108DBC0077004FF0FF30F1E713B580240094FFF7F4
:108DCC00CEFF02B010BD10B41C240069CBB203FB63
:108DDC000400002110BC10471046FDF755B800F0F8
:108DEC0000BBFBF7DBB9022804D0042804D1002017
:108DFC00FAF754B80120FBE77047436800205B6822
:108E0C00DB680B607047436802EA01005B6821EA8B
:108E1C0002015860002099607047436800205B682D
:108E2C0059607047436800205B68996070474368DD
:108E3C005A68136821EA03000B40506000209360CD
:108E4C00704710B503695868F8B1884219D19C680D
:108E5C000868A142586000D19860002008602AB1CF
:108E6C005A680A609A68596002B99960002010E04B
:108E7C00814206D10868206098688142EDD19C60DF
:108E8C00EBE7044600680028F2D1002AE8D16FF025
:108E9C00150010BDFBF7F0BB30B543681360057AC5
:108EAC00446804EBC504A34202D36FF0010030BD4B
:108EBC005C798C4201D00833F0E70020F7E7436877
:108ECC001B68D3F83031704743681B68D3F88004B3
:108EDC00C3F88004704742681368D3F84C0150B152
:108EEC000020926A12780A70C3F84C01D3F84C2116
:108EFC0001229A6270474FF0FF30704713B501AAF8
:108F0C000446FFF7C9FF002805DB019B226819798D
:108F1C001868FAF763FA02B010BD6FF0850070475D
:108F2C0038B5054600220121C620F9F77DFBC62085
:108F3C00F9F74AFB6C680121E068FFF7DFFF6B680B
:108F4C0019686369C1F82435E28BA38BA07E1343A7
:108F5C00228C1343628C1343627E9BB20243207EAD
:108F6C0002431343C1F86C3569680B68D3F80022CF
:108F7C0042F48022C3F800220822C3F800254A6A72
:108F8C000121C3F83C270022C3F840271965D3F808
:108F9C0030110029FBD0C3F800256B680021D8687C
:108FAC00FFF7ACFF6D680021E8682C68FFF7A6FF9F
:108FBC000823C4F800352A7A52B9AB6AC4F80437CE
:108FCC000123C4F80837C4F84C21D4F84C21A3620F
:108FDC00002038BDFFF75FBD002201214A20F9F7C0
:108FEC0023BB00220121C820F9F71EBB10B50B686A
:108FFC0013B91846136005E003685C681CB1146073
:10900C000368186810BD083303600B68013B0B60E4
:10901C00EDE713B501AA0446FFF73EFF002805DB78
:10902C00019B226819791868FAF7D8F902B010BDBB
:10903C0003460A4619790123006803FA01F1036912
:10904C001B68194218BF82F0010212B18368DB68F9
:10905C00184783681B69FBE738B50469456894F8C1
:10906C0085302BB12046FCF733FB002384F8853088
:10907C00686B0121FFF7CDFF002038BD10B5044609
:10908C000068D0B18368C3B149B101210830FFF742
:10909C00CFFF23681869BDE8104000F0EBBD12B992
:1090AC008388DB0409D4006900F0E4FD206800210A
:1090BC00BDE810400830FFF7BBBF10BD10B5012252
:1090CC0000210446FFF7DAFFA36933B9636004F1AA
:1090DC001000BDE81040FCF7D7BE10BD10B50069FC
:1090EC00836A8B4207D190F884403CB92830FFF753
:1090FC00E5FF204610BD6FF01500FBE76FF00F0089
:10910C00F8E738B505690446A96505F14800FCF790
:10911C00BBFE002285F8842020691146BDE838404A
:10912C002830FFF7ABBFF0B504690646226F4568DF
:10913C00A36F85B07ABB002B4ED02D8EE06E9D4276
:10914C0028BF1D46676F636F5BB1A26F4AB107F012
:10915C006042B2F1005F04D0082D28BF0825D4F876
:10916C008C70E26EC4F880501AB1226F002A18BFBE
:10917C002A4601921BB1A36F002B18BF2B466946E0
:10918C000090002220460393029700F03BFC01461E
:10919C0018BB05B0F0BDE16E676F08462D8EBBB1F4
:1091AC00934228BF13469D4228BF1D460029CAD0B2
:1091BC0001F06043B3F1005FC5D0082D28BF08252E
:1091CC00D4F888002A4601F071F9D4F88800BAE77F
:1091DC00954228BF1546E9E71946304605B0BDE86B
:1091EC00F040FFF78EBF0123F0B587B08DF8023049
:1091FC00022300278DF804306B4403930E4601AB19
:10920C000DF103010546029104930597FBF724FA2F
:10921C00041E0BDB3146284603AA00F002FA041E9A
:10922C0007DA28469DF80310FBF70CFA204607B026
:10923C00F0BD3C46FAE7F8B50C46054600F01CFBC1
:10924C00002221460646284600F0C2FA0321204699
:10925C00FAF77EFC00F01DF807462B689B5953B1BA
:10926C0000262146284600F005FB20460121FAF78E
:10927C006FFC3046F8BD00F00CF8C01BC728ECD9C9
:10928C006FF07306EDE708B50220F9F769FE0020D0
:10929C0008BD08B5FBF7ECFA08BD08B5FDF7B6FD3F
:1092AC0048B1002383F31188BFF36F8F0423184652
:1092BC0002DF6FF0040008BD03460020184700F0E1
:1092CC00D9BC024610B5116891B1B1FA81F3C3F162
:1092DC001F000123834021EA0303D2E8EF4F8C42A5
:1092EC0004D1C2E8EC3FBCF1000FF6D1EBD110BDBC
:1092FC006FF00B00FBE710B50368CB40DB0710D415
:10930C0001238B40026843EA0201D0E8EF4F9442FC
:10931C0004D1C0E8EC1FBCF1000FF6D1F2D1002053
:10932C0010BD6FF01500FBE70023FAF7BBBD41F24F
:10933C00640200F13043A3F50A23934294BF4FF427
:10934C008073802341F0004119500020704738B5DC
:10935C000D46044600F028F801462846FAF780FE30
:10936C00011E05DB2046BDE83840C9B2FFF7DFBF60
:10937C0038BDF8B50E461446074600F015F80546FC
:10938C00304600F011F8224601462846FFF7CCFF84
:10939C00054638B921683846FFF7D9FF30462168B1
:1093AC00FFF7D5FF2846F8BDC0F38240013870475F
:1093BC00FAF790BE10B1012802D07047FAF7EEBE52
:1093CC00FAF79CBF18B1012803D100F00CB800F0DB
:1093DC0008B8704708B5FAF7C5FFBDE80840FAF7BA
:1093EC001DBFFAF7AFBEFAF751BFF7B51646DDE968
:1093FC000847019001A81D46FAF7EEFF019BB6F154
:10940C00000C18BF4FF0010C00EB83000B1E18BFB3
:10941C000123002D43EA4C0314BF4FF00C0C4FF00A
:10942C00000C002C43EA0C0314BF4FF4706C4FF08B
:10943C00000C002F43EA0C0314BF4FF4403C4FF0D8
:10944C00000CD0F8802043EA0C0322EA030301B19C
:10945C0009780EB13678760019430DB12D78AD0030
:10946C0031430CB12478240229430FB13F783F04D7
:10947C000C433C43C0F8804003B0F0BD1FB50DF168
:10948C000F03019300238DF80F101A461946009311
:10949C00FFF7ABFF05B05DF804FB10B504460846BA
:1094AC00FAF7AAFF04EB4004A08AC0F3401010BDE9
:1094BC0010B504460846FAF79FFF04EB4004A08A57
:1094CC00C0F3400010BD10B504460846FAF794FFEF
:1094DC0004EB4004A08A400B10BD70B5044608464E
:1094EC001646FAF789FF083034F810300D46DA05C5
:1094FC0009D5C3F3432304EBC3023146284654F881
:10950C00333052689847A3682BB131462846E2683D
:10951C00BDE87040184770BD10B504460846FAF710
:10952C006BFF00B204EB4000838ADA051DD5C3F350
:10953C00432123F4F853838204F1120204F15800FE
:10954C0032F8023F13F4807F03D0C3F343239942D4
:10955C000BD08242F4D1002204EBC1035A6004F117
:10956C006000BDE81040FFF7C6BE10BD10B5044644
:10957C00FFF793FF40B12046FFF7A5FF00B2800034
:10958C0000F5807080B210BD4FF4A270FBE7F0B50F
:10959C000446002001270546844695420AD1D4F89A
:1095AC00443133B10023C4F84431D4F8443140F48D
:1095BC000030F0BDEBB29B0003F580769B0807FAF8
:1095CC0003F3194208D054F806E0BEF1000F03D0A3
:1095DC0044F806C0A65918430135DEE738B50446F1
:1095EC000D46FFF75AFFB0B12046FFF761FF90B967
:1095FC002046FFF768FF012322688340C2F8183326
:10960C00236800B203EB8003D3F8102522F0030289
:10961C00C3F8102538BD2846BDE838400021FFF7B7
:10962C002DBF2DE9F0431746044685B00846FAF7DE
:10963C00E3FED7F800800E460546B8F1000F1FD0A8
:10964C002046FFF735FF18B12046FFF726FF30BB49
:10965C0000230DF10F02CDE900338DF80E308DF89B
:10966C000F30304643460DF10E01FFF7BEFE2AB215
:10967C0004EB4202938A23F0020343F0010393822A
:10968C007B68002B34D03146204693F80080D3F809
:10969C000490FFF70DFF28B1B9F1000F1FD06FF048
:1096AC00150028E028B204EB4000838A23F46043C1
:1096BC0023F020038382B9F1000F10D0B8F1030F0F
:1096CC00EDD87B6821685B6893F800C001EB8C01D6
:1096DC00B8F1000F12D1C1F81085C1F810852AB26B
:1096EC0004EB4202938A23F01C0343EA880393821F
:1096FC00BB6853BB002005B0BDE8F083D1F8102542
:10970C0022F00302C1F81025226802EB8C03D3F877
:10971C00102522F4473222F47C72C3F8102541F64E
:10972C00F072D3F8101502EA061242EA08420A4314
:10973C00C3F8102504EB4C03A3F86460838A43EA56
:10974C004C3343F020038382C9E73146D3E90078D8
:10975C002046FFF7E1FE002FCCD063689F4206D075
:10976C0004F16000FFF7ADFD002804DAC3E7A3683D
:10977C009845F5D1002004EBC003C3E901782DB264
:10978C0004EB4505AB8AC0B243EA402343F4807333
:10979C00AB82AFE7C0E90312704770B504461546BB
:1097AC00FFF77BFE48B10846FAF726FE04EB4004AF
:1097BC000020A38A5B0B2B7070BD6FF01500FBE7CC
:1097CC0090F87400003818BF01207047FAF74ABEB1
:1097DC002DE9F34104461746FFF75FFE0D46266858
:1097EC0000B32046FFF764FE8046D8B92046FFF749
:1097FC006AFE05B2AD0005F5807246F8028021685C
:10980C00B2582944D1F8102542F00102C1F81025B4
:10981C002FB10122216802FA00F3C1F8143302B00F
:10982C00BDE8F081D6F8143328469B035CBF4FF497
:10983C000033C6F81433FAF7DFFD04EB4004A38AB7
:10984C00C3F38203042B11D0052B11D001A8019571
:10985C00FAF7C2FD019BC168D94001F00101023148
:10986C00284602B0BDE8F041FFF708BE0321F7E738
:10987C000221F5E7FFF7B2BEFFF778BEC9B2FBF7DE
:10988C00B9B910B50124A1F580739B0804FA03F350
:10989C0018400CD001F1502101F55021086830B16D
:1098AC00002008602046096811681943116010BD3A
:1098BC0070B50126A2F58074A40806FA04F40546D6
:1098CC0014EA010008D0A85830B100213046A95044
:1098DC00AA581A6822431A6070BD00232DE9F3417F
:1098EC0004460D460193904601AB4FF48072FFF78E
:1098FC00DFFF4FF4827229462046FFF7D9FF4FF461
:10990C008472074629462046FFF7D2FF064630B13F
:10991C00B8F1000F1DD017B13E46D4F80C374FF4F8
:10992C00A6722946204601ABFFF7C2FF30B1B8F151
:10993C00000F03D016B90FB1D4F80C374FF4B47232
:10994C002946204601ABFFF7B3FF019802B0BDE8F2
:10995C00F0814646E3E707B5019001A8FBF77EFDD1
:10996C000123019A9340436003B05DF804FB07B5F3
:10997C00019001A8FBF772FD0123019A93408360CB
:10998C0003B05DF804FB70B54B7F04460D467BB10C
:10999C00012364264360002202212046FFF79DFF2D
:1099AC0020B90120FFF78BFC013EF4D100236B772B
:1099BC00AB7F5B0744BF0023C4F8003570BDF8B51E
:1099CC001E4690F8203004460D461746A3B981B1C7
:1099DC004969FBF753FD90B129462046C4E901764D
:1099EC00FBF792FD0020012384F8210084F820303D
:1099FC00F8BDC0E90126F5E76FF07700F8E76FF0E6
:109A0C001500F5E7F0B590F8213005460E461746DF
:109A1C0085B0002B40F0A78043682BB112F0140FD7
:109A2C0004BF012380F8213005F1100496E80F00E3
:109A3C0084E80F00686A431C05D095F822309C0717
:109A4C0017D5FFF788FF33682C6823B103F0604308
:109A5C00B3F1005F06D1B36873B103F06043B3F1A7
:109A6C00005F09D000236FF00C0085F8213005B0A1
:109A7C00F0BDFFF77CFFE6E717F0010318BF0123E9
:109A8C00C4F84C3717F0020318BF0123EC46C4F896
:109A9C00143796E80F008CE80F00039BC4F83C07C2
:109AAC00C4F84017C4F80427C4F80837002317F08B
:109ABC001C0FC4F80831D4F8083146D1D4F800355D
:109ACC00073B18BF012395F8222063F3820207237A
:109ADC0085F82220C4F8003595F8223018070CD5EB
:109AEC008223C4F8843C6B683BB10023C4F800317A
:109AFC00D4F800310123C4F8043317F008060CD154
:109B0C0001236A68236042B9D4F80831002BFBD0DA
:109B1C00624604212046FFF7E0FE6B68D3B995F846
:109B2C002220110748BFC4F8843C686A421C05D047
:109B3C0095F822309B070AD5FFF719FF1EB920466E
:109B4C00291DFFF720FF002091E70123BBE7FFF75A
:109B5C0002FFF3E7042317F0040F14BFC4F8083313
:109B6C00C4F80433EFE76FF00F0080E770B590F89E
:109B7C00223004460568180710D5D5F80433D907E8
:109B8C000CD5D5F800314BB10023C5F80031D5F810
:109B9C000021C5F8843C0123C5F80833042128466C
:109BAC0004F11002FFF799FED8B1606A421C05D08F
:109BBC0094F822309B0711D5FFF7D9FE94F8213089
:109BCC001BB12846211DFFF7DEFE2046002300F8BE
:109BDC000C3FD4E90131BDE870401847FFF7BBFEDC
:109BEC00ECE770BD38B5057B044665B9426041B100
:109BFC008B688360FBF7A4FDB0FA80F35B092373D9
:109C0C0038BD0846F8E76FF07700F9E701220368E2
:109C1C001A6002230373704770B54FF480340568E3
:109C2C008C4073B100268B0003F5A073EE50EB58FB
:109C3C000368C3F80443036801F5A87143F82120B5
:109C4C0070BDC5F80843F6E7F0B44FF0011607688D
:109C5C008E40D7F8005225EA0605C7F80052056871
:109C6C00D5F800421C43C5F800429DF81030F0BCFA
:109C7C00FFF7D2BF08B1F9F717B8704710B54369B1
:109C8C0004463BB90020E2684042537843F001039C
:109C9C00537010BD98470028F4D00028B8BF40423C
:109CAC00FF28A8BFFF20E3681870ECE740B1C36839
:109CBC00587810F001001EBF1878B0FA80F04009F7
:109CCC007047EFF31183202383F31288BFF36F8F58
:109CDC00FEE7202408B5EFF3118384F31288BFF359
:109CEC006F8FFEF7BFFFF6E7D0E9003213605A60C2
:109CFC000023427BC0E9003322F0020242738360EE
:109D0C00704713B501240094FBF728FF02B010BD77
:109D1C0090F90E308B4201D0FCF7FABA0020704754
:109D2C003AB18A4205D3C0E90212C0E90000002012
:109D3C0070476FF015007047EFF30580003818BFBF
:109D4C000120704784307047D0E9003213605A60AC
:109D5C000023C0E90033704708B5FFF7F5FF437BDC
:109D6C0023F0020343730023836008BD38B5044617
:109D7C000D46FCF72BFA637B43F002036373E5B1EA
:109D8C00A5602B689D4209D16B68C4E900531C6027
:109D9C006C6012E06A689A42F6D01B68002BF3D014
:109DAC0094F90E2093F90E108A42F3D09142F1DD12
:109DBC005A68C4E9003214605C6038BD10B5EFF32A
:109DCC001184202383F31288BFF36F8FFCF7BCF947
:109DDC0084F31188BFF36F8F10BD08B5EFF31181B9
:109DEC00202282F31288BFF36F8F83680BB1FFF7C9
:109DFC00B3FF81F31188BFF36F8F08BD38B5EFF354
:109E0C001184202383F31288BFF36F8F002390F803
:109E1C006C50427B80F86C302DB121B184F31188E9
:109E2C00BFF36F8F38BD12F0280FF7D183680BB1D9
:109E3C00FFF792FF437B23F004034373FCF784F991
:109E4C00ECE701211838FFF7D9BF08B50346EFF34B
:109E5C001181202282F31288BFF36F8F0068834236
:109E6C0007D008B1FFF778FF81F31188BFF36F8F2C
:109E7C0008BD0020F8E708B5C3171F3043F10003F5
:109E8C00400940EAC360C117FCF76EFB400108BDF6
:109E9C002DE9F04105460E461746EFF311882023B5
:109EAC0083F31288BFF36F8F0468A0420FD1002098
:109EBC0088F31188BFF36F8FBDE8F08139462046D7
:109ECC00B0470028F4D16B68A342F0D02468002C72
:109EDC00F4D1ECE708B50246FCF724FD70B1D0E9EB
:109EEC0004319B1A61EBE272B3F1004F72F1000185
:109EFC0004DA002AACBF1846002008BD6FF0004001
:109F0C00FBE7024638B5EFF31185202383F3128863
:109F1C00BFF36F8F0368CBB1FCF704FD044610460A
:109F2C00FCF712FD00224FF000438442C0E90423E9
:109F3C0006D1FCF7FFFCFFF7CDFF0021F9F7A0FEDF
:109F4C00002085F31188BFF36F8F38BD6FF01500BB
:109F5C00F7E708B5FCF702FE08BDFCF7FFBD0023D0
:109F6C00C0E9081200F11802C0E90622C0E900336A
:109F7C0003634363704710B50446FFF7C2FFA8B9EB
:109F8C00636A0BB12046984704F11800FFF75DFF98
:109F9C0060B1FFF713FFEFF31180202383F31288D6
:109FAC00BFF36F8FBDE81040FCF736BA10BD10B48C
:109FBC0000F10C04C0E9034410BCFEF7CBB810B59B
:109FCC000446406A10B1A16A00F029F80020C4E9E7
:109FDC00090010BD38B50546FFF7F1FF2B7F04468D
:109FEC00012B0ED0023B012B0ED82B6A012B18BF74
:109FFC006FF096042C220021284600F064FA2046CB
:10A00C0038BD2B6A002BF2E76FF09604F2E7FDF7F0
:10A01C0009B870470020704700207047704710B592
:10A02C00044608B1FCF79CFF2046BDE81040FCF745
:10A03C0091BF0A2840DCC31C22DA10F1400F47D034
:10A04C0010F13F0F2BDA10F1410F44D010F1550FE6
:10A05C0044D010F1490F08BF6FF0840018BF6FF0A7
:10A06C008600704709282AD8DFE800F0052929085E
:10A07C0016293829292F6FF0980070470020704757
:10A08C00C31C0D2B1BD8DFE803F0072F1A1C1A1A60
:10A09C001A1A1A1A1D1A1A1D6FF08500704710F142
:10A0AC00210F1ED00BDB10F1200F1DD010F1100F63
:10A0BC0008BF6FF09400D1E764380928D2D96FF04B
:10A0CC00860070476FF0940070476FF08C007047FB
:10A0DC006FF0840070476FF0890070476FF0930049
:10A0EC0070476FF0880070476FF09200704710B5A2
:10A0FC0001380A44914200D110BD10F8013F11F80B
:10A10C00014B63400370F5E70144814200D1704775
:10A11C0011F8013D1A440A70120AF6E710B58B4289
:10A12C0094BFC4184418A04200D110BD00F8012BF4
:10A13C00F9E700231A4682B001908B4201D102B09C
:10A14C0070470198C2540133F7E70368D90444BF40
:10A15C0043F48063036003689A0444BF43F40063D0
:10A16C0003607047F7B506460D46202D2F46A8BF55
:10A17C00202700216846FDF713FB044670B93A46C8
:10A18C0031466846FDF75EFB10F1520F044608D0CD
:10A19C00431CF4D0684600F0BFF834B1204603B03D
:10A1AC00F0BD684600F0B8F8E3E7EC1B3E44F5D090
:10A1BC002546DAE707B501A9FDF7ECF8003818BF1A
:10A1CC00012003B05DF804FBCA0448BF41F4806170
:10A1DC008B0448BF41F400618160704730B589B091
:10A1EC00054618220C4601A8002100F06CF9012349
:10A1FC0044EA052401A9BA2007940593FDF784F8D5
:10A20C00002818BF6FF0920009B030BDF7B5BA2026
:10A21C0001A9FDF7BFF8044610B1002003B0F0BD52
:10A22C00019D2F0AEDB2AC4205D1BA20FDF798F88A
:10A23C000028F2D008E0E6193046FDF791F830B16D
:10A24C003046FFF7B7FF10B96FF09200E6E7013424
:10A25C00E9E708B5F820FFF7ADFF18B9F920FFF7CB
:10A26C00A9FF10B16FF0920008BDF820FDF76AF855
:10A27C000028F7D1F920FDF765F80028F4D0F1E7B4
:10A28C0038B5BFF35F8F4FF0A344E569BFF35F8F21
:10A29C00BFF35F8F10236363BFF35F8F012000F068
:10A2AC0092F8BFF35F8F00236363BFF35F8FBFF33D
:10A2BC005F8FE36BBFF35F8F5B06F8D425B1BFF301
:10A2CC005F8FE561BFF35F8F38BD08B5FDF7AEFB5F
:10A2DC0030B9BFF35F8F4FF0A343986ABFF35F8F22
:10A2EC00BFF35F8F4FF0A342D36BBFF35F8F10F0C0
:10A2FC00240F03F0230304D0FFF7C2FF6FF01F00FD
:10A30C0008BD4FF0FF30002BFAD1BFF35F8F106305
:10A31C00BFF35F8F1846F3E710B5037804461BB103
:10A32C00FCF74AFE00232370002010BD02220368B4
:10A33C009A607047C0F30B03482B4B6028BF48232F
:10A34C0010F4003F8B6008BF0023CB6010F4803307
:10A35C0008BFC1E9013300F47003B3F5700F14BFEB
:10A36C0000238B6800284FF0010C4FF008028B6023
:10A37C00B8BF0023C1E905C2B8BFC1E905337047B6
:10A38C00FBF732BD4FF0FF324FF0FF33FBF7B4BC9D
:10A39C004FF0FF324FF0FF33FBF7AEBCFBF724BDA1
:10A3AC0000F074B807B54FF0FF334FF0FF32CDE932
:10A3BC000023002200F077F803B05DF804FB00F0F6
:10A3CC006EB800F068B8FFF756BD2DE9F3470446A8
:10A3DC00DDE90A9815460E4659B302F0010AFCF75E
:10A3EC0051F90746EFF31181202383F31288BFF351
:10A3FC006F8FA80744BF0023A360A36803EA06007D
:10A40C00BAF1000F0CD086420CD16A0744BF8343CB
:10A41C00A36081F31188BFF36F8F02B0BDE8F087A2
:10A42C000028F2D159EA080305D181F31188BFF352
:10A43C006F8F0020F1E7C7E919652246CDE9009836
:10A44C0004F10C00FBF742FF0028F2D1786EE4E730
:10A45C0010B54B68D0E9194212F0010F03EA04035E
:10A46C0001D09C4210D17BB14366520744BF8A682D
:10A47C001A430B6848BF8A6003660123086080F8A2
:10A48C006C301830FFF73DFD002010BD0023C0E9F3
:10A49C000000836070474FF0FF32FDF713BB0A4694
:10A4AC000021FDF70FBB5200FFF78FBF0A44431E7C
:10A4BC00914200D1704710B511F8014B914203F84D
:10A4CC00014FF9D110BD02440346934200D17047AD
:10A4DC0003F8011BF9E710B50139044632B111F844
:10A4EC00013F013A00F8013B002BF7D10021FFF7A7
:10A4FC00EAFF204610BD0246014410B58A421346BD
:10A50C0003D01C780132002CF8D1181A10BDF0B50C
:10A51C00C3F13707044603F01F031046FFB2082BA4
:10A52C00E6B232D0102B3DD06508A40845EAC175BF
:10A53C0044EA81748A082D1942EB5102290941EA37
:10A54C0002716D1842EB1212290A41EA02616D1870
:10A55C0042EB1222290C41EA02416D1842EB1242E5
:10A56C00AD1842F10002EC0844EA4274D10804EB45
:10A57C008402A6EB4205EDB2092D0CD90134A5F1EC
:10A58C000A0541F10001EDB212E0E40806F00705FE
:10A59C0044EA4174C908303554EA010200F8015B01
:10A5AC00BDD1F0BD240906F00F0544EA0174090978
:10A5BC00092D84BFED19EDB2EDE7D1E904329342D8
:10A5CC001EBF5A1C0A6118707047000001480068D1
:08A5DC0070470000880D00200B
:08A5E400CC5EFF7F01000000C6
:10A5EC00DD3B000000000000112C0000000000000A
:10A5FC00D92C000000000000000000006CA6000038
:10A60C00196D00000000000000000000ACA6000066
:10A61C00000000008CA6000000000000CCA600008A
:10A62C0000000000ECA600006130000000000000FB
:10A63C0093920000000000000114000000000000D4
:10A64C00ED2B000000000000000000002CA7000013
:10A65C00000000000CA70000A79200000000000002
:10A66C009DBE000018B2000024B00000BC03002006
:10A67C00D00D0020E92D00000000000000000000BB
:10A68C00C4BE00003CB20000F8AF0000BE030020C6
:10A69C00240E0020853200000000000000000000A5
:10A6AC00D0BE000050B20000F8AF0000C003002084
:10A6BC00300E002085320000000000000000000079
:10A6CC00DBBE000064B20000F8AF0000C203002043
:10A6DC003C0E00208532000000000000000000004D
:10A6EC00EFBE000084B2000040B00000C4030020A4
:10A6FC00480E00202D8F0000278F00000000000066
:10A70C00C4C00000F8B200001CB00000C60300205A
:10A71C000C0200201D3600006590000000000000B7
:10A72C00CEC0000078B300001CB00000C8030020AD
:10A73C009C0200201D360000659000000000000007
:10A74C00000000004B8C0000000000004B8C00004F
:10A75C00000000004B8C0000000000004B8C00003F
:10A76C00000000004B8C0000000000004B8C00002F
:10A77C00000000004B8C0000000000004B8C00001F
:10A78C00000000004B8C0000000000004B8C00000F
:10A79C00000000004B8C0000000000004B8C0000FF
:10A7AC00000000004B8C0000000000004B8C0000EF
:10A7BC00000000004B8C0000000000004B8C0000DF
:10A7CC00000000004B8C0000000000004B8C0000CF
:10A7DC00000000004B8C0000000000004B8C0000BF
:10A7EC00000000004B8C0000000000004B8C0000AF
:10A7FC00000000004B8C0000000000004B8C00009F
:10A80C00000000004B8C0000000000004B8C00008E
:10A81C00000000004B8C0000000000004B8C00007E
:10A82C00000000004B8C0000000000004B8C00006E
:10A83C00000000004B8C0000000000004B8C00005E
:10A84C00000000004B8C0000000000004B8C00004E
:10A85C00000000004B8C0000000000004B8C00003E
:10A86C00000000004B8C0000000000004B8C00002E
:10A87C00000000004B8C0000000000004B8C00001E
:10A88C00000000004B8C0000000000004B8C00000E
:10A89C00000000004B8C0000000000004B8C0000FE
:10A8AC00000000004B8C0000000000004B8C0000EE
:10A8BC00000000004B8C0000000000004B8C0000DE
:10A8CC00000000004B8C0000000000004B8C0000CE
:10A8DC00000000004B8C0000000000004B8C0000BE
:10A8EC00000000004B8C0000000000004B8C0000AE
:10A8FC00000000004B8C0000000000004B8C00009E
:10A90C00000000004B8C0000000000004B8C00008D
:10A91C00000000004B8C0000000000004B8C00007D
:10A92C00000000004B8C0000000000004B8C00006D
:10A93C00000000004B8C0000000000004B8C00005D
:10A94C00000000004B8C0000000000004B8C00004D
:10A95C00000000004B8C0000000000004B8C00003D
:10A96C00000000004B8C0000000000004B8C00002D
:10A97C00000000004B8C0000000000004B8C00001D
:10A98C0000000000A9790000000000004B8C0000C2
:10A99C009C020020799B0000000000004B8C000002
:10A9AC00000000004B8C0000000000004B8C0000ED
:10A9BC00000000004B8C0000000000004B8C0000DD
:10A9CC00000000004B8C0000000000004B8C0000CD
:10A9DC00000000004B8C0000000000004B8C0000BD
:10A9EC00000000004B8C0000000000004B8C0000AD
:10A9FC00000000004B8C0000000000004B8C00009D
:10AA0C00000000004B8C0000000000004B8C00008C
:10AA1C00000000004B8C0000000000004B8C00007C
:10AA2C00000000004B8C0000000000004B8C00006C
:10AA3C00000000004B8C0000000000004B8C00005C
:10AA4C00000000004B8C0000000000004B8C00004C
:10AA5C00000000004B8C0000000000004B8C00003C
:10AA6C00000000004B8C0000000000004B8C00002C
:10AA7C00000000004B8C0000000000004B8C00001C
:10AA8C00000000004B8C0000000000004B8C00000C
:10AA9C00000000004B8C0000000000004B8C0000FC
:10AAAC00000000004B8C0000000000004B8C0000EC
:10AABC00000000004B8C0000000000004B8C0000DC
:10AACC00000000004B8C0000000000004B8C0000CC
:10AADC00000000004B8C0000000000004B8C0000BC
:10AAEC00000000004B8C0000000000004B8C0000AC
:10AAFC00000000004B8C0000000000004B8C00009C
:10AB0C00000000004B8C0000000000004B8C00008B
:10AB1C00000000004B8C0000000000004B8C00007B
:10AB2C00000000004B8C0000000000004B8C00006B
:10AB3C00000000004B8C0000000000004B8C00005B
:10AB4C00000000004B8C0000000000004B8C00004B
:10AB5C00000000004B8C0000000000004B8C00003B
:10AB6C00000000004B8C0000000000004B8C00002B
:10AB7C00000000004B8C0000000000004B8C00001B
:10AB8C00000000004B8C0000000000004B8C00000B
:10AB9C00000000004B8C0000000000004B8C0000FB
:10ABAC00000000004B8C0000000000004B8C0000EB
:10ABBC00000000004B8C0000000000004B8C0000DB
:10ABCC00000000004B8C0000000000004B8C0000CB
:10ABDC00000000004B8C0000000000004B8C0000BB
:10ABEC00000000004B8C0000000000004B8C0000AB
:10ABFC00000000004B8C0000000000004B8C00009B
:10AC0C00000000004B8C0000000000004B8C00008A
:10AC1C00000000004B8C0000000000004B8C00007A
:10AC2C00000000004B8C0000000000004B8C00006A
:10AC3C00000000004B8C0000000000004B8C00005A
:10AC4C00000000004B8C0000000000004B8C00004A
:10AC5C00000000004B8C0000000000004B8C00003A
:10AC6C00000000004B8C0000000000004B8C00002A
:10AC7C00000000004B8C0000000000004B8C00001A
:10AC8C00000000004B8C0000000000004B8C00000A
:10AC9C00000000004B8C0000000000004B8C0000FA
:10ACAC00000000004B8C0000000000004B8C0000EA
:10ACBC00000000004B8C0000000000004B8C0000DA
:10ACCC00000000004B8C0000000000004B8C0000CA
:10ACDC00000000004B8C0000000000004B8C0000BA
:10ACEC00000000004B8C0000000000004B8C0000AA
:10ACFC00000000004B8C0000000000004B8C00009A
:10AD0C00000000004B8C0000000000004B8C000089
:10AD1C00000000004B8C0000000000004B8C000079
:10AD2C00000000004B8C0000000000004B8C000069
:10AD3C00000000004B8C0000000000004B8C000059
:10AD4C00000000004B8C0000000000004B8C000049
:10AD5C00000000004B8C0000000000004B8C000039
:10AD6C00000000004B8C0000000000004B8C000029
:10AD7C00ECA60000CB8E0000000000004B8C000005
:10AD8C000C020020799B0000000000004B8C00009E
:10AD9C00000000004B8C0000000000004B8C0000F9
:10ADAC00000000004B8C0000000000004B8C0000E9
:10ADBC00000000004B8C0000000000004B8C0000D9
:10ADCC00000000004B8C0000000000004B8C0000C9
:10ADDC00000000004B8C0000000000004B8C0000B9
:10ADEC00000000004B8C0000B9520000C59200001E
:10ADFC00000000004B8C0000000000004B8C000099
:10AE0C00000000004B8C0000000000004B8C000088
:10AE1C00000000004B8C000094010020A18E00006B
:10AE2C00000000004B8C0000000000004B8C000068
:10AE3C00000000004B8C0000000000004B8C000058
:10AE4C00000000004B8C0000000000004B8C000048
:10AE5C00000000004B8C0000000000004B8C000038
:10AE6C00514B0000C5920000000000004B8C00000C
:10AE7C00000000004B8C0000000000004B8C000018
:10AE8C00000000004B8C0000000000004B8C000008
:10AE9C00000000004B8C0000000000004B8C0000F8
:10AEAC00000000004B8C0000000000004B8C0000E8
:10AEBC00000000004B8C0000000000004B8C0000D8
:10AECC00000000004B8C0000000000004B8C0000C8
:10AEDC00000000004B8C0000000000004B8C0000B8
:10AEEC00000000004B8C0000000000004B8C0000A8
:10AEFC00000000004B8C0000000000004B8C000098
:10AF0C00000000004B8C0000000000004B8C000087
:10AF1C00000000004B8C0000000000004B8C000077
:10AF2C00000000004B8C0000000000004B8C000067
:10AF3C00000000004B8C0000000000004B8C000057
:10AF4C00000000004B8C0000000000004B8C000047
:10AF5C00000000004B8C0000000000004B8C000037
:10AF6C00000000004B8C0000E1930000C592000033
:10AF7C00000000004B8C0000000000004B8C000017
:10AF8C00000000004B8C0000000000004B8C000007
:10AF9C00000000004B8C0000000000004B8C0000F7
:10AFAC00000000004B8C00001C010020A18E000052
:08AFBC00000000004B8C0000B6
:10AFC800C00400202816002000080000F107000037
:10AFD8000000000000000000000000000500000064
:10AFE800000000008BB70000000000000000000017
:10AFF800B1300000078E0000138E0000278E00007D
:10B00800318E00003B8E0000CD3200004F8E0000D4
:04B018000000000034
:08B01C0009380000E990000072
:10B02400412E0000658D0000C58D00000000000069
:0CB03400038D0000000000000000000080
:0CB04000E38E000069350000D58E000092
:10B04C0093B700000400000092BE00000300000053
:10B05C0048B8000003000000B6BE0000030000006A
:10B06C00D6C100000300000061B80000030000001E
:10B07C0065B80000030000008DB90000030000005B
:10B08C000FBE000003000000D3C10000030000004D
:10B09C008EBE000003000000D8C0000003000000BA
:08B0AC00FABE000003000000E1
:10B0B400BCB10000040100207CB9000001000000C4
:10B0C400040000000F000000010000000800000060
:10B0D4002000000070000000800000000D0000004F
:10B0E4000C0000000E00000050000000840000006E
:10B0F400B8000000FFFFFFFFFFFFFFFFFFFFFFFFA0
:04B10400FFFFFFFF4B
:10B1100040420F00000007000000000000A0105097
:10B1200000820D50000405500500000004000000DE
:10B13000010000000000000000000000000000000E
:10B140000338FDD870470000000000000000000038
:10B150000338FDD8704700004006002000010000C1
:10B16000B98900006389000002000000498B0000DB
:10B1700000000000000000000000000000000000CF
:10B180005CB9000064B9000000000000000000008D
:10B19000000000006CB9000070B9000074B9000034
:10B1A00078B90000ACB10000640D0020291E000039
:10B1B0007C0D0020FE15002001000000078C00001F
:10B1C000FD8B0000CB8B0000BF8B00000000000057
:10B1D000B38B0000000000004000002000000000D1
:10B1E0000600010002000000ECB1000000000000B9
:10B1F0007FBE000006000000E04F160000000020A7
:10B2000087BE000021000000E0EF0220A52D000015
:10B21000752D000000000000F52E0000752E0000C6
:10B22000AABE0000EF8D0000EB8D0000B0BE000054
:10B2300000A0105000820D50000405501F000000B7
:10B2400000A010501C0100200000000000000000C1
:10B25000FFFF000000820D5094010020000000005C
:10B2600001000000FF07000000040550000000007E
:10B27000000000000200000000A0105000820D50ED
:10B280000004055000600C500000000000000000A9
:10B29000B0B2000000C201000000D60100000000B2
:10B2A00000000040000000000116002000160020F1
:10B2B00000600C50BCB2000002000000DCB20000D4
:10B2C00004000000CCB20000040100002480000053
:10B2D0002580000126800002278000032400000052
:10B2E00026000002250600012706000300A01050DA
:10B2F00000820D500004055000127A00000000008A
:10B300000000000000000000FFFFFFFF0000FF0042
:10B310000000000000000000FFFFFFFF010000012F
:10B3200001000000EF8F0000FFFF00003CB30000B1
:10B3300000000000FFFFFFFF0000000000800C5035
:10B3400048B300000200000064B3000003000000E6
:10B3500058B30000030100002B8000042D8000057D
:10B36000308000062B0000042D0000053000000690
:10B37000ACA600000E0001000048E801000000003B
:10B380000000000000000000FFFFFFFF0000FF00C2
:10B390000000000000000000FFFFFFFF01000001AF
:10B3A00001000000E58F0000FFFF0000BCB30000BB
:10B3B00000000000FFFFFFFF0000000000A004509D
:10B3C000C8B3000002000000E4B300000300000066
:10B3D000D8B3000003010000418000044280000552
:10B3E00044800006410000044200000544000006BD
:10B3F000CCA600000500010000A0105000820D50F6
:10B4000000040550B8B4000001000000B4B400000E
:10B4100001000000B0B4000001000000ACB4000066
:10B4200001000000A0B400000300000094B400007C
:10B430000300000080B400000500000074B40000A8
:10B440000300000060B400000500000054B40000D8
:10B4500003000000DCB400002CB50000ECB40000D8
:10B46000CCB400000CB50000DCB400002CB500002A
:10B47000ECB40000CCB400000CB50000DCB400005B
:10B48000BCB400001CB50000DCB400002CB500000A
:10B49000ECB40000BCB400001CB50000DCB400003B
:10B4A000BCB40000FCB40000CCB40000ECB400005C
:10B4B000DCB40000CCB40000BCB40000000000000C
:10B4C000680E0020580E00200020045000010000EB
:10B4D0006C0E00205C0E00200020085000020000CE
:10B4E000700E0020600E002000200C5000030000B1
:10B4F000740E0020640E0020002010500104000093
:10B50000780E002000300450003008500105000083
:10B510007C0E00200040085000400C500106000046
:10B52000800E00200040045000300C500107000045
:10B53000840E002000500C500030105000A010501D
:10B5400000820D50000405500800000002000000B9
:10B55000040000000100000000300000FFFFFFFFBA
:10B560000010000000200000240000002500000062
:10B5700026000000270000002B0000002C00000027
:10B580002D0000002E00000000A0105000820D5081
:10B59000000405507FC100008DC10000A1C1000062
:10B5A000B0C10000BCC10000ECA50000F4A5000083
:10B5B0003CA6000044A600006CA600006CA600009B
:10B5C000000100000002000000140000002800003C
:10B5D0000040000001000000020000006E7266786A
:10B5E0005F73616164635F6275666665725F7365F0
:10B5F00074206572726F723A202530387820206985
:10B600006E697400535049206D7367712066756CC4
:10B610006C21204275666665722064726F70706579
:10B6200064206174203078257800556E68616E64FE
:10B630006C65642053414144432065767420256441
:10B64000007370695F77726974655F64742829207C
:10B650006661696C65642C206572723A202564000D
:10B6600053504920646576696365206E6F7420725B
:10B6700065616479006E7266785F74696D65725F8A
:10B68000696E6974206572726F723A20253038785D
:10B69000006E7266785F73616164635F696E69747E
:10B6A000206572726F723A2025303878006E7266AB
:10B6B000785F73616164635F6368616E6E656C730C
:10B6C0005F636F6E666967206572726F72203A20E1
:10B6D00025303878006E7266785F73616164635FED
:10B6E000616476616E6365645F6D6F64655F7365E9
:10B6F00074206572726F723A2025303878006E724D
:10B7000066785F73616164635F6275666665725FC8
:10B71000736574206572726F723A20253038782014
:10B7200031006E7266785F73616164635F62756633
:10B730006665725F736574206572726F723A202558
:10B740003038782032006E7266785F7361616463AE
:10B750005F6D6F64655F747269676765722065729B
:10B76000726F723A2025303878006E7266785F67A3
:10B770007070695F636F6E6E5F616C6C6F63206584
:10B7800072726F723A2025303878007370695F7476
:10B790006964004C6573736F6E365F4578657263DC
:10B7A000697365330028756E7369676E6564292057
:10B7B00063686172202A207573656420666F722049
:10B7C00025257020617267756D656E742E20497431
:10B7D0002773207265636F6D6D656E646564207498
:10B7E0006F206361737420697420746F20766F69B1
:10B7F00064202A2062656361757365206974206D19
:10B800006179206361757365206D69736265686134
:10B8100076696F7220696E206365727461696E204B
:10B82000636F6E66696775726174696F6E732E20DF
:10B83000537472696E673A222573222061726775AC
:10B840006D656E743A25640063627072696E746629
:10B850005F7061636B616765006C6F6767696E67D6
:10B86000006C6F67006C6F675F6D676D74004D658E
:10B870007373616765202822257322292064726F03
:10B8800070706564206265636175736520697420FA
:10B89000657863656564732073697A65206C696D8A
:10B8A00069746174696F6E2028257529004D657370
:10B8B000736167652064726F707065642062656390
:10B8C00061757365206974206578636565647320AC
:10B8D00073697A65206C696D69746174696F6E2033
:10B8E00028257529000D0A001B5B306D002573208B
:10B8F000005B2530386C755D20005B253032753A71
:10B90000253032753A253032752E253033752C2589
:10B910003033755D200025732F003C25733E2000D9
:10B9200025733A2000253032782000202020007C2A
:10B9300000256300206D6573736167657320647211
:10B940006F70706564202D2D2D0D0A1B5B306D000E
:10B950001B5B313B33316D2D2D2D20001B5B313BAB
:10B9600033316D001B5B313B33336D006572720008
:10B9700077726E00696E6600646267006C6F675F65
:10B980006261636B656E645F75617274006C6F6792
:10B990005F75617274002A2A2A20426F6F74696E83
:10B9A00067206E524620436F6E6E65637420534469
:10B9B0004B2076332E322E312D64383838376636A8
:10B9C0006633326466202A2A2A0A002A2A2A205547
:10B9D00073696E67205A6570687972204F532076BC
:10B9E000342E322E39392D65633738313034663193
:10B9F000353639202A2A2A0A0072302F61313A203E
:10BA000020307825303878202072312F61323A206A
:10BA100020307825303878202072322F61333A2058
:10BA2000203078253038780072332F61343A202066
:10BA3000307825303878207231322F69703A2020E2
:10BA4000307825303878207231342F6C723A2020CB
:10BA50003078253038780020787073723A202030A2
:10BA60007825303878004661756C74696E67206996
:10BA70006E737472756374696F6E2061646472654D
:10BA8000737320287231352F7063293A203078255E
:10BA900030387800556E68616E646C656420495278
:10BAA000516E3A202564002A2A2A2A2A204D505510
:10BAB000204641554C54202A2A2A2A2A0020205365
:10BAC0007461636B696E67206572726F72202863A0
:10BAD0006F6E746578742061726561206D69676846
:10BAE00074206265206E6F742076616C6964290031
:10BAF0002020556E737461636B696E672065727286
:10BB00006F72002020446174612041636365737328
:10BB10002056696F6C6174696F6E0020204D4D4630
:10BB2000415220416464726573733A2030782578FD
:10BB3000002020496E737472756374696F6E2041C2
:10BB400063636573732056696F6C6174696F6E000F
:10BB50002020466C6F6174696E672D706F696E741A
:10BB6000206C617A792073746174652070726573DA
:10BB70006572766174696F6E206572726F72002AE9
:10BB80002A2A2A2A205553414745204641554C54DC
:10BB9000202A2A2A2A2A0020204469766973696F9C
:10BBA0006E206279207A65726F002020556E616C7C
:10BBB00069676E6564206D656D6F7279206163637E
:10BBC000657373002020537461636B206F76657218
:10BBD000666C6F772028636F6E746578742061726D
:10BBE0006561206E6F742076616C69642900202085
:10BBF0004E6F20636F70726F636573736F7220692D
:10BC00006E737472756374696F6E73002020496C73
:10BC10006C6567616C206C6F6164206F66204558AD
:10BC2000435F52455455524E20696E746F20504305
:10BC3000002020496C6C6567616C20757365206F0E
:10BC4000662074686520455053520020204174746A
:10BC5000656D707420746F206578656375746520F8
:10BC6000756E646566696E656420696E737472755D
:10BC70006374696F6E002A2A2A2A2A2042555320AB
:10BC80004641554C54202A2A2A2A2A00202053743F
:10BC900061636B696E67206572726F72002020505D
:10BCA00072656369736520646174612062757320D5
:10BCB0006572726F720020204246415220416464D6
:10BCC000726573733A2030782578002020496D70B2
:10BCD00072656369736520646174612062757320A5
:10BCE0006572726F72002020496E7374727563748E
:10BCF000696F6E20627573206572726F7200526593
:10BD000073657276656420457863657074696F6EDB
:10BD100020280053707572696F757320696E7465A1
:10BD20007272757074202849525120005350534547
:10BD30004C20696E20746872656164206D6F646563
:10BD400020646F6573206E6F7420696E646963612F
:10BD5000746520505350002A2A2A2A2A204841522A
:10BD600044204641554C54202A2A2A2A2A002020C1
:10BD7000427573206661756C74206F6E2076656302
:10BD8000746F72207461626C65207265616400205A
:10BD9000204465627567206576656E7400202046D4
:10BDA00061756C7420657363616C6174696F6E207A
:10BDB000287365652062656C6F772900415243489E
:10BDC0005F45584345505420776974682072656117
:10BDD000736F6E2025780A002A2A2A2A2A204465B1
:10BDE000627567206D6F6E69746F72206578636528
:10BDF0007074696F6E202A2A2A2A2A002A2A2A2A7F
:10BE00002A20257320256429202A2A2A2A2A006D1F
:10BE10007075004661696C656420746F20616C6C9C
:10BE20006F63617465206E6577204D505520726593
:10BE300067696F6E2025750A0050617274697469B4
:10BE40006F6E2025753A2073616E6974792063687E
:10BE500065636B206661696C65642E00496E76616E
:10BE60006C696420756E6465726C79696E672072A6
:10BE70006567696F6E20696E646578202575004678
:10BE80004C4153485F30005352414D5F3000736F57
:10BE9000630063616368655F6E72667800636C6FF0
:10BEA000636B40313065303030006866636C6B0026
:10BEB0006C66636C6B00636C6F636B5F636F6E7457
:10BEC000726F6C006770696F4031306130303000E4
:10BED0006770696F406438323030006770696F4056
:10BEE00035303430300000010405020608090F75B2
:10BEF00061727440633630303000756172745F6E09
:10BF00007266785F7561727465004661696C65641C
:10BF100020746F20616C6C6F6361746520475049B9
:10BF20004F5445206368616E6E656C20666F7220A9
:10BF300057414B45004661696C656420746F20630E
:10BF40006F6E6669677572652057414B4520706951
:10BF50006E004353204750494F20706F7274202564
:10BF6000732070696E202564206973206E6F7420C1
:10BF700072656164790055706461746520657863E9
:10BF8000656564732063757272656E742062756690
:10BF90006665720048616C662D6475706C6578200A
:10BFA0006E6F7420737570706F7274656400536C7B
:10BFB000617665206D6F6465206973206E6F7420F3
:10BFC000737570706F72746564206F6E20257300D6
:10BFD0004C6F6F706261636B206D6F646520697375
:10BFE000206E6F7420737570706F72746564005783
:10BFF0006F72642073697A6573206F74686572204C
:10C000007468616E203820626974732061726520E3
:10C010006E6F7420737570706F7274656400467211
:10C02000657175656E63696573206C6F77657220E5
:10C030007468616E20313235206B487A20617265F8
:10C04000206E6F7420737570706F72746564004633
:10C0500061696C656420746F20696E697469616CD4
:10C06000697A65206E726678206472697665723AC4
:10C070002025640057616974696E6720666F7220BD
:10C0800057414B452061636B6E6F776C6564676DDC
:10C09000656E742074696D6564206F7574005469F1
:10C0A0006D656F75742077616974696E6720666F5E
:10C0B00072207472616E7366657220636F6D706C4E
:10C0C0006574650073706940633830303000737098
:10C0D00069403461303030007370695F6E72667829
:10C0E0005F7370696D000007182323232323232324
:10C0F00023232323232300010248616C74696E67A4
:10C100002073797374656D00556E6B6E6F776E205A
:10C110006572726F7200756E6B6E6F776E003E3E69
:10C120003E205A455048595220464154414C2045E2
:10C1300052524F522025643A202573206F6E2043BF
:10C140005055202564004661756C742064757269D1
:10C150006E6720696E746572727570742068616EA6
:10C16000646C696E670A0043757272656E74207440
:10C1700068726561643A2025702028257329004380
:10C18000505520657863657074696F6E00556E68F0
:10C19000616E646C656420696E746572727570742A
:10C1A00000537461636B206F766572666C6F770005
:10C1B0004B65726E656C206F6F7073004B65726EAD
:10C1C000656C2070616E69630069646C65006D6107
:10C1D000696E006F730063726163656E00286E752F
:0CC1E0006C6C29002A666C6F61742A00E8
:10C1EC0000000000670000000000000000000000DC
:10C1FC000000000000000000000000000000000033
:10C20C000000000000000000000000000000000022
:10C21C000000000000000000000000000000000012
:10C22C000000000000000000000000000000000002
:10C23C0000000000000000000000000000000000F2
:10C24C0000000000000000000000000000000000E2
:10C25C0000000000000000000000000000000000D2
:10C26C0000000000000000000000000000000000C2
:10C27C000200000000C00C50000000000000000094
:10C28C00000000000CA7000040420F00000100005D
:10C29C00ACA600000E00010000000000BD820000F2
:10C2AC0083890000A4B10000000000000000000021
:10C2BC00F98C0000000000000000000000C01050CD
:10C2CC000000000000000000000000000000000062
:10C2DC000000000000000000000000000000000052
:10C2EC000000000000000000000000000000000042
:10C2FC000000000000000000000000000000000032
:10C30C000000000000000000000000000000000021
:10C31C000000000000000000000000000000000011
:10C32C000000000000000000000000000000000001
:10C33C000001000000A00D500000000000000000F3
:10C34C0000000000000000000000000000000000E1
:10C35C0000000000000000000000000000000000D1
:10C36C0000000000000000000000000000000000C1
:10C37C0000000000000000000000000000000000B1
:10C38C0000000000000000000000000000000000A1
:10C39C000000000000000000000000000000000091
:10C3AC0000000000000000000000000000800C50A5
:10C3BC000000000000000000000000000000000071
:10C3CC000000000000000000000000000000000061
:10C3DC0000000000000000000000000070B300002E
:10C3EC000100000044020020440200200000000074
:10C3FC000100000054020020540200200000000044
:10C40C00010000000000000000000000000000001F
:10C41C000000000000000000000000000000000010
:10C42C0000000000000000000CA70000000000004D
:10C43C00000000000A1600200216002000A0045084
:10C44C0000000000000000000000000000000000E0
:10C45C0000000000000000000000000000000000D0
:10C46C00000000000000000000000000F0B300001D
:10C47C0001000000D4020020D402002000000000C3
:10C48C0001000000E4020020E40200200000000093
:10C49C00010000000000000000000000000000008F
:10C4AC000000000000000000000000000000000080
:10C4BC0000000000000000002CA70000000000009D
:10C4CC00000000001A16002012160020993B0000F4
:10C4DC0000000000FF0000000090D0036403002067
:10C4EC0058030020500300204C0300201CB4000013
:10C4FC0014B400004CB400000CB400003CB40000B8
:10C50C0044B4000004B4000024B400002CB40000B7
:10C51C0034B40000FF0000000F00000071020000A6
:10C52C00800300208003002029A00000D3A4000079
:10C53C006774200008040020300400201C04002034
:10C54C00B0040020A40400208DA3000091A30000DF
:0CC55C0001004F000000000005FF00007F
:10C5680000000000000000000000000000000000C3
:10C5780000000000000000000000000000000000B3
:10C5880000000000000000000000000000000000A3
:10C598000000000000000000000000000000000093
:08C5A80000000000000000008B
:04C5B0000000000087
:10C5B400080400200804002000000000000000001F
:10C5C4000E0000001C0400201C04002000000000D9
:10C5D400000000000E0000003004002030040020A1
:10C5E40000000000000000000E00000044040020D1
:10C5F4004404002000000000000000000E000000C1
:10C60400580400205804002000000000000000002E
:04C614000E00000014
:10C618006C0400206C0400200400000004000000EA
:10C62800682E0020782E0020682E0020682E00201A
:08C638000000000000000000FA
:10C640009404002094040020000000000100000079
:10C65000A4040020A404002000000000B004002076
:08C66000B004002000000000FE
:04C6680015E015E0E4
:040000030000244590
:00000001FF
