:10000000D82F00203D250000279000002925000062
:1000100029250000292500002925000029250000A8
:10002000000000000000000000000000A926000001
:1000300029250000000000004126000029250000BD
:1000400045280000452800004528000045280000FC
:1000500045280000452800004528000045280000EC
:1000600045280000452800004528000045280000DC
:1000700045280000452800004528000045280000CC
:1000800045280000452800004528000045280000BC
:1000900045280000452800004528000045280000AC
:1000A000452800004528000045280000452800009C
:1000B000452800004528000045280000452800008C
:1000C000452800004528000045280000452800007C
:1000D000452800004528000045280000452800006C
:1000E000452800004528000045280000452800005C
:1000F000452800004528000045280000452800004C
:10010000452800004528000045280000452800003B
:10011000452800004528000045280000452800002B
:10012000452800004528000045280000452800001B
:10013000452800004528000045280000452800000B
:1001400045280000452800004528000045280000FB
:1001500045280000452800004528000045280000EB
:1001600045280000452800004528000045280000DB
:1001700045280000452800004528000045280000CB
:1001800045280000452800004528000045280000BB
:1001900045280000452800004528000045280000AB
:1001A000452800004528000045280000452800009B
:1001B000452800004528000045280000452800008B
:1001C000452800004528000045280000452800007B
:1001D000452800004528000045280000452800006B
:1001E000452800004528000045280000452800005B
:1001F000452800004528000045280000452800004B
:10020000452800004528000045280000452800003A
:10021000452800004528000045280000452800002A
:10022000452800004528000045280000452800001A
:10023000452800004528000045280000452800000A
:1002400045280000452800004528000045280000FA
:1002500045280000452800004528000045280000EA
:1002600045280000452800004528000045280000DA
:1002700045280000452800004528000045280000CA
:1002800045280000452800004528000045280000BA
:1002900045280000452800004528000045280000AA
:1002A000452800004528000045280000452800009A
:1002B000452800004528000045280000452800008A
:1002C000452800004528000045280000452800007A
:1002D000452800004528000045280000452800006A
:1002E000452800004528000045280000452800005A
:1002F000452800004528000045280000452800004A
:100300004528000045280000452800004528000039
:100310004528000045280000452800004528000029
:100320004528000045280000452800004528000019
:100330004528000045280000452800004528000009
:1003400045280000452800004528000045280000F9
:1003500045280000452800004528000045280000E9
:1003600045280000452800004528000045280000D9
:1003700045280000452800004528000045280000C9
:1003800045280000452800004528000045280000B9
:1003900045280000452800004528000045280000A9
:1003A0004528000045280000452800004528000099
:1003B0004528000045280000452800004528000089
:1003C0004528000045280000452800004528000079
:1003D0004528000045280000452800004528000069
:1003E0004528000045280000452800004528000059
:1003F0004528000045280000452800004528000049
:100400004528000045280000452800004528000038
:100410004528000045280000452800004528000028
:100420004528000045280000452800004528000018
:100430004528000045280000452800004528000008
:1004400045280000452800004528000045280000F8
:1004500045280000452800004528000045280000E8
:1004600045280000452800004528000045280000D8
:100470004528000045280000452800007BB972B9D6
:100480000029BEBF00204FF0004106E008BF002851
:100490001CBF6FF000414FF0FF3000F057B8ADF1D6
:1004A000080C6DE904CE002909DB002B1ADB00F0F3
:1004B00057F8DDF804E0DDE9022304B0704740425C
:1004C00061EB4101002B1BDB00F04AF8DDF804E092
:1004D000DDE9022304B0404261EB4101524263EB8B
:1004E00043037047524263EB430300F039F8DDF8F1
:1004F00004E0DDE9022304B0404261EB41017047B2
:10050000524263EB430300F02BF8DDF804E0DDE931
:10051000022304B0524263EB4303704753B94AB914
:10052000002908BF00281CBF4FF0FF314FF0FF30FB
:1005300000F00CB8ADF1080C6DE904CE00F010F835
:10054000DDF804E0DDE9022304B07047704700BF26
:10055000034613F8012B002AFBD1181A0138704703
:100560002DE9F04786468C460846089E1546744697
:100570001946002B40F0C1808542B2FA82F245D97B
:100580004AB1C2F1200300FA02FC954094402EFAD1
:1005900003F343EA0C0C4FEA154EA8B2230CBCFB44
:1005A000FEF80EFB18CC08FB00F943EA0C43994512
:1005B00028D9EB1808F1FF3704D2994502D9A8F1E0
:1005C00002072B44A3EB0903A4B2B3FBFEFC0EFB12
:1005D0001C330CFB00F044EA0344A04214D92C194C
:1005E0000CF1FF3304D2A04202D9ACF102032C4437
:1005F000241A43EA07401EB1D440002334607360DC
:10060000BDE8F0874746DDE76346F1E792BB431B51
:1006100001214FEA154EAFB2200CB3FBFEFC0EFBDE
:100620001C330CFB07F840EA0343984561D9EB18EB
:100630000CF1FF3004D2984502D9ACF102002B44F2
:10064000A3EB0803A4B2B3FBFEFC0EFB1C330CFBB4
:1006500007F744EA0344A7424DD92C190CF1FF33A4
:1006600004D2A74202D9ACF102032C44E41B43EAB2
:100670000040C0E7C2F120039540944020FA03F106
:100680002EFA03F34FEA154E9040AFB20343B1FB8D
:10069000FEFC0EFB1C10190C0CFB07F841EA004194
:1006A000884522D969180CF1FF3004D2884502D957
:1006B000ACF102002944A1EB08019BB2B1FBFEFCA6
:1006C0000EFB1C110CFB07F743EA01439F420ED9B6
:1006D000EB180CF1FF3104D29F4202D9ACF10201B8
:1006E0002B44DB1B41EA004193E76046E3E76146A8
:1006F000F7E76046A4E76346B8E7834206D916B930
:10070000002108467CE7C6E900E0F9E7B3FA83F781
:100710008FB9834201D3724508D8BEEB020460EB67
:10072000030301209C461EB9002169E73846FAE719
:10073000C6E9004CF8E7C7F1200CBB400EFA07F5FC
:1007400022FA0CF42EFA0CF1BA401C4320FA0CF3F6
:10075000B8404FEA144901431FFA84FEB3FBF9F88D
:1007600009FB18300B0C08FB0EFA43EA00439A45CC
:1007700040D9E31808F1FF3004D29A4502D9A8F114
:1007800002002344A3EB0A0389B2B3FBF9F809FB87
:10079000183308FB0EFE41EA03418E452CD961183F
:1007A00008F1FF3304D28E4502D9A8F10203214497
:1007B00043EA0040A1EB0E01A0FB02984145CE4662
:1007C000434602D306D14D4504D20138B9EB020E9F
:1007D00068EB0403002EA7D0B5EB0E0261EB03011A
:1007E00001FA0CFC22FA07F3F9404CEA0303C6E9CC
:1007F000003199E74046C5E74346D9E72DE9F04384
:1008000083B0037802AF032B36D0042B2DD0002BFE
:1008100055D1B0F80880466847F6FF751846194666
:10082000284C98453EDC42460023FFF727FE8146D0
:100830000321CDF800803346234A244808F031FBD9
:100840006E468AB002AA224B146253610FFA89F3F2
:10085000C2E90635052342F8103F00234FF4235127
:100860001A4801F0B1F8B54602E01A4809F0FCFB5D
:100870000437BD46BDE8F083174C184B20681021A3
:1008800000F0030003EB401004F0C6FC034628B15F
:100890000121134A0D4807F0B6FDE9E7236801334B
:1008A0002360E5E736F913200133101841EBE271BC
:1008B0009442B8BF14469542A8BF1546B1E703213C
:1008C000084AE7E70080FFFFC0BB000000B6000059
:1008D000ECBB0000D4000020D0000020EC1600206B
:1008E00098BB000003BC00002DE9F041114D124EF1
:1008F00086B02F1D4FF0FF324FF0FF33304601A975
:1009000005F0DAF9019B012402932023039302AB43
:1009100028680493059483683946D3F8008004AAB4
:100920000023C047031EE5DA2146044A044807F0C5
:100930006AFDDFE7E4000020AC0400201ABC0000E0
:1009400000B6000070B54C4C86B0206809F0DCFBA6
:1009500040B94A4801214A4A08F090FA6FF0120063
:1009600006B070BDE06818B109F0CEFB0028F0D0E9
:10097000444B03AC93E8070084E8070000222146BB
:10098000414809F05DFB404E054658B3034601213E
:100990003E4A3A4807F037FD00220121D52001F0F8
:1009A000C5FE012004F074FB034640B3384A012120
:1009B000324807F028FD3068364902AA00F5A070D9
:1009C00008F005FF0346002846D00121324A2B4893
:1009D00007F019FD4FF0FF304FF0FF3105F052FEE8
:1009E0000020BDE74FF4FA71304604F0A9FF01235F
:1009F000024629463046009509F054FBCCE7072310
:100A000026480121038004F089FB034608B1244AEB
:100A1000CDE70390234BA08022460221012004F061
:100A2000A7FB034608B1204AC1E710211F4804F084
:100A3000F3FB034608B11E4AB9E710211D4804F034
:100A4000EBFB034608B11C4AB1E704F027FC034660
:100A50000028B0D0194AAAE722461949194808F0D7
:100A6000B6FE03460028B0D1029803F07FFB03983E
:100A700003F07CFBAEE700BFE400002000B60000FE
:100A800039BC0000C0B60000D40000204EBC0000FD
:100A90006ABC000004500D5043BD0000E803002074
:100AA00086BC0000FD070000AEBC0000EC16002074
:100AB000D7BC00000C170020FBBC00001FBD0000CD
:100AC00000500D5004510D502DE9F04F91B000939E
:100AD00002F004030293C2F3C20301338407054604
:100AE0000E46DDF868800392059340F0BB81041D3B
:100AF00030B1072909D86FF01B0011B0BDE8F08FA5
:100B000001F007063444C6F10806009B4FF00009C7
:100B10004FF0040A591E4FF0FF334F460193CB4666
:100B20005346CDF810900DB1009A22600598002828
:100B300000F3E8809848009A824203D397488242A3
:100B4000C0F0E080039AA4EB050E92074FEA9E00E6
:100B500000F103810F2F00F2B180002D00F005811C
:100B600007F140020DEB020C019A0CF8200C0CF876
:100B7000102C049801300490E7E07A285DD84B28C7
:100B80000ED8472859D829282DD8252852D054D8EE
:100B900020287AD02338D0F1000B4BEB000B74E007
:100BA0004C382E2849D8DFE800F0704848484848BB
:100BB0004848484848484B484848484848484859A1
:100BC000484B4B595959704B6D487048184B184851
:100BD00048827F4B48484B487F0000204FF0000B75
:100BE0004FF0040A38E001222A38C0B202FA00F0BD
:100BF00010EA0E0F49D110F0625C2FD110EA020BFF
:100C000043D06046013C5444B4FBFAF40AFB04F4BC
:100C1000002D61D0A3EB050CA444B4453FF66BAFA7
:100C2000002868D1042B47D158F8043B23600423E3
:100C300004342AE0019A013A01924FF0000B24E0BB
:100C400011F8010C6C2834D1002011F8023C8346C5
:100C50006C2BC5D14FF0080A5346D3E708F10708BB
:100C600028F00708073424F00704F8E802AB35B190
:100C700006982044B0423FF63EAFC4E900AB4FF0C7
:100C8000000B08344FF0080A534611F8010F0028F2
:100C900078D0BBF1000F7FF470AF2528F5D14FF06D
:100CA000010B019B013301934FF0040AECE7584616
:100CB00094E700208346A5E7082B02D06FF01500CB
:100CC0001BE708F1070828F00708F8E80223C4E941
:100CD000002308230834D8E768B9042B02D108F1AF
:100CE0000408A4E7082BE9D108F1070828F0070851
:100CF00008F10808EDE7059A013A059258F8042B27
:100D0000009210E7039A900720D54FF0010CA4EB56
:100D1000050E4FEA9E00BEF5007FCFD20F2FCDD833
:100D2000F5B107F140020DEB020E019AC0B20EF8C8
:100D3000200C0EF8102CBCF1000F3FF41AAF60F03D
:100D40007F000EF8200C09F101090137C5F10802F6
:100D50004FF6DA7E0434069297E74FF0000CDAE79C
:100D6000BCF1000F01D00136EFE7029802360028EF
:100D7000EBD10098CDE90631FFF7EAFBDDE906315A
:100D80000644E2E7631BB3F5806F97D245B9A6F13D
:100D90000804E018B1E600BF98AB0000D0C700001F
:100DA000029A9B0828602B709DF81030C2B1EB703E
:100DB00085F80290B9F1000F05D0002208A8C5F10E
:100DC000010C97420ED14FF0000AC5F101030DF15D
:100DD000200801930DF1300B574512D1601B8CE6B2
:100DE0006B70E5E710F8013B190608D50CEB040E13
:100DF000B64503F07F033FF67EAE04F8013B0132B7
:100E0000DFE7B9F1000F03D098F90020002A17DBC3
:100E1000029BD3B11AF80B2004F8012B0022019B8E
:100E200018191044B0423FF666AE98F800000099D9
:100E300004F8010B2046039209F015FE039A1444AE
:100E40000AF1010A08F10108C6E798F8002055F8F0
:100E500022300093029B009845F82230FFF778FB80
:100E6000421CDCE76FF00D0047E600BF2DE9F04FB4
:100E700097B000AFD7F880B03B62CBF3C003044615
:100E8000894690F802A0FA62BB6141B945780078C2
:100E90000AEB800020444D4517D8A0EB0409E37805
:100EA000FB61BAF1000F02D01BF0010F16D1FB69F4
:100EB00053BBFB6A1BB1494620463A6A98474D46E8
:100EC00028465C37BD46BDE8F08F461C3046FFF72C
:100ED0003FFB0130304409F10109DCE76268237807
:100EE0007A62FA6A9900796104EB8301002A40F082
:100EF00001810E464FF000084D4601EB0A094E45B0
:100F00004CD101EB0A0610E01BF0020FD1D0237880
:100F10009A007A61626804EB83017A62FA6A002AB5
:100F200077D14D46904601EB0A061BF0050F0CBF2A
:100F300002230123FB62FB6906EB430A0BF0020369
:100F4000BB625645BCD016F8021B16F8013C54F89B
:100F50002390994B994502D3984B994536D3BB6959
:100F6000002B40D0786A07F062FB00283BD0E946AE
:100F70008AB06A46924B53617B6AC2E906314FF4EC
:100F8000007313848F4B42F8103F00234FF412512B
:100F90008D4800F019FD023DCD46D2E716F8013B21
:100FA000F96254F82300FFF7D3FAD7F88430F96ACE
:100FB00001304BB1D7F8883098453EBFD7F8843020
:100FC00023F8180008F10108054498E7BB6923B12C
:100FD000786A07F02CFB0028C9D11BF0010F05D15E
:100FE000FB6AED1AADE7BB6A002BAAD04846FFF7B3
:100FF000AFFAD7F8843053B1D7F8883098453FBF5F
:10100000D7F88420431C22F8183008F10108054461
:1010100097E7BAF1000F73D01BF0040673D0D046E7
:10102000002607F1480052463B61B96209F01BFDFA
:10103000B96A3B6901EB0A02BA62FA69F9695200BE
:10104000FA60BA6A02EB41023A610BF00202BA603E
:101050003A69B96A8A4258D162781BF0020F18BF08
:1010600000217A6208BF4FEA5801B2181BF0010F45
:10107000D2B240F09F801BF0040F14BF4046002006
:10108000BB616270A070E17020463A6A7969FB6AC0
:101090009847051EFFF614AFBB69414623707B6A73
:1010A0003A6A6370FB6984F802A0E37007F14800B4
:1010B000FB6A9847B0F10008C0F2BA807B69A9EBDF
:1010C0000A01C91AFB683A6AC91AD7E90A0398479C
:1010D0000028C0F2AF804FF0000BA84408EB0005D9
:1010E00007F1380AB34571D300213A6A0846FB6A12
:1010F0009847E5E656464FF0000807F1380092E7BA
:101100005646D04696E7B04694E7BA6A12F8021BF4
:1011100012F8015CBA6254F82500274A904202D3C3
:10112000264A90421ED3BA6932B1786A7B6007F0D2
:101130007EFA7B6800288BD1BA6802BB08F12802CE
:1011400007F1300C08F10100944407F1580208F14E
:10115000020852FA80F00CF8101C5FFA88F800F8C8
:10116000105C75E7BA693AB1786A7B6007F05FFA9C
:101170007B6800287FF46CAF1BF0010F09D006F1EB
:10118000280207F13000711C161806F8205CCEB258
:101190005EE71BF0040F3FF45BAF08F1280207F194
:1011A000300008F1010102EB000808F8105C5FFA5A
:1011B00081F84DE7002063E798AB0000D0C700003E
:1011C0007EBD00000400000110B600001BF80A30CC
:1011D00054F8239087F83730D7F884302BB3D7F8FA
:1011E00088309B4521D2D7F8843033F81B80012109
:1011F0003A6AFB6A07F13700984700281ADB054472
:10120000B8F1000F06D14846FFF7A2F900F1010836
:101210001FFA88F8414648463A6AFB6A9847002810
:1012200008DB05440BF1010B5CE74FF00008DEE73B
:10123000454645E6054643E6014B1860704700BF4A
:10124000FC00002080B505460E461746984605F07E
:101250006BFA034609F096FC0446DFF81890424604
:1012600049F8003039463046A84754F8090001F0E3
:10127000D1F900BF080000002DE9F047058B0446B6
:101280002807904611D4022905F0070540F0CC80CC
:10129000204607F06CFC78B10138218B042811D866
:1012A000DFE800F0C2106D85950001290CBF45F004
:1012B000100545F02005258388F31188BFF36F8F53
:1012C000BDE8F08701F0070AAA4500F0A5800027D5
:1012D000B9463E46A368002B00F0BC8041F00801EF
:1012E000218388F31188BFF36F8FA168002900F074
:1012F000BA800D68002900F0B68033465246204679
:10130000D1F80480C047002D76D02B6829461D46B1
:10131000F0E701F007035A1F012A1BD8002221F031
:101320000701062B276889B2C4E9002209D13B4690
:1013300003E0628B013262831B68002BF9D141F01C
:1013400002012046218307F012FC00287AD041F0E8
:10135000200176E0042B0AD121F0070189B2204652
:10136000218307F004FC10B141F020012183218B7F
:1013700001F0070AAA454FD00027B946AAE723691A
:1013800021F0070141F00601062DD3F800902183DA
:101390002DD1B9F1000F3FD041F00801218388F32E
:1013A0001188BFF36F8F20463949C84729E021F0E3
:1013B0000701236941F0040189B2042DD3F8049098
:1013C0002183E6D000274FF0040A3E4682E721F051
:1013D0000701236941F0050189B2052DD3F8089072
:1013E0002183D6D000274FF0050A3E4672E700273A
:1013F0004FF0060A3E466DE72B4687E7B9F1000F2E
:10140000D1D1EFF31188202383F31288BFF36F8FBC
:10141000238B23F008032383258BEA062ED525F0A2
:101420001003238305F007056669218B002EBFF6A4
:1014300070AF00232768C4E9003321F0070141F0B1
:1014400001012183218B4FF0000901F0070AAA4511
:101450007FF440AF002F9CD041F00801218388F336
:101460001188BFF36F8F002FC8D03D6839463346CF
:101470005246204607F0A7FB2F46F4E7AB067FF560
:101480001BAF25F02003238305F0070500E700BF0D
:10149000F38B00002DE9F047044607464FF00109A1
:1014A000DFF8508014B93846BDE8F08794FAA4F507
:1014B000B5FA85F509FA05F32E0108EB05156FEA73
:1014C000030A24EA03042B7B002BEBD058F80630E8
:1014D0001B694BB94644736804222846196807EA19
:1014E0000A0707F05BFCDDE7284698470028D9D1BA
:1014F000F0E700BF68B6000030B5002289B00F49A0
:101500000F4808F082FF002200230024CDE90623C3
:101510000E230C4DCDE903344FF440722846CDE93B
:101520000144094B0949009404F00CFE084928467F
:1015300004F08EFD204609B030BD00BF55150000F7
:10154000A80A0020D80500206D180000981F002070
:1015500032BE0000014804F0DBBC00BFDC04002008
:101560002DE9F047804621480F4607F0FBFB064671
:10157000002833D000252846BDE8F087237B83B1BF
:101580002368DB680BB120469847636883F80690B0
:1015900023681B69D3B9636804222046196807F0E1
:1015A000FDFB013610345445E8D3B8F1000FE2D00A
:1015B000002DDFD02846FFF76DFF0546002FF7D03E
:1015C000002140F2391005F05DF8F1E72046984718
:1015D0000028E0D009FA06F31D43E2E705464FF084
:1015E0000109034CDFF80CA0DDE700BFB80E0020B6
:1015F00068B6000078B60000014B53F82000704731
:101600001CB7000008B5034608462BB1044A136016
:1016100000F070FC002008BD6FF01500FBE700BF74
:101620000001002010B5044C237813B9034804F0DE
:101630006FFC0123237010BD6C170020DC04002018
:1016400010B50446094807F08DFB3CB1084BD3E8C0
:10165000EF1F0139C3E8E21F002AF8D1054808F05E
:10166000E0FEBDE81040044804F052BCB00E00207B
:10167000B40E0020A80A0020DC040020002001464F
:10168000034BD3E8EF0FC3E8E21F002AF9D17047FC
:10169000B00E002070B5FFF7F1FF0546074C084E6D
:1016A000B44200D370BD63685B792BB123685B687B
:1016B00013B12946204698471034F1E768B6000078
:1016C00078B6000010B5044C0449204607F0E8F84D
:1016D000034B1C6010BD00BF0404002008B70000CD
:1016E000A80E002000230D4A10B513700C4A0D49B6
:1016F00013600D4A0D481360FFF784FFFFF7E2FF08
:101700000B4B0C4918468B4200D310BD1A1A5C686B
:101710001211013222711033F5E700BF6D1700205E
:10172000B00E002040420F00B40E0020618D00007A
:1017300068B6000078B60000014600220023014888
:1017400007F0CFB804040020014807F068B900BFD3
:1017500004040020024B0146186807F0B4B900BF2A
:10176000A80E0020014807F0E9B900BF04040020DA
:1017700070B5274B1878002849D0FFF7E5FF0546DC
:10178000002841D1234B244C1B68002B19DD08F0A5
:101790003AFE4FF47A75A0FB050647F612220023A5
:1017A00005FB0161FEF7BAFED4E90032C01A40F22F
:1017B000E93361EB0201984271F1000101D3FFF7B7
:1017C00069FFD4E9003213F57A7342F10002C4E9EB
:1017D0000032BDE87040FFF7C5BF63685B7923B195
:1017E0002368294620461B6898471034B442F4D336
:1017F0002846FFF7AFFF094BD3E8EF1F0139C3E8D5
:10180000E21F002ABED0F7E7054C064EEEE770BD9A
:101810006C170020B00E0020A00A0020B40E00209B
:1018200068B6000078B6000070B50D4D297861B932
:101830000120FFF795FE0B4C0B4EB44206D3FFF789
:1018400097FF0028FBD101232B7070BD63685B7983
:101850001BB1236820469B6898471034EDE700BF12
:101860006D17002068B6000078B6000000212DE951
:10187000F0470846FFF774FE044658B340F21B6871
:101880004FF0000909F07EF91B4B1C4A1B581360EE
:1018900033B11B4B1B68092B02DD1A4804F038FBDF
:1018A0000025194FDFF85CA044B12046FFF7F2FD98
:1018B000044618B94FF0FF384FF0FF39FFF758FFD3
:1018C000064628B9B5B942464B46504604F05AFB85
:1018D0003546E9E74FF0FF384FF0FF39D2E72B6884
:1018E0009B691BB100222846114698471035BD421E
:1018F000F5D3E8E7054DFAE708000000AC0E00203C
:10190000B40E0020DC04002078B6000068B60000A9
:1019100013B5184807F026FA174B1B7873B1EFF38D
:101920001184202383F31288BFF36F8FFFF720FF0A
:1019300084F31188BFF36F8F02B010BD0F4B1B688B
:10194000002BF9D050B9002200230D48CDE9002327
:1019500047F61222002305F005FAEDE70928EBD13E
:10196000074808F05EFD074802B0BDE8104004F0EB
:10197000CFBA00BFB40E00206D170020AC0E0020BF
:10198000A80A0020DC04002010B5064B04461B68A2
:1019900098472146A060044807F022F8BDE81040AF
:1019A000FFF7B6BF0001002004040020044A054BE5
:1019B0009B1AB1EBD30F34BF52F8310000207047AF
:1019C00000B6000068B600002DE9F04F8FB0C1F3FB
:1019D0004A2804AF0D469146B8607B600C0DB8F103
:1019E000000F63D000264FF0040B4FF00A0A07F1F6
:1019F0001403C7F80C80C7E907667E620193CDF82F
:101A000008B0CDF800A007F11C0332464846F9683B
:101A1000FFF72CFAB0F5006F03461CD36C468AB072
:101A2000D9F8041004AB26481A46C3E9050140F270
:101A3000FF71D9614FF400711984224B42F8103FB5
:101A40004FF4125133462048FFF7BEFFA5462C370E
:101A5000BD46BDE8F08FC0F30A0804F11700184432
:101A600020F0070080083B60FFF766FE68F353250F
:101A7000044690B13B6800F11001C7E9083607F150
:101A80001403F961CDE900A3CDF808B048460F4A28
:101A9000F96807F11C03FFF7E9F968F353252A46B3
:101AA00020467B68B96807F099F9D0E704F1170080
:101AB00020F007008008FFF73FFE0446EDE700BF77
:101AC00047BE00000400000128B60000AF8D0000F2
:101AD0002DE9F04F87B00446DDE9105ADDE91279AF
:101AE000934698460391BFB13B46524610210020D1
:101AF000CDF80090CDF81490FEF7E6FFB0F5006F3A
:101B000006460AD340F2FF730221174A174807B06E
:101B1000BDE8F04F07F0BBB93E4605F11700304471
:101B200020F007008008FFF707FE04F007040BF021
:101B3000070BE40044EA8B1444EA462444EA0554C3
:101B4000054640B13FB13B4652463146CDF8009084
:101B50001030FEF7B9FF434622462846039907B0E6
:101B6000BDE8F04F07F03AB986BE000028B6000085
:101B7000406820B1034BC01A40F3CF0070474FF0CC
:101B8000FF30704700B600000EB403B503AB53F846
:101B9000042B01460448019301F074F802B05DF88B
:101BA00004EB03B0704700BFF18E0000CA0605D4F5
:101BB0008B064CBF02490349FFF7E6BF704700BFE1
:101BC000BFBE0000BEBE00002DE9F04F89B09B46AD
:101BD000149B9DF84CA00693159B04460593169BF9
:101BE0000D469046179E0493BAF1000F00F09D80B9
:101BF00006F48073079307F0CFF806F00209024657
:101C000000283ED020469149FFF7BEFF0746B9F1B4
:101C1000000F08D016F0440F35D12A4620468C49D3
:101C2000FFF7B2FF074406F0010353B1894B20468A
:101C300053F82A20884B8949002A08BF1A46FFF723
:101C4000A3FF06F48073002B49D006F00803002B95
:101C500063D1B8F1000F66D0424620468049FFF7B5
:101C600093FF0546069B3D44002B6DD1049B002B42
:101C700073D1F30700F1E48031462046FFF796FF69
:101C8000D8E00746C3E7774B18680028CAD0764BE0
:101C90004FF47A791B684FF03C0CB5FBF3F5B5FBBC
:101CA000F0F14FF4616300FB115509FB05F5B1FB41
:101CB000F3F2B5FBF0FE03FB121100FB1E55B1FB66
:101CC000FCF309FB05F5B5FBF0F50CFB1311204601
:101CD0000091CDE901E56549FFF756FFA2E706F05F
:101CE0000803EBB1624B204653F82A206149FFF705
:101CF0004BFF0546B8F1000F05D042462046584933
:101D0000FFF742FF0544BBF1000FABD05A46204617
:101D10005949FFF739FF0544A4E74FF0000BE1E70D
:101D200006F00805E6E745469CE7BBF1010F069B78
:101D300006D1002B64D1049B002B7BD000250CE046
:101D4000002BF8D04D485CE04D48069B22464D499B
:101D500006F03CFC049B002B68D0DFF82C81DFF8F8
:101D60002C91049F3146102F204628BF10274FF09A
:101D7000000BFFF71BFF5D4545DC059B49462046F0
:101D80001A78FFF701FF4FF0010B1BF0070F03D18B
:101D900041462046FFF7F8FE5F453BD9059B494683
:101DA000204613F80B20FFF7EFFE0BF1010BBBF100
:101DB000100FEAD14FF0000B20463549FFF7E4FE43
:101DC0005A46059B20469A5CA2F120015F2928BF54
:101DD0002E223049FFF7D8FE0BF1010BBBF1100F9B
:101DE0001DD01BF0070F03D141462046FFF7CCFE64
:101DF0005F455A46E5D841462046FFF7C5FEEBE76A
:101E00001F485546A1E741462046FFF7BDFE0BF1AE
:101E1000010BB0E720462049FFF7B6FEC5E7059B5A
:101E20003B440593049BDB1B04939AD1BAF1000F4A
:101E30007FF41FAF204609B0BDE8F04F07F04BB864
:101E40002046054A0549FFF79FFE15E7C6BE00007C
:101E5000CABE00002CB70000C1BE0000A6C500002D
:101E6000EFBE0000C00E0020BC0E0020D3BE00005C
:101E700040B70000F3BE0000F9BE00001F8F000055
:101E8000F18E0000852C000006BF0000FEBE0000A1
:101E900008BF00000ABF000004BF000042F20F7339
:101EA00073B58B4228BF0B4605680446052168467A
:101EB0000D4A06F021F80646636828460B225B6847
:101EC0000A4906F0FAFF63683246694628465B68AD
:101ED00006F0F3FF63681B2228465B68044906F09E
:101EE000ECFF02B070BD00BF7DC0000029BF000044
:101EF0000DBF000000210123064A904206D8064A81
:101F000001B901231360054B186070470121400897
:101F10005B00F2E740420F00BC0E0020C00E002024
:101F2000F8B50D460446064F4618B44201D128467E
:101F3000F8BD14F8011BBB6801485B689847F4E7DB
:101F4000A0AC0000014B03600020704788B7000080
:101F500008B5044806F092FBBDE80840024806F0C8
:101F60008DBB00BF6FBF0000A4BF000008B50348D1
:101F7000034A0021121A07F04EF808BD1005002090
:101F800094170020074808B5074A0849121A07F0B5
:101F900044F8BDE808400648064A0749121A07F007
:101FA0003CB800BF400000200C050020D0C7000056
:101FB0004000002040000020D0C700002DE9F0477D
:101FC00006460C4600AF002936D0D1E90012E9469A
:101FD0008AB06D46A3684FF0050AA8461F48C5E9B8
:101FE0000723C5E9050148F810AF002342464FF426
:101FF00021511B48FFF7E8FCD4E90312CD46636981
:10200000AD461848C5E90723C5E90501C5F810A084
:10201000002342464FF421511148FFF7D5FCCD462D
:10202000E3690121104A0E4806F031FFA36901213E
:102030000E4A0B4806F02BFF012E07D1EFF3058364
:102040000B4A31460648103B06F021FF2146304638
:1020500003F0A6FCBD46BDE8F08700BFD2BF00007C
:1020600048B6000001C0000030C000003FC00000C2
:102070006DC0000030BFFFF7FDBF00BF2DE9F0418C
:1020800005460B4EDFF82C80324606EB0807CC1BCA
:102090002046094908F0E7FCA01942460021083C07
:1020A00008F0EEFCC5F8B84007F10800BDE8F08183
:1020B0000000000004000000BCB60000054B5A6997
:1020C0009B689A421FBF044A536843F08053536091
:1020D000704700BF7410002000ED00E070B52A4C7E
:1020E00006460D4629482A4906F0A4FFA36ADB06E6
:1020F00047D52648274906F09DFF1120A36A1C07F3
:1021000004D52248244906F095FF12201E4CA36AEC
:10211000990712D521491D4806F08CFF636BA26A0E
:10212000120609D501211E4A184806F0B0FE1EB15C
:10213000A36A23F08003A3621320134CA36ADE0773
:1021400004D51248174906F075FF1420A36A9C06AF
:1021500004D50E48144906F06DFF15200A4B9A6A03
:10216000D10658BF9A6A9A6A920642BF5A6A22F406
:1021700000525A629A6A42F0FF029A6200232B7060
:1021800070BD1020BAE700BF00ED00E048B60000C7
:1021900080C0000096C00000C9C00000DCC0000084
:1021A000F4C000000AC1000029C1000010B5244C91
:1021B0002449254806F03EFFA36A99013ED52248EE
:1021C000224906F037FF1E20A36ADA0104D51E4813
:1021D0001F4906F02FFF1F20194CA36ADB0204D50C
:1021E00019481C4906F026FF0220A36A1C0304D5E7
:1021F0001548194906F01EFF2120114CA36A590306
:1022000004D51148154906F015FF2220A36A9A0348
:1022100004D50D48124906F00DFF2320084CA36A8F
:10222000DB0304D508480F4906F004FF2420A36A05
:102230006FEA03436FEA1343A36210BD1D20C3E797
:1022400000ED00E058C1000048B6000070C1000079
:1022500083C100009DC10000C7C10000E5C10000AE
:102260000AC2000024C2000070B5294C06460D4683
:102270002848294906F0DEFEA36AD9043CD5254842
:10228000264906F0D7FE1720A36A1A0504D521486F
:10229000234906F0CFFE18201D4CA36A9B0512D5DA
:1022A0001C48204906F0C6FEA36BA26A100409D59B
:1022B00001211D4A174806F0EAFD1EB1A36A23F466
:1022C0000043A3621920124CA36A590504D5114892
:1022D000164906F0AFFE1A20A36ADA050ED50D489E
:1022E000134906F0A7FE1B20094A936A43F47F4373
:1022F000936200232B7070BD1620C5E7A36A9B0470
:10230000F2D504480B4906F095FE1C20ECE700BF0F
:1023100000ED00E048B600004FC2000065C20000BA
:10232000C9C0000076C200008FC20000A4C2000035
:10233000BFC2000029C100002DE9F0418AB0654B01
:102340000446D3F80480002600AFC8F3080586F3DE
:102350001188BFF36F8F02F07F43B3F17F4F07D136
:1023600002F00C03082B12D15B495C4806F062FEB8
:10237000002634460023FB71EB1E092B00F28980F6
:10238000DFE803F00A7F827B8787878787851007CE
:102390004CBF0C460126EDE75149504806F04AFE75
:1023A00000234C4DFB71EB6A9A0705D54D494B480C
:1023B00006F040FE002331E0EB6A002B01DA4A49C7
:1023C000F5E7EB6A5B00F5D54849444806F032FE74
:1023D0006B69A26943F480736B61BFF34F8FBFF3E6
:1023E0006F8F6B6932F8022C23F480736B61BFF33B
:1023F0004F8FBFF36F8F4DF602739A4207D0AB6ACF
:10240000DBB26BB30120F91DFFF768FE37E02368EC
:102410000121374A314806F03AFD2368FA79DAB9E2
:1024200007F1080504F1200C2A4620686168083489
:1024300003C264451546F7D17A6A002E45D0C2F32F
:10244000080121B96FEA52226FEA42227A621846E5
:1024500007F10801FFF7B2FD2837BD46BDE8F0815E
:10246000AB6A13F47F4F04D00120F91DFFF7FCFE87
:1024700005E0AB6AB3F5803F9CD3FFF797FE0346B8
:10248000CCE70020F91DBFE70020F91DEEE7194950
:102490008DE7194A18F4F87FE8468AB0174B18BF41
:1024A00013466A461649103DC2E905134FF40073FE
:1024B0001384144BD56142F8103F00234FF411519F
:1024C0000648FFF781FAC54674E722F4FF7222F04E
:1024D0000102BBE700ED00E005C3000048B60000C4
:1024E00030C3000047C3000068C3000076C300008B
:1024F00095C30000B1C30000ECC20000D7C20000C9
:10250000D5C3000004000001064B5A6942F01002D6
:102510005A615A6942F480625A615A6922F008028B
:102520005A61704700ED00E0EFF30880EFF3098196
:1025300001B57246FFF700FF01BD00BF002080F328
:102540001488BFF36F8F002080F30A8880F30B8814
:10255000104880F3088800200F49087001F0B8FC8B
:1025600000200E490860BFF34F8F00F02DF82020A7
:1025700080F311880A484FF40061401880F30988FD
:10258000EFF314800221084380F31488BFF36F8FA8
:1025900000F0F0F8D82F00209217002094ED00E012
:1025A00098220020002318460649D1F89020C2F353
:1025B0000722934200DB7047C1F89830C1F8A000B1
:1025C0000133F6E700ED00E010B572B6002484F3A5
:1025D0001388FFF7E7FF23464FF0FF300C4A03F163
:1025E00020010133102B42F82100F8D100234FF0D5
:1025F000FF30074A03F160010133102B42F821003C
:10260000F8D162B6BFF34F8FBFF36F8F10BD00BF1D
:1026100000E100E0084B9B6883420BD1EFF3058398
:1026200043B1064B5A6842F080525A605A6A22F40B
:1026300000425A6204F07EB87410002000ED00E001
:1026400016498A684FF030001044EFF3098C80E897
:10265000F01F202080F31288BFF36F8F104F4FF0D0
:1026600000664A698A603E60D2F8B8000D4C20606E
:10267000D2F8BC000023C2F8BC3080F3118802F10C
:10268000300090E8F01F8CF3098802F1000004B5D7
:1026900006F0D8FCBDE8044070470000741000202C
:1026A00004ED00E0F00E00201EF0040F0CBFEFF36D
:1026B0000880EFF30980816911F8021C0229FFD01C
:1026C00001B5724606F0ABFC01BD00BF00B20028A8
:1026D00007DB01234109034A00F01F00834042F851
:1026E0002130704700E100E000B200280CDB01223D
:1026F0000649430900F01F008240203341F823209F
:10270000BFF34F8FBFF36F8F704700BF00E100E052
:10271000054B420953F82220012300F01F0003FA61
:1027200000F01040704700BF00E100E000B2002858
:1027300001F10101ACBF00F16040064B4FEA4111CD
:10274000C9B2ABBF00F5614000F00F0080F8001384
:102750001954704714ED00E0044B054A23F07F0341
:102760009360BFF34F8FBFF36F8F7047000000007F
:1027700000ED00E008B5FFF7EFFF074AD2F8883018
:1027800023F47003C2F88830FFF7F0FBFFF7FAFB81
:1027900000F048F803F028FA00ED00E042F8203C91
:1027A000009B0B4942F81C3C019B21F0010142F8BF
:1027B000183C029B42F8081C42F8143C4FF080730E
:1027C00042F8043C0023203A0265C0F8BC30704750
:1027D0004512000000B50E4B15469860D0F8B820A1
:1027E0000C4B0E461A60D0F8A83083F30B882C46A9
:1027F00086F309880020044B9847204600210022D8
:102800000023024C204700005590000045120000B4
:1028100074100020F00E00201022014B1A61704746
:1028200000ED00E00023202040F20F1210B5044C10
:10283000E1180133934281F80003F9D110BD00BFC4
:1028400000E100E008B5EFF30583064A103B02EB18
:10285000C30152F8330049688847BDE80840FFF7D4
:102860002DBC00BF00AD00001FB5094C094A23462E
:102870000121094800F012F900230393074B0121BD
:10288000E41A01A80193029400F012F904B010BDFB
:1028900000F002200000002088B700001005002092
:1028A00010B50C7A0B6804F01F0223F01F031A43C3
:1028B000CB68640923F01F03054943EA440343F04E
:1028C0000103C1F89800C1F89C20C1F8A03010BDE8
:1028D00000ED00E010B50A4BD3F89030C3F30723A6
:1028E000013B984208D901210346064A064806F0F2
:1028F000CEFA6FF0150010BDFFF7D2FFFBE700BF67
:1029000000ED00E0ECC3000040B600002DE9F04F00
:102910008946144606464FF00008514D85B0C8451B
:1029200027DAD6F804A0BAF1000F44D0BAF11F0F8D
:1029300017D91AF01F0F14D1D6F800B01BF01F0FD3
:102940000FD1584606F0A9FB07460AEB0B000138E9
:1029500006F0A3FB874210D06FF01507414A3B46B3
:1029600001E04346404A0121404806F090FA6FF0EA
:102970001504204605B0BDE8F08F17F1160FEDD015
:10298000BC42EBDDC5F89870D5F89C10C5F898707E
:10299000D5F8A03021F01F0143F01F0BD6E900321B
:1029A0001A44994202F1FF3A1DD1D34507D131466D
:1029B000F8B206F07BFB08F101080C36AFE73146B0
:1029C000C5F89870D5F89C3022F01F0203F01F0361
:1029D0001343C5F89C30E0B206F068FB10F1160F07
:1029E000C5D0441CE7E7C5F89870D5F8A020013B96
:1029F00023F01F0302F01F021343D3453146E0B218
:102A0000C5F8A030E8D006F051FB10F1160FAED09B
:102A1000C5F89870D5F89C209DF808300BF1FF3B65
:102A200062F304038DF80830D5F8A0309DF8082033
:102A30005B0863F347128DF80820D6E9003213448F
:102A4000009323F01F035B44A3EB0A03013023F040
:102A50001F036946C0B20393FFF73CFFBEE700BF08
:102A600000ED00E035C4000012C4000040B60000D4
:102A70000522044BC3F89420BFF34F8FBFF36F8F31
:102A8000704700BF00ED00E0BFF35F8F0022024BF4
:102A9000C3F89420704700BF00ED00E010B5034C70
:102AA0002278FFF733FF207010BD00BF6F170020A2
:102AB0002DE9F74F294D8A4606464FF00008AB46F0
:102AC000274FD0451BDAD6F80490B9F1000F3FD05C
:102AD00031680846019106F0E0FA0199044609EBD5
:102AE0000100013806F0D9FA84424FF014021D4B60
:102AF00008D002FB08F36FF015024BF8032003B077
:102B0000BDE8F08F14F1160F2C60F8D01978A142AF
:102B1000F5DD02FB08B0C7F89840C7F89840D7F831
:102B20009C4000F10801007B64F304000871D7F8B1
:102B3000A0000C79400860F347140C71D7F89C1082
:102B400021F01F016960D7F8A01021F01F01296151
:102B500008F1010814350C36B3E700BFF40E00206D
:102B600000ED00E06F170020F0B54149414CD1F86D
:102B700090302568C3F307239D4287B075D80020A5
:102B8000FFF782FF3C4BC1F8C030854216D13B4C69
:102B900001A82570FFF7D6F900250646384FAE424A
:102BA00013D1002023783249D1F89020C2F30722B4
:102BB000934254DBFFF75CFF00202FE0616801EBDC
:102BC0000011FFF76DFE0130DFE70199280101EBED
:102BD0000513DA683A40B2F5001F21D0B2F5800F34
:102BE0002BD0B2F5801F38D15A689B680958013B39
:102BF00022F01F0003440120844623F01F0340EA13
:102C00004C10CDE902218DF8100002A9207805931F
:102C1000FFF760FE00281DDA6FF0150007B0F0BD69
:102C20005A689B680958013B22F01F0003444FF08B
:102C3000020C012023F01F03E1E75A689B68095842
:102C4000013B22F01F0003444FF0000C062023F04C
:102C50001F03D4E723780133237001359FE7C1F8C0
:102C60009830C1F8A00001339EE74FF0FF30D5E760
:102C700000ED00E094B70000AAFF44006F170020A9
:102C80000000F0FFF0B587B007460E46144600215D
:102C9000102268461D4607F0F3FE02238DF802302D
:102CA000054B2A4621466846CDE90476019305F096
:102CB0004FF907B0F0BD00BFDF90000008B5024B30
:102CC0001B689847002008BD080F0020034B044AEA
:102CD0001860937843F0020393707047080F002048
:102CE0000C01002008B50649064821F00701C1F192
:102CF000005202F53C3205F011FC002008BD00BF77
:102D0000EF3300200C0F002008B5234A234B1A6034
:102D100000F0A4F84FF47A612148D0F82436C3F3C8
:102D20000802C3F309434B4382F480721D49883281
:102D300001FB02334FF4FA215B00B3FBF1F201FB1C
:102D400012331949B3F57A3F28BF0132C1F804297B
:102D5000D0F820364FF47A60C3F30802C3F3094376
:102D6000434342F21C5082F4807202F2172200FBAD
:102D700002334FF47A701B0AB3FBF0F200FB1233FC
:102D8000B3F5FA7F4FF0010328BF0132C1F81C27C9
:102D9000C1F80036002008BD0020A1077003002004
:102DA00000C0FF00F82A00800000125048B1054B17
:102DB000054A1B68B3FBF2F35843044B43F001038D
:102DC000184770477003002040420F00F0B6000023
:102DD00010B501F015FA204C206001F00DFA60608A
:102DE00001F012FAFF21A060002001F011FA6FF04B
:102DF0007F41012001F00CFA4FF6FF71022001F033
:102E000007FA0F21032001F003FAFF21042001F04B
:102E1000FFF94FF6FF71052001F0FAF9FF210620B6
:102E200001F0F6F90F21072001F0F2F9032100204B
:102E300001F0F6F93F21012001F0F2F93F210220D3
:102E400001F0EEF90321084601F0EAF9204601F00D
:102E5000D1F8002010BD00BF180F00200122024B46
:102E6000C3F80424704700BF002008E0084B70B589
:102E7000C31A0D4607499B10044659434022064891
:102E800006F041F92B4601462046BDE87040184740
:102E9000380F0020B76DDBB620AC0000402373B5BF
:102EA0000B4C0093041B0B460D460A49A4106143CA
:102EB0000646094A094806F051F9011E05DA30466E
:102EC0002B4602B0BDE87040184702B070BD00BF8D
:102ED000380F0020B76DDBB6C591000020AC0000B4
:102EE000F8B500220121054640F20510FFF71EFC4F
:102EF0000F4801F0A3F90446B8B901F0BFF92F69F2
:102F00000C49384605F082FE031E09DB01263E64AB
:102F10002D69084905F11C0005F078FE031E02DA50
:102F20001C462046F8BDEE64FBE76FF00404F8E7AA
:102F3000E5910000BCB700007FB500220123CDE978
:102F4000022304ABCDE90433094A6B46CDF800D027
:102F5000CDF804D006F02FF9002805DB43F609521E
:102F60000023684603F00EF807B05DF804FB00BFCD
:102F7000D791000010B5EFF31184202383F312885A
:102F8000BFF36F8F074A136823F00201DB0711605C
:102F900002D4012006F044FC84F31188BFF36F8F44
:102FA00010BD00BF880F00200C22104B014602FB11
:102FB0000033002030B4D3E90E529863EFF3118050
:102FC000202484F31288BFF36F8F1C6C04F0C004BC
:102FD00044F002041C6480F31188BFF36F8F1DB1AD
:102FE0002B4630BC0248184730BC7047380F0020D1
:102FF00020AC000010B4EFF31182202383F3128879
:10300000BFF36F8F1648016841F002040460C807DF
:1030100007D482F31188BFF36F8F012010BC06F034
:10302000F7BB1049D1F80C14C903F2D5EFF31180A6
:1030300083F31288BFF36F8F0B490B6C03F0C0034F
:1030400043F002030B6480F31188BFF36F8F82F3A8
:103050001188BFF36F8F002010BCFFF7A5BF00BF22
:10306000880F002000E01050380F00202DE9F041BB
:10307000012207463449D1E8EF3FC1E8E02F00289C
:10308000F9D133B9314932484B60CB608A6005F0E1
:10309000D0FD7B1E012B28D8012F06D12D4BD3F854
:1030A000503403F00303012B1FD007F070F80546DE
:1030B000E8B9294B1B78D3B104220646254BC3F847
:1030C0000823244CDFF89480D4F84C24D4F84C34F2
:1030D000D20315D503F00303012B01D0012F0FD12B
:1030E00065B386F31188BFF36F8FBDE8F081EFF30E
:1030F0001186202383F31288BFF36F8F0125E0E749
:10310000BDB1304605F0BAFFD4F8403413F0FF03E8
:10311000DAD1D4F80821002AD6D0C4F80831D4F87E
:10312000083120220123C4F84034C8F8A0212361CB
:10313000CAE70021202003F0A5FAE5E70422054BA9
:10314000C3F80423D1E700BF340F0020240F002070
:10315000540F002000E010509217002000E100E022
:1031600008B5074806F0D0FF38B10648FFF7AEFDB6
:103170000448FEF761F8002008BD6FF01200FBE77D
:10318000A0AC0000893100000A2838B50446074D7C
:1031900004D1AB680D2128465B689847AB680348AB
:1031A0005B68E1B29847204638BD00BFA0AC000084
:1031B0002DE9F04340F206354768D00648BF4FF08E
:1031C000030C3B7C02EA050558BFC2F3401C87B0E4
:1031D00001F01F06B5F5837F144646EA43168DF8C5
:1031E00003C046D00DD8062D45D005D8A5B1022D77
:1031F00012D06FF0150039E0B5F5807FF9D10125C7
:103200000AE040F20222954237D0B5F5407F36D031
:10321000B5F5007FEDD104250123220303FA01F166
:103220002FD57B685960B86880BB5F2E06F01F03FE
:103230004FEA561173D83C4A52F8212084F4803169
:1032400002EB8302D2F88030C1F30041C4F3404462
:1032500023F4706344EA410423F00F031C4344EA5F
:103260008C0444EA0524C2F88040002007B0BDE881
:10327000F0830925D0E70825CEE70625CCE705250C
:10328000CAE7630344BF7B689960CCE731460DF120
:10329000020206F0B0FC14F4403F80460CD13146E7
:1032A000B86806F0C1FCB8F1000FDED19DF802103D
:1032B000B86801F075FAD8E74FF0000901ABCDE925
:1032C0000199CDE90439CDF80C903146B86803AACC
:1032D00006F0D5FB4845C8DB14F4003314D09DF844
:1032E000033084F48034C4F300448DF80E308DF83C
:1032F0000C508DF80D404B463146B86803AA01F0DA
:103300009DF90028CFDAB0E7CDE904330DF10303CE
:1033100003933146B86803AA06F0B1FBF1E7203306
:1033200050F82330FFDE00BFE0B700004209022A58
:10333000034670B503D0012A18D0CAB170BD0E4E35
:10334000326951680029F9D0012503F01F030C6888
:103350009D400029F2D08A682A4002D030464B684E
:1033600098473CB1236821461C46F2E7034EE7E745
:10337000034EE5E72346F6E780AC000060AC0000B2
:1033800040AC000038B54568A868C0B106F046FCFE
:103390000146A0B9A86801F0CBF9044688B90246F5
:1033A0000949A86806F024FC22460121DB20FFF72A
:1033B000BDF92246012140F20D10FFF7B7F90020B8
:1033C00038BD6FF00400FBE72D330000F0B5456811
:1033D0001646A8682A7C01F01F0487B044EA42140C
:1033E000002868D0B6F5001F04D1214606F070FC15
:1033F000002051E00020B6F5800F01AA0190506036
:1034000039D1B3F1007F14BF052304238DF80430B4
:103410000023CDE904230393EB680DF1030723FA9E
:1034200001F111F0010139D1B6F1A07F36D104F0DC
:103430001F035F2C4FEA541003F120033ED8214AAA
:1034400052F8202052F82330DB0727D43A46214691
:10345000A86806F0D0FB163018D002972146A8685D
:1034600003AA06F00CFB002816DB01222146A868FF
:1034700006F0DCFBBCE7B3F1C06F05D0B3F1007F11
:1034800014BF01230223C1E70323BFE73946A8681D
:1034900001F090F90028E0DA07B0F0BD3A46214685
:1034A000A86806F0A8FB0028D8D19DF80310A868EA
:1034B00001F076F9D2E76FF08500EDE751F823309F
:1034C000FFDE00BFE0B70000036803F01F025F2BC0
:1034D00002604FEA53129ABF024B53F822000020B9
:1034E000704700BF28B800002DE9F04F1546074689
:1034F00040F2FF19DFF868A1DFF868B185B000EB92
:103500008101B94203D1002005B0BDE8F08F3A68CF
:10351000C2F3C323082BC2F3080400F29E804C457B
:1035200008BF4FF0FF34B2F1D05F1AF803804FEAC2
:10353000126310D2192B12D8DFE803F01422646151
:10354000292F6111111111111111111111111111E5
:10355000111167717477382B6AD04E2B52D06FF0EF
:103560008500D1E7C5F80446601C14D0012603A8E5
:103570000394FFF7A9FF039B06FA03F3436004E0FB
:10358000C5F80C46621C06D00026324613E0631CC8
:10359000C5F800465FD10437B3E7661CC5F804469A
:1035A000F9D0012603A80394FFF78EFF0122039BA5
:1035B00002FA03F383603B68039403F4004000289D
:1035C00018BF002203A818BF012601930092FFF73D
:1035D0007BFF039C019B00EB8400D0F88040C3F389
:1035E000412C009A4FEA082343EA8C03134304EA70
:1035F0000B04234343EA4603C0F88030CBE7C5F809
:103600000846BFE7C5F81046AEE7C5F86045621C3E
:103610003B68C0D0C3F30043002BC2D0A6E7C5F877
:103620006445F4E7C5F86845F1E7C5F86C45EEE791
:1036300003A80394FFF748FF039B00EB8300D0F837
:10364000803023F0E04343F08043C0F88030631CB7
:10365000A1D0012699E70026A4E76FF0150053E7F3
:10366000BFC40000F0F0FCFF2DE9F04104460D4618
:10367000476806F08CFDA0B9274B1B788BB14FF043
:103680002008642663681B68D3F830318BBB0120A7
:1036900006F043F8013EF5D10021202002F0F2FFB0
:1036A000EFE72021EFF311831A4681F31288BFF36D
:1036B0006F8F60680068D0F8300120B983F31188FB
:1036C000BFF36F8FEEE77B6A00201D706368796A35
:1036D0001B68C3F83C170121C3F84017C3F8300139
:1036E000D3F83001196582F31188BFF36F8FBDE8FD
:1036F000F081EFF311831A4688F31288BFF36F8FBE
:1037000061680968D1F830110029DCD183F3118890
:10371000BFF36F8FC0E700BF921700202DE9F0477D
:1037200045680121D0F81080064600AF686B05F0AF
:103730006FFEE96B481C19D0A86B05F082FF10F1F1
:10374000130F04460AD10121334A344805F041FEE3
:103750006FF012042046BD46BDE8F087411D05D13B
:1037600001212F4A2D4805F034FEF3E74FF00109FF
:10377000EB6A9847D8F83050D8E90C3203EBC20313
:103780009D420AD308F1280005F097FE73680021D6
:10379000586B05F03DFE0024DCE7286806F0B4FC19
:1037A0000346B0B92A686C468AB0106829796A461F
:1037B000D1614FF400711B4D11841B49C2E90550C2
:1037C00042F8101F4FF411511448FEF7FDF8A546BA
:1037D000BEE728682979EB88D0F810C0DA07DCF852
:1037E000004054BF43F4B01383F4D01323F4801289
:1037F00009FA01FEDB07D0F808A04CBF4EEA04042A
:1038000024EA0E04CCF80040DAF800309847041E91
:10381000A0DB0835B0E700BFE3C4000058B60000E5
:103820000EC500002BC500000400000110B5027891
:103830000346002A75D10C69D4F89C203AB9D4F813
:1038400098006FF07301BDE8104005F059BED4F840
:10385000900050B1D4F8941039B1DB682BB1834299
:1038600003D0D4F8A81007F0FEF8D4F88C30D4F8C0
:103870009C2033B19A4216D901212A4A2A4805F0E0
:10388000A8FDD4F89430D4F89C2033B19A4227D9BB
:103890000121244A244805F09CFDD4F89800BDE895
:1038A000104005F04FBE9B1AC4F88C3083B9A36F4B
:1038B00004F18C020833A367E36F04F17C01013B40
:1038C000E36704F1780005F090FDC4F88800D8E7BC
:1038D000D4F88830002BD4D01344C4F88830D0E713
:1038E0009B1AC4F89430A3B9D4F8803004F1940240
:1038F0000833C4F88030D4F8843004F18401013BEB
:10390000C4F8843004F1800005F06FFDC4F8900025
:10391000C3E7D4F89030002BBFD01344C4F89030E4
:10392000BBE710BD4FC5000058B600002DE9F04FB1
:103930008FB09A46436800AFFB608B8806460469E7
:1039400098048946934631D44FF0FF324FF0FF334D
:1039500004F1380002F016FBC4F82C9097F86030A0
:1039600084F874307B6EE366BB6E23677568D6F8A7
:1039700010802B687B6098F8A13023B1D8F82830EC
:10398000994500F0B080B9F804E01EF4006314D04B
:103990000121B94AB94805F01CFD6FF085050023E7
:1039A000E36204F1380002F0B3FADFE0236C002B8D
:1039B000CAD1E36A9942C7D1D0E71EF0010F15D0F2
:1039C0006D4688B031686A46AD48C2E905014FF4DA
:1039D00000719183AB4942F8101F4FF4E251A748A0
:1039E000FDF7F2FFAD466FF01505D8E71EF0080FA2
:1039F00005D0A54A0121A14805F0EBFCF3E7CEF381
:103A00004513082B01D0A14AF4E7D9F80030BB6078
:103A1000BA689F4B9A4201D89E4AEBE707F1100C17
:103A200004350FCDACE80F000FCDACE80F00D7E99F
:103A30000132934294BF7B627A621EF0020F95E8D6
:103A400003000EF004038CE803003AD0002B14BFEF
:103A50000323022387F82830CEF3001387F8293098
:103A6000D8F80030D3F80036591C11D01EF0020FE0
:103A700003F01F0288484FEA5313CEF3400124D1CC
:103A8000022B00F2F38050F82310012393408B6047
:103A900098F8A1302BB1404601F0C8FE002388F809
:103AA000A130334640467D4A07F1100106F0B5F9D2
:103AB000051E13DA01212B46794A704805F0E7F913
:103AC0006DE7003B18BF0123C4E7022B00F2D08052
:103AD00050F82310012393404B60D9E70123C8F825
:103AE000289088F8A130012384F8A030FB68D96BB6
:103AF0004A1C09D0986B05F0CCFD743004D102212A
:103B0000684A5E4805F065FCBBF1000F33D1C4F88C
:103B100078B00023E36704F18C0204F17C0104F126
:103B2000780005F062FCC4F88800BAF1000F2AD1D1
:103B3000C4F880A00023C4F8843004F1940204F196
:103B4000840104F1800005F050FC002204F12805F6
:103B50000121C4F89000A266284605F08EFC30468C
:103B600005F0F0FC94F87430B3B1002528463C37DA
:103B7000BD46BDE8F08FDBF80030A367002BC8D04E
:103B8000DBF80430C6E7DAF80030C4F88030002BE8
:103B9000D0D0DAF80430CEE71A46E06F82423ED148
:103BA00000221146D4F88450A9423FD1934238BF35
:103BB00013464FF4FA5202FB03F5A36A47F6122CA0
:103BC0001B6840F2E730B5FBF3F50021C8354FF430
:103BD0007A720023E5FB0C01FCF7A0FC04F150080D
:103BE00002460B46404602F0CDF9024630B30121B1
:103BF0002D4A224805F0EDFB00252046C4F89C50D4
:103C000001F014FE6FF07301304684F8A15005F006
:103C100077FC404602F0DCF96FF07305BFE6A16F58
:103C200001EBC201496801320B44B7E7D4F88000C8
:103C300000EBC100406801310244B5E7A56E15F103
:103C4000740FD9D02DB994F87430002B3FF4A7AE7F
:103C50008BE730691146283005F00FFC94F874307A
:103C6000002B3FF49CAE002D80DA98E68960FFDEE1
:103C700000235B60FBE700BF6DC5000058B6000085
:103C800087C5000003000001A9C50000C8C50000E9
:103C900047E80100F7C500009CB800002D3800007F
:103CA00028C600004DC6000077C600005F2810B58A
:103CB00000F01F034FEA50140DD8094A52F824208F
:103CC00002EB8302D2F88000064B034043EA8103F3
:103CD000C2F8803010BD0022203352F82330FFDEBE
:103CE000A8B90000F0F0FCFF70B40D4CD4E90065F9
:103CF000901B63EB0501400940EAC160410189194D
:103D000045EBD065C4E90015002400250549C1E94B
:103D10000023054BC3E9004570BC02F025BF00BF7E
:103D2000000B0020E80A0020F80A002008B5002255
:103D30000121E420FEF7FAFC164A0020D2F81837D9
:103D400023F44033C2F8183700F066FE002820DB69
:103D50000120114900F0ECFE00281ADB00F036FECD
:103D60000E4B20F01F00C3E900010D4B0022C3E9F8
:103D700000014FF0FF304FF0FF310A4BC3E9000163
:103D8000094B0A49187A00F031FE67220020084BDF
:103D90001A6008BD00200E506C030020000B0020AC
:103DA000E00A0020E80A002064030020E93C00004B
:103DB000B80F002008B500F009FE064AD2E900322B
:103DC000C01A054B61EB0201C3E90001400940EA5A
:103DD000C16008BD000B0020F80A0020F7B5224B97
:103DE0000146224F187A224BD7E90056D3E9002327
:103DF0009E4208BF954211D1B1F1806F0ED24901A8
:103E0000012938BF012101224D1946F10006C7E9F9
:103E1000005603B0BDE8F04000F022BF154BDFF8BC
:103E200058C0D3E90043DCE9002CA41843EB0C0C88
:103E30004FF0200E22466346C1FB0E23954276EBDF
:103E40000301C7E900230DD2291B66EB0C04C82926
:103E500074F10004B4BF01210021009100F0C8FEFC
:103E600003B0F0BD0021F8E764030020F00A002051
:103E7000E80A0020000B0020F80A0020064BD3F8C7
:103E800040231C2A05D1D3F84403431E584258410D
:103E900070470020704700BF00C0FF0003689A070A
:103EA0000CD50368DB070DD50922074BC3F80C2599
:103EB0000F22C3F8042501221A60FEE7034B0360BA
:103EC000EF3B0360704700BF00801050F000FA50D5
:103ED00008B501233C4A3D48C2F800383C4AD2F8B4
:103EE00040231C2A04BF3B4AC2F80C34FFF7D6FF1C
:103EF0000830FFF7D3FF0830FFF7D0FF0830FFF797
:103F0000CDFF00F5F470FFF7C9FF334AD2F88C30CB
:103F100043F44063C2F88C300022D30003F57F03E2
:103F200003F54043D3F8001401310AD0D3F800144C
:103F300039B1D3F800140132D3F80434402A0B60AD
:103F4000EBD1214BD3F84024002A38D0FFF796FF5D
:103F500048B11F4BD3F83423204B9A429EBF1A4BD3
:103F60001F4AC3F84026FFF789FF18B11D4B1E4AB0
:103F7000C3F8AC27FFF782FF48B13422124BC3F8D5
:103F80002426D3F83C2622F40022C3F83C26174B03
:103F90001149D3F80026D20744BF6FF00102C3F8DD
:103FA00000260323124AC2F81835D1F88C3043F4A6
:103FB0004063C1F88C300023C2F8A03508BDC82288
:103FC000C3F84024C2E700BF0000125000C50D50E6
:103FD00000C0FF000030055000ED00E0001D0A1891
:103FE00040E0A91E00A0085078000A0400E010502C
:103FF00000B00450014B1860704700BFBC0F002098
:104000002DE9F04F584C87B00192226888425268DF
:1040100087BF401A52F8212052F82020091A87BF82
:1040200052F82020012652F821200026EFF3118CAF
:10403000202181F31288BFF36F8F00211579A942E7
:1040400025D300204FF0010E04AF117988422CD304
:1040500000208CF31188BFF36F8F002840F081801F
:10406000216886F001070C687106141BE40841EA18
:1040700084610446BF000297B70004AD0397177927
:10408000A74233D8019B196007B0BDE8F08F1068D4
:1040900050F8210023B1B3F800E04778BE4502D0C4
:1040A00040680068F8B10131C9E7116851F8201083
:1040B0004BB1B3F800804D78A84504D1997807F842
:1040C000011B0130C1E7D1F80480D8F80050B5FADF
:1040D00085F1C1F11F010EFA01F925EA0905C8F8B9
:1040E0000050C9B2EBE76FF00B00B2E7176857F862
:1040F00024E09EF80070012F1FD195F8008095F8FC
:1041000001C015F8017C16B9B9466746CC46DDF802
:104110000890DDF80CA0F144F244D9F80890DAF8E0
:1041200008A008F1200B4CF0004C47F0004708F1C4
:1041300060084AF82BC049F8287004EB84072BB1BB
:104140009EF801E0B3F800C0E64507D095F800C03E
:104150000CFA07F739430134013590E74FF01F0C93
:10416000F6E76FF00B008FE7BC0F002070B5124B25
:10417000840E1B6801261A6800F01F0302EBC401BD
:1041800052F834201268D46800220D79954200D884
:1041900070BD1F2B1CBF06FA03F3C4F804350C686E
:1041A000023254F8224002EB820320FA03F3E4685F
:1041B00003F01F03E9E700BFBC0F002030B50D4B33
:1041C0001A68830E126802EBC302002314799C4222
:1041D00002D86FF015000AE0156855F823506D7885
:1041E0008D4205D103EB8303D84000F01F0030BDA2
:1041F0000133ECE7BC0F0020004870477403002037
:1042000000487047B4B90000004870476CBA00001D
:10421000024B03EB00135B68196070476CBA000037
:10422000024B03EB00139B68196070476CBA0000E7
:10423000014B1B68184700BFF00F002010B50C4C55
:10424000237993B9012323710A4B0028206018BFFA
:10425000184600F0F3F850B923680748002B08BF50
:104260001846BDE8104000F035B86FF0770010BD7B
:10427000F00F0020314200000D98000008B5074BF8
:104280001B6853B140F20510FEF742FA28B9BDE8A9
:10429000084040F20510FEF719BA08BDF00F0020E3
:1042A00038B504230A4C42F21075C4F808330123D0
:1042B00063610023C4F80831D4F80831D4F84C34D1
:1042C000DB0304D5012005F028FA013DF6D138BD05
:1042D00000E01050064A13793BB9012110601171BA
:1042E000044A1846C2F8403470476FF077007047B0
:1042F000F80F002000E0105010B51D4B1D4CD3F8F6
:104300004C14D3F84C2411F4803F18D002F003026F
:10431000012A03D00AB1FFF7C3FF0022144BC3F8F0
:1043200040240022C3F80821D3F8082101221A6191
:10433000226872B9D3F80821002AFBD011E0D3F823
:104340004824D107E9D5D3F850249207E3D4226852
:104350001AB10422C3F8042310BDD3F80821002A9F
:10436000FBD00022C3F80821D3F80831F4E700BFDE
:1043700000E01050F80F0020F8B50125184C194E38
:10438000D4F80C3303F00C0303B9F8BDB3FA83F38C
:104390000027C3F11F039A0002F5807292B202F166
:1043A000A04202F58712176005FA03F1022B12688A
:1043B000D8B2C4F8081310D1D4F84C34D4F84C3423
:1043C0009B070AD10423C4F84054C4F80433256180
:1043D000D4F80C3303F00C03D6E733689847F7E7BB
:1043E00000E01050F80F0020712238B5104B00216A
:1043F000C3F80823012242F210745A60C3F8001176
:10440000D3F800110B490A4DD1F840131C2908BFFD
:10441000DA60D5F80C3413F4803305D0012005F0B0
:104420007CF9013CF5D138BD034A5371FBE700BF6D
:1044300000E0105000C0FF0000100020054B0246B5
:10444000187918B91A6001221A7170476FF0770055
:10445000704700BF001000200022164BC3F8102147
:10446000D3F81011C3F81821D3F81811C3F8142188
:10447000D3F814111049D1F840131C2904BF0121AD
:104480009960C3F80021D3F8002101221A600B4A79
:10449000126852B9074BD3F80021002AFBD0002242
:1044A000C3F80021D3F8003170477122C3F8042308
:1044B000704700BF00E0105000C0FF000010002057
:1044C000F8B50126194C1A4DD4F80C3303F07103DA
:1044D00003B9F8BDB3FA83F30021C3F11F039A00B7
:1044E00002F5807292B202F1A04202F587121160C9
:1044F00006FA03F7042B1268D8B2C4F8087308D080
:10450000062B10D02B689847D4F80C3303F07103B6
:10451000DEE702236B71C4F81411D4F814312023A0
:10452000C4F80433EEE76971ECE700BF00E0105017
:1045300000100020036803F01F025F2B02604FEAA7
:1045400053129ABF024B53F822000020704700BF5D
:10455000ECBA0000034A4309D35C00F01F00184482
:10456000C0B27047BFC60000F0B50646002487B051
:10457000114F019117F8012B06AB03EBD20313F88F
:10458000143C02F00702D34013F0010306D10134BA
:10459000032CEFD10023184607B0F0BD074A03AD46
:1045A00007CA85E8070055F824100A6A46F824204F
:1045B0000A62002AEBD0EEE7CFC60000CCB60000BE
:1045C000F7B504460846FFF7C5FF06B204EB4606FA
:1045D000B38A0D46DB072BD5204605F02DFA294678
:1045E000204605F088F958B1204605F09AF90022D6
:1045F000276800B207EB8003C3F81025C3F8102525
:104600002946204605F0B6F9002101A8B18201959E
:10461000FFF790FF019B00EB8300D0F88020064B52
:10462000134043F00203C0F88030084603B0F0BDE9
:104630006FF01500FAE700BFF0F0FCFF2DE9F04342
:10464000044685B0084616461D46FFF783FF0F4611
:10465000804636B3204605F059F918B9204605F0D2
:104660004AF928BB0FFA88F904EB4909B9F8143064
:1046700013F01C0F02D07378012B19D001238DF891
:104680000F3000233846CDE90063721CB31C0DF1D6
:104690000F0105F0D8F8B9F8143043F00303A9F876
:1046A0001430002D40D03946204605F02FF920B9AE
:1046B0006FF0150005B0BDE8F0830022297823686B
:1046C0004FEA810C03EB8103C3F81025C3F81025D2
:1046D0000FFA88F204EB4202938A23F4604323F03A
:1046E000200393826E78FEB12468A8786444D4F8DD
:1046F00010550E4B36042B40C4F8103541F6F073BC
:1047000006F4403603EA07130005D4F81055334386
:1047100000F4801003432B43C4F81035938A43EA16
:10472000413343F0200393820020C3E70FE0ECFF06
:1047300070B590F87440054690F8756044BB462209
:104740002146143006F09CF92146134A2B6852F892
:1047500036608E4212D1002440F20D10C3F844415D
:10476000D3F844210D4A934208BFDB20FDF7AEFF8A
:104770000123204685F874302B6670BDCAB29200C2
:1047800002F58070442A04BF1C501A580131E0E73A
:104790006FF07700F1E700BFF8BA000000A00D50FD
:1047A00090F87500024B03EB800004F0D2BF00BF0D
:1047B000AC03002010B5064B90F875000C4603EBD7
:1047C000800004F0ACFF0028A4BF2070002010BDC2
:1047D000AC0300202DE9F04F814659F8043B8BB023
:1047E000D3F8141390F8754000936C4BC9B241F4A0
:1047F0000031804653F83420009805F0F6F8810324
:1048000005463AD50023CDE907330993634B07A842
:1048100003EBC4035B6819460193FFF7A5FE04236D
:1048200003EBC40303934FF0000B5D4B0DF11C0A27
:104830000293029A594912F8013B0292039A02EB41
:10484000D3028A5C03F0070322FA03F3DA071AD4CF
:104850000BF1010BBBF1030F0AF1040AE9D14FF48C
:1048600000310022009805F0C0F8019907A8FFF771
:104870007BFE0028D7D125F400350124002D75D109
:104880000BB0BDE8F08F474B5B440493DAF800109F
:104890000029DDD091FAA1F1B1FA81F1049B1C78D5
:1048A00041EA44142046FFF755FE08EB4000878A92
:1048B000C808BB08059301231AF8002001F007017E
:1048C00003FA01F122EA01020AF8002006A8069480
:1048D000FFF730FE069A059B203250F82220C7F3DE
:1048E00082065B073746C2F3014223D54846D6B25B
:1048F00021463A4605F01FF806A80694FFF71AFE6F
:10490000069B203350F82330C3F301439E4207D166
:104910000021204604F0E0FF3146204604F0DCFF91
:1049200006A80694FFF706FE0122069B02FA03F38F
:104930000362ABE7022A0DD10321204604F0CCFF2D
:1049400006F00503012BEBD13A462146484604F018
:10495000F2FFE5E702212046059204F0BDFF032E99
:10496000F2D0059A032ADBD1022EECE795FAA5F3E3
:10497000B3FA83F3009904FA03F225EA020503F57A
:10498000A27251F8222008EB43034846B3F86410A2
:10499000C2F3014204F0CFFF70E700BFF8BA000095
:1049A000CFC60000CFC60000074B027AD3F810151F
:1049B00021F001010A43C3F810250268C3F8A426B8
:1049C0004268C3F8AC26704700200E504FF0FF320B
:1049D0006FF0404330B5044CD4E90001824273EBE0
:1049E0000105F9D330BD00BF40270E5030B50C256E
:1049F000074B1C1894F8544005FB0433C3E9031219
:104A000018750123034A8340C2F8243330BD00BF28
:104A10004000002000200E50F0B53D4D85B02C78B0
:104A2000002C6FD13B4A01AB07CA83E807003A4923
:104A30001846D1F8102522F00202C1F81025FFF720
:104A4000B3FF0723672202F001012144013BCCB2EE
:104A50004FEA5202F7D1052C57D119464FF0010CFD
:104A60002B4E00246720CFB204E00CFA02F220EAB9
:104A70000200013490FAA0F25FFA84FEBE45B2FA59
:104A800082F2F2D30131327505292A4482F854703A
:104A900006F10C06E5D10121002420489A0801FA0C
:104AA00002F212F0670F18BF1C500433302BF5D1FF
:104AB000E420FDF70BFE184B1949D3F8102503F538
:104AC000C07322F00202C3F8902340F6FF72C3F8CD
:104AD000A82100221A60A3F5807004338B42026083
:104AE000F8D101240C4B0F4A1C660F4B5D201B684C
:104AF000B3FBF2F358430D4B2343984700202C702F
:104B000005B0F0BD6FF07700FAE76FF08B00F7E7C4
:104B100040000020D8B6000000200E5000210E50AA
:104B2000B0210E5040420F007003002000B700007B
:104B300073B52B4C0546636801A803F001030E46CC
:104B4000019304F0ECFD00283FDB00232075337057
:104B5000636823F001036360A36843F00103A3606B
:104B6000204BD3F81025900733D4D3F8102542F00A
:104B70000202C3F81025C5B1D3F8482712F001028C
:104B800002BFD3F8481741F00101C3F84817154B8D
:104B9000D3F84017D3F844174900F9D42AB9D3F809
:104BA000482722F00102C3F848270F4B0F4A1B6821
:104BB000B3FBF2F30B4A03EB43136BB1D2F840178C
:104BC000D2F8440710F0804001D102B070BD013B23
:104BD000F3E76FF07700F8E76FF07300F5E700BFD9
:104BE0004000002000200E507003002040420F00C3
:104BF00070B51D461446184A9DF81060131893F8B6
:104C0000543000B20C3302EBC30142F833404D6024
:104C1000C5F31301AEB10201104E02F1A04202F53C
:104C200062228000C2F820450644C2F82415336889
:104C300033B1FFF7CBFEA042A94101D2002333607C
:104C400070BD030103F1A04303F56223C3F82045BF
:104C5000C3F82415F4E700BF4000002000210E50E7
:104C6000F0B50E4D2B1893F8543000010C3355F865
:104C7000334005EBC3077E68641800F1A04021F0C3
:104C8000004146F1000641EAC27100F5622045F894
:104C900033407E60C0F82815F0BD00BF4000002002
:104CA000F7B5284B284CD3F82C6304F188070EB9CC
:104CB00003B0F0BD96FAA6F00123B0FA80F083406D
:104CC000DA43224926EA0306231893F85450830056
:104CD00019440C2303FB0543DB6873B3D7E8EF3FAC
:104CE00003EA020CC7E8EECFBEF1000FF6D1C340D5
:104CF000DB0719D5020102F1A04202F56222D2F8C7
:104D00002435D2F82025D1F800C0BCF1000FCED058
:104D10004FF0000CC1F800C00C2101FB05452969CA
:104D20000091E9688847C2E705F10C0304EBC30C66
:104D300054F83320DCF80430E5E70A68002AB6D0DE
:104D40000B60B4E700200E504000002000210E5000
:104D5000044B40EA0120C3F80005D3F80024D20731
:104D6000FBD5704700B0045080F08003032BA0F106
:104D7000800203D8054B53F82200704707289ABFDA
:104D8000034B53F820004FF0FF30704708BB000082
:104D900018BB000030B50B4B012493F86250002281
:104DA0000823204203D0254208D00132D2B2013B71
:104DB0004FEA4404F5D118460A7030BD6FF0150073
:104DC000FBE700BF08100020054B93F86000431E6E
:104DD000012B03D9043818BF012070470020704709
:104DE00008100020002010B5154A1649C2F8000529
:104DF00091F86140D2F8043381F860400C6823F0E8
:104E000033030CB143F02303C2F81C01D2F81C4158
:104E1000C2F81801D2F81841C2F80801D2F80821E6
:104E200091F86520D00791F8662048BF43F08003D1
:104E3000D207034A48BF43F04003C2F8003310BD15
:104E400000500D500810002070B5002301264FF0CF
:104E5000FF340D4A92F8621018B90BB182F8621053
:104E600070BD90FAA0F3B3FA83F306FA03F50433A6
:104E700042F8334002EBC3035C6020EA05000123E3
:104E800021EA0501E8E700BF0810002073B5002300
:104E9000044601AA0E464FF48071019304F01FFFEF
:104EA0004FF48A71204604F01AFF4FF482710546D0
:104EB000204604F014FF20B11EB115B1144BD3F8F5
:104EC000343601AA4FF48471204604F008FF4FF4F1
:104ED0008671204604F003FF4FF48871204604F0E9
:104EE000FEFE0C4B234083B14FF48E75294601AA78
:104EF000204604F0F4FE291F0835204689B2ADB2E1
:104F000004F0EDFEB5F5AE7FF0D1019802B070BDB2
:104F100000500D50C0FF3F002DE9F0410146477A97
:104F200090F80480857A007AFFF71EFF421C03D1B7
:104F30006FF01500BDE8F0811E4C2E1DB8F1010F79
:104F400044F8360033D13846FFF70EFF431CEFD04C
:104F500004EBC60670604B780A781B03120202F459
:104F6000E06203F4805348881343134A02EA004284
:104F700013438A790020120702F0E04213434A7972
:104F8000D20202F4006213430A79D20392B21343AD
:104F90002A0102F1502202F55022C2F818350122EE
:104FA00094F86230AA40134384F86230C2E74FF0AD
:104FB000FF30CDE7081000200000FF01F0B500250C
:104FC000314C059E84F8655084F86650A5602561D3
:104FD000266084F86300A5832C4CC4F8F015C4F84F
:104FE000F42516B32322C4F8002300254FF0010C4A
:104FF000254F264E0CFA05F2024005F1510417D157
:10500000210106EB04147250626006EB0514D4F81B
:105010001815013521F4006141EAC222082DC4F8B7
:10502000182507F10807E5D1F0BDC4F80063DCE7F7
:10503000D7E90821B2F1FF3F23D05FEA123E05BF56
:105040004FEA521E02F01F02A2F5805242EA0E22DF
:1050500014BF42F0004242F080424FEA041E46F87C
:105060000E204A1C0FBF00214A0901F01F0141EA2E
:10507000022118BF41F0804106EB04141A4661601A
:10508000C3E70022E9E700BF0810002000500D50E0
:1050900070B51F4D95F86040002C36D10126FF20D9
:1050A00085F86060FFF7D0FE1A4B1B49C3F800413A
:1050B000D3F80021C3F80441D3F80421C3F8104108
:1050C000D3F81021C3F81441D3F814311C239A08E3
:1050D00006FA02F212F0330F1FBFA3F1AF22A2F5BE
:1050E0007202146012681A1F920806FA02F212F095
:1050F000330F1CBF5C505A5808335C2BE7D1D520C6
:10510000FDF7E4FA0020286070BD6FF07700FBE740
:105110000810002000500D50FC500D502DE9F041BA
:105120000646FFF751FE0D460446C8B9FF20FFF7BB
:105130008BFE0C27DFF83480E3B29D4201D80020BB
:105140000CE007FB036098F86230827A1341DB07BA
:1051500009D4FFF7E1FE01340028EDD0BDE8F0816D
:105160006FF00F00FAE76FF01500F7E70810002066
:105170002DE9FF4707469946FFF726FE8A46144663
:10518000064600283DD138460DF10F01FFF702FE1B
:10519000054638BB63889DF80F803BB3B8F1010F1B
:1051A00032D8B9F1000F2FD02278637812B1B3FA58
:1051B00083F6760951463846CDF80090FFF7FEFE9B
:1051C0006388134A0BB143F48053C2F8F835114B8E
:1051D00083F86480227983F8686083F8672004226A
:1051E00083F86020284604B0BDE8F0872278637811
:1051F000002ADFD0002BDDD1B8F1010F04D8012641
:10520000D8E76FF00F05EDE76FF08505EAE700BF1F
:1052100000500D500810002030B51E4A0446136996
:1052200073BB00F06043B3F1005F2CD192F864507F
:10523000B1FBF5F305FB131040BB0BB2002B25DDD2
:1052400092F86030052B06D8032B0CD8022B0FD018
:105250006FF0760030BD062BFAD10F4B4D00C3F82E
:105260002C46C3F8305693683BB1C2E90441F1E7DC
:105270008D420BD1C2E90245ECE7C2E90241E9E700
:105280006FF07700E6E76FF00C00E3E76FF00600E1
:10529000E0E700BF0810002000500D502DE9F34159
:1052A000564CA368002B00F0A58094F86020022AD9
:1052B00006D0042A37D06FF0760002B0BDE8F08146
:1052C00001204F4AC2F80005E168256881404DB1D0
:1052D000032584F86050C2F82C36C2F830161060EE
:1052E0000020EAE7C2F82C36C2F830161060002120
:1052F0000120FFF7CBFD0028F9D00123404C414DA0
:10530000636029460220FFF7C1FD0028F9D0002381
:10531000C4F80831D4F80821C4F80C31D4F80C21B1
:10532000C4F80035DCE70120354AC2F800052168E1
:1053300039B1052184F86010E168C2F82C3681404B
:10534000CBE794F86410A58B019103EB450349006A
:105350000093C2F82C36C2F83016106000210120EC
:10536000FFF794FD0028F9D094F8683063BB01235F
:10537000234D6B6069460220FFF788FD0028F9D0B5
:105380000023C5F80831D5F80821C5F80C31D5F847
:105390000C21A18B94F864200A44E16892B28A42FD
:1053A000A28321BF174AA383D2E90201C2E9000107
:1053B0004FF0000224BF23611846114B38BF6FF035
:1053C0000F00C3F8002578E74FF0010800260C4FC6
:1053D000D7F8F455EDB208FA05F5013DB542C6D946
:1053E000C7F8048000210420FFF750FD0028F9D001
:1053F0000136F3E76FF00B005FE700BF08100020F5
:1054000000500D50101000207FB533206549FFF784
:105410003DFD10F0100F0546624E0BD01022624B7E
:10542000C3F80823B218C3F82C260422C3F8302688
:1054300001221A605D4CAA0694F8603010D5072B43
:1054400007D0594BD3F83436C3F34E03E36000233F
:105450002361554BD3F80433DB0601D5FFF7C2FCBB
:10546000A8071AD50023A16894F860200291E1688A
:10547000062A8DF80430ADF80C101AD0072A39D05E
:10548000032A0AD1484AC2F80035C2F8003502237F
:1054900084F86030236801A89847E90752D594F84A
:1054A0006030033B042B4DD8DFE803F05D4C2B4408
:1054B000610094F8673023B1236913B101223A4B9C
:1054C0001A60236801A89847394B93E8030000232A
:1054D00086E803002361A368002BDED1324AC2F8BC
:1054E0000035C2F80035042384F8603005238DF8B8
:1054F0000430CFE7FFF776FC02238DF804306368B1
:10550000C9E7042301A88DF8043023689847264B87
:10551000D3F8F825D20444BF01225A60062321693A
:1055200084F8603031B163691F4A5B00C2F82C1601
:10553000C2F8303623692BB9032301A88DF8043053
:105540002368984794F86030072B0AD0164B194807
:10555000D3F8043300211840FFF798FC0126850991
:105560004DB904B070BD01220F4B5A60EAE7012229
:105570000D4B9A60E6E795FAA5F3B3FA83F306FAC2
:1055800003F225EA02055A08DB4303F001038DF814
:1055900009308DF8046023688DF8082001A8984729
:1055A000DEE700BF1010002000500D500810002052
:1055B00018100020C0FF3F00036803F01F025F2B9C
:1055C00002604FEA53129ABF024B53F822000020A8
:1055D000704700BF38BB000010B50C4B04680C4A84
:1055E0000C48844208BF1A46B2FBF1F301FB1322B8
:1055F0009A4208D213F0010005D17E2B02D8581E22
:1056000018BF012010BD0020FCE700BF0020A1074B
:105610000024F40000A0045037B51446421C05468F
:1056200018D0012902D1BBB104F0C3FB01A8019538
:10563000FFF7C2FF019B0A4A00EB8300D0F88050BD
:10564000A30043EA41030B432A40134343F4A063FE
:10565000C0F8803003B030BD04F0B7FBE6E700BF10
:10566000F0F0FCFF2DE9F84F91F8213005460C468B
:10567000002B00F0A08091F8228029685B485C4FE5
:105680005C4A6369814208BF1746B7FBF3F75A4B80
:10569000D3F840331C2B13D1022F95F8223040F25F
:1056A0008D80227E12F0FD0F40F088807A08013252
:1056B000D2B2904538BF904643F0080385F82230B7
:1056C00094F8232095F8223062F3000385F8223005
:1056D000227CDBB262F3410385F8223094F8236028
:1056E0000EBB237E0121012B94BF002301233246F0
:1056F0002068FFF791FF334632466068FFF78CFF62
:1057000033463146A27EA068FFF786FF0121237C45
:105710003246E06883F00103FFF77EFF0B46324616
:10572000E069FFF779FF94F82130002B49D04FF062
:10573000FF336B6294F8211094F812E0207E627EB1
:10574000002948D0E668217C94F8249094F820C081
:105750002B68B9F1000F12D1D4E900BAD4F808903F
:10576000E469C3F800B6C3F804A6C3F80896C3F802
:105770000C46C3F81066C3F8B815C3F8B085003AF4
:1057800018BF01220228C3F8C0E5C3F82C7525D044
:10579000032826D0012801D142F00202C3F8542583
:1057A000C3F8ACC56B68FBB12868BDE8F84FC0F31F
:1057B0000830FCF78BBF4FF002085EE76FF3C303BE
:1057C0007CE7E3686B62227C95F8223062F3410348
:1057D00085F82230AEE74FF0FF36B5E742F004021D
:1057E000DCE742F00602D9E7BDE8F88F00A00450DC
:1057F0000024F4000020A10700C0FF00431C07B5EF
:105800000ED0019001A8FFF7D7FE019B00EB8300AB
:10581000D0F88020044B134043F00203C0F88030DE
:1058200003B05DF804FB00BFF0F0FCFF38B50446A0
:105830000068C0F30830FCF757FF636843B12146A6
:10584000154A51F8043BC3F80823206804F0C9FA4C
:105850002368D3F80006D3F80416D3F8085694F852
:105860002230DB0714D4FFF7C9FF2846FFF7C6FF35
:105870000846FFF7C3FF606AFFF7C0FF2368D3F84D
:105880000C06D3F81016FFF7B9FF0846FFF7B6FF6E
:10589000002384F8203038BD0700F81F70B5234B73
:1058A00002680D689A423CD0214E224C224BB242F3
:1058B00018BF1C46B4FBF5F305FB13469EBBA5427F
:1058C00031D85C1E1C402ED1B3F5007F2BD893FA43
:1058D000A3F3B3FA83F3D2F804654D79097926F07E
:1058E000030601F003013143C2F80415D2F808158C
:1058F00005F0030521F003012943C2F80815C2F899
:105900001035006800F5A07300F5B0721C6053F804
:10591000041B9342FAD1C0F30830FCF7D7FE0020F5
:1059200070BD064CC6E76FF01500F9E70050055052
:10593000005008500048E8010024F4000020A107AE
:1059400030B50E4A03689342D3F8105513D002F5D0
:105950004032934214BF10232023A1FB0312C5F150
:105960002004A5F12000E94002FA04F4214322FAC0
:1059700000F0084330BD8023EFE700BF0050055022
:1059800010B50446FBF750FF03480121034A03F01A
:1059900075FA204604F0C3FB48B60000D2C60000EA
:1059A0002DE9F84304460D4600AFEFF3118820239C
:1059B00083F31288BFF36F8F0428294A98BF294BBD
:1059C000E9468AB09668117C98BF53F820306A4641
:1059D00088BF254BC2E9073140F201332348938445
:1059E000234BC2E9050442F8103F00234FF4315124
:1059F0002048FBF7E9FFCD4645B1EB69C3F3080347
:105A000023B101211C4A1B4803F038FA2EB130465D
:105A100004F0C3FB08B1037803B91848E9468AB01B
:105A20006A46174BD061C2E9053640F20133138450
:105A3000144B42F8103F00234FF411510D48FBF76F
:105A4000C3FF2946CD462046FFF79AFF88F3118809
:105A5000BFF36F8F3046FCF7DDFDBD46BDE8F88330
:105A60007410002044BB0000E1C60000F7C600002F
:105A70000500000148B600001FC70000EFC6000087
:105A800040C700000400000138B50A4B53F820401D
:105A9000013053F82050A54200D838BD606830B1BD
:105AA000037FDB0701D404F017FB0834F3E7236816
:105AB0009847FAE758BB0000012270B5294B032034
:105AC00086B01A70FFF7E0FFFCF742FA0420FFF7F8
:105AD000DBFF254C254D2646AE4204F1300410D3A1
:105AE00000F000FD204C224EAC4226D300F00EFD0B
:105AF000FAF728FF1F4A137B23F00103137306B044
:105B000070BD54F80C3C059354F8103C049354F8C1
:105B1000143C039354F8183C029354F81C3C019332
:105B200054F8203C009354E90A2354E90C0100F096
:105B30009FFA54F8303C5E65CDE7D4E90A23B3F10F
:105B4000FF3F08BFB2F1FF3F05D052EA03012068D2
:105B500003D100F0C5FD3034C6E73146183000F0FF
:105B600073FFF8E79217002078B50000A8B5000091
:105B700099A20000D00B0020C82370B5144E86B047
:105B800003FB0066134B012205930F23CDE903327B
:105B90000023CDE9013314234FF4A0720E4D0F49B9
:105BA00003FB0055044602FB00110D4B30460095E7
:105BB00000F05EFA737B2C7423F004037373094BBB
:105BC000013403EBC423EE606B6006B070BD00BF10
:105BD000080B0020A2C7000074100020982A0020A3
:105BE0002FA1000098220020BFB50020FFF74CFF36
:105BF000294B03F5006282F3088883F30A880024A6
:105C0000E023264D264F85F82230EC772C766C76F3
:105C1000AC7685F820406B6A43F4E0236B6285F82C
:105C20002340FCF771FCFCF7F7FD4FF0FF33AB624C
:105C3000EB62FCF799FFFCF717FEFBF753FD1948E1
:105C400000F0ACFA0120FFF71FFF0220164DFFF70E
:105C50001BFF00F08FFC154B15495D61154B4FF490
:105C60008062059301232846CDE90343CDE9014431
:105C70003B46009400F0FCF906466A7B284622F079
:105C800004026A7304F0C5FA2046FFF775FF3A462E
:105C900031462846FCF79EFD9822002000ED00E0EA
:105CA000B95A0000980C0020D00B0020741000207E
:105CB000D82B0020A7C70000F7B50446084604F11A
:105CC0000807EFF31186202181F31288BFF36F8F4D
:105CD000216A00293AD0A268A16904F0C4FEA36930
:105CE000A268256813446269A361934204BF2369D3
:105CF000A361236AAC4203F1FF33236234D0284608
:105D0000002D32D004F01EFA05F1180004F04FFB0C
:105D1000A2682969E06904F0A6FEE369A268284642
:105D200013446269E361934204BF2369E361236A18
:105D3000013323620024C5F8C04004F06AFA3846F3
:105D4000314600F0A9FB204603B0F0BD52EA030142
:105D500010D00A4989680861CDE9002331462246FE
:105D6000384600F005FBEFE7002086F31188BFF30B
:105D70006F8FE9E76FF02200F7E700BF7410002093
:105D80002DE9F341044617461E46EFF31188202300
:105D900083F31288BFF36F8FC368334A7BB1806887
:105DA0009168884219D057EA060318D188F3118800
:105DB000BFF36F8F6FF00F0002B0BDE8F081916804
:105DC00091F90E100133E36093682161A36088F3B9
:105DD0001188BFF36F8F0020EEE72169F2E791F998
:105DE0000E1090F90E306FF07E029942A8BF19464E
:105DF0009142B8BF11468B422DDD04F0B0F9054643
:105E000022464146CDE90076184800F0B1FA002854
:105E1000E1D0EFF31186202383F31288BFF36F8F55
:105E2000A068D0B1236821699C420AD04BB193F994
:105E30000E309942A8BF19466FF07E039942B8BF51
:105E4000194604F08CF940B13146084800F024FBB3
:105E50006FF00A00B0E70025D2E7002DF4D186F3F9
:105E60001188BFF36F8FF3E77410002093170020A1
:105E7000F8B583680546002B40D0234A92689342C8
:105E80003FD1C368012B03D9013BC3600020F8BD9B
:105E9000EFF31187202383F31288BFF36F8F01691B
:105EA000806804F05CF92C68AC4207D10023C5E996
:105EB000023387F31188BFF36F8FE7E7002CF5D02B
:105EC000D4E90032002613605A60637BC4E900669F
:105ED00023F002036373A66004F1180004F067FA6C
:105EE000AC6094F90E3020462B61C4F8C06004F019
:105EF00090F93946054800F0CFFAC7E76FF0150072
:105F0000C5E74FF0FF30C2E7741000209317002060
:105F100070B5EFF31186202383F31288BFF36F8FE0
:105F20000468A0421BD0D4B1D4E90032002513602C
:105F30005A60637BC4E9005523F002036373A560D4
:105F400004F1180004F033FA2046C4F8C05004F0FD
:105F500060F93146BDE87040094800F09DBAD0E9CB
:105F600002329A4218BF013302218360103004F0DC
:105F7000B7FA0028EDD186F31188BFF36F8F70BD9B
:105F80009317002013B5EFF31181202484F31288B6
:105F9000BFF36F8F846844B1013C846081F3118842
:105FA000BFF36F8F002002B010BD52EA030406D188
:105FB00081F31188BFF36F8F6FF00F00F3E7CDE926
:105FC00000230246014800F0D3F9ECE793170020C4
:105FD0002DE9F8430546EFF31188202383F3128857
:105FE000BFF36F8F00266FF00A0937462C68A54271
:105FF00016D0ACB1D4E9003213605A60637BC4E9B7
:10600000007723F002036373A76004F1180004F023
:10601000CEF92046C4F8C09004F0FBF80126E5E76D
:1060200000230221AB6005F1100004F059FA30B9E9
:106030002EB988F31188BFF36F8FBDE8F88341460E
:10604000BDE8F843014800F027BA00BF93170020CD
:1060500010B5044608B9054B9C681F2204F188005E
:1060600004F016FD002084F8A70010BD7410002075
:106070002DE9F04F984685B000F15803C0E916337A
:10608000129B002503730423D61D26F007064373D5
:10609000119B01EB060A0F46C0E906555146856083
:1060A0008373C5730446DDF838B0DDF84C90FBF718
:1060B000E5FF109B073020F00700C4E92A76C4F8FA
:1060C000B00002930F9BAAEB0006CDE900B3324665
:1060D000434639462046FCF761FB0F9BC4E91D8B04
:1060E000E367109B656584F87050C4F88030EFF367
:1060F0001183202282F31288BFF36F8F104F3A6A08
:106100003C62C4F8842083F31188BFF36F8FB9F128
:10611000000F11D01F22494604F1880004F0B8FC9A
:1061200084F8A750BB680BB1D3F8B4303046C4F83C
:10613000B43005B0BDE8F08F84F88890F2E700BF76
:1061400074100020F0B5002587B00595109DDDE99D
:10615000127604950F9D044603950E9D02950D9DA4
:1061600001950C9D0095FFF783FFB6F1FF3F08BF37
:10617000B7F1FF3F05D056EA070305D1204600F0EE
:10618000AFFA204607B0F0BD3A46334604F1180096
:10619000014900F059FCF4E799A2000040F2011314
:1061A00083810023C0E92A33C0F8B430014B9860E2
:1061B000704700BF741000206FF00A01094A93680D
:1061C000C3F8C0100849C3F8BC004B6843F08053C3
:1061D0004B60002383F31188BFF36F8F9368D3F86C
:1061E000C00070477410002000ED00E070B590F919
:1061F0000D20437B002A36DBD90634D11B4C63F0DB
:106200007F032246437352F8183FE169934207D156
:10621000C0E900210860E06111E09942F8D01B68F4
:10622000002BF5D090F90E5093F90E60B542F4D0E2
:10623000AE42F2DD5968C0E9003108605860A569D6
:10624000954200D005B9E568A3685A7BD20604D10F
:10625000DA897F2A01D9AA6932B1AB4202D0284635
:1062600000F04AFB656170BD6361FCE774100020BB
:1062700038B590F90D200146002A437B04DA03F07B
:106280007F03437303F08BFF0D4D2A4652F8184FDE
:10629000AB68944200D004B9EC688B4207D05A7BBB
:1062A000D20604D1DA897F2A01D9A2692AB1A34290
:1062B00002D0204600F020FB23466B6138BD00BFB2
:1062C00074100020B3F1FF3F08BFB2F1FF3F03D0CD
:1062D0000249183000F0B8BB704700BF99A2000017
:1062E00070B590F90D200146002A437B04DA03F0D3
:1062F0007F03437303F053FF1C4C4B7B224663F038
:106300007F034B7352F8183FE069934207D1C1E90C
:1063100000200160E16111E09842F8D01B68002B79
:10632000F5D091F90E5093F90E60B542F4D0AE421B
:10633000F2DD5868C1E9003001605960A569A368C1
:10634000954200D005B9E5688B4207D05A7BD2064A
:1063500004D1DA897F2A01D9AA692AB1AB4202D0D5
:10636000284600F0C9FA2B46636170BD7410002006
:10637000F8B5DDE906670D4B0C46986811460C4AE6
:106380001060EFF31182202282F31288BFF36F8F27
:106390009D68284603F015FF284632463B46FFF726
:1063A00091FF2046BDE8F840FFF706BF74100020BB
:1063B00098100020F8B50446EFF31187202383F3EB
:1063C0001288BFF36F8F437B49B203F01F02002A8C
:1063D0000CBF0126002639D103F07F032D4D4373F6
:1063E00003F0DDFE2A46437B817363F07F03437332
:1063F00052F8183F934227D1E869C4E900200460AD
:10640000EC610FE09842F8D01B68002BF5D093F9AF
:106410000EC06145F6D08C45F4DD5968C4E9003101
:106420000C605C60AC69944200D004B9EC68AB6865
:106430009C4202D0204600F05FFA6C6187F311881D
:10644000BFF36F8F3046F8BDE869DEE79B071ED5C6
:10645000856803F0A4FE81732B689D4209D16B68A7
:10646000C4E900531C606C60E8E76A689342F6D0A8
:106470001B68002BF3D093F90E209142F5D08A428D
:10648000F3DD5A68C4E9003214605C60D6E78173BA
:10649000D4E700BF7410002049B9EFF3058030B98C
:1064A000054B5A699B689A4201D0FFF785BE81F37C
:1064B0001188BFF36F8F704774100020034648B9EE
:1064C000EFF3058232B9064A51699268914201D0D0
:1064D000FFF772BE83F31188BFF36F8F704700BF61
:1064E00074100020EFF31181202383F31288BFF38F
:1064F0006F8F054B9A68D37B013BD37381F311886F
:10650000BFF36F8F704700BF7410002070B5EFF3BA
:106510001186202383F31288BFF36F8F144DAB686D
:10652000DA7B0132DA732A4652F8184F944200D0CF
:1065300004B9EC685A7BD20604D1DA897F2A01D9E2
:10654000A2692AB1A34202D0204600F0D5F9234621
:106550006B6186F31188BFF36F8FEFF311802023F7
:1065600083F31288BFF36F8FBDE87040FFF7A6BFBB
:1065700074100020024B03F11802C3E90622704791
:106580007410002070B5EFF31186202383F3128876
:10659000BFF36F8F1B4CA168E0690B68814214BF89
:1065A0001A46002249680B605960A368E1692AB95C
:1065B000154AC3E900210B60E3610CE093F90E007A
:1065C00092F90E50A84218D0854216DD5168C3E9F1
:1065D00000210B605360A5690B4B9D4200D005B9AB
:1065E000E568A3689D4202D0284600F085F9656100
:1065F0003046BDE87040FFF7DFBD8A42D8D0126850
:10660000D5E700BF741000208C100020F8B550EAC8
:10661000010306460C4603D1FFF7B4FF0020F8BD86
:10662000EFF31187202383F31288BFF36F8F124D8E
:10663000124BA8681860FFF71BFEA8682346324675
:106640000F49183000F000FAAA680446537B384618
:1066500043F004035373FFF7AFFDAB68D3E90A239C
:10666000B3F1004F08BF002AD8D103F0C8FE201AAA
:1066700020EAE070D3E700BF7410002098100020DB
:1066800099A2000038B504460D46FFF7BFFFB5F1EB
:10669000FF3F08BFB4F1FF3F0246204618D0002359
:1066A0004FF47A7447F611201946C2FB040147F6ED
:1066B0001222904271F100020BD3084B834243F641
:1066C00008538B4107D347F612220023F9F726FF20
:1066D00038BD1846FCE76FF00040F9E7ED85FFFF95
:1066E00038B50446EFF31185202383F31288BFF3F6
:1066F0006F8F437B5B070FD5183003F058FE637B29
:10670000204623F004036373FFF770FD2946BDE8BC
:1067100038400448FFF7C0BE85F31188BFF36F8F80
:1067200038BD00BF93170020014B9868704700BF29
:10673000741000202DE9F8430446077BEFF3118520
:10674000202383F31288BFF36F8F437B190705D58E
:1067500085F31188BFF36F8FBDE8F883D90943F043
:10676000080260D14273A36813B1204603F01FFDF5
:1067700004F1180003F01BFEA66D04F15808B045A3
:1067800011D04FF0000976B1304603F010FD06F14C
:10679000180003F00CFE3046C6F8C090FFF726FD47
:1067A000A66DB045EFD1DFF8C480D8F808309C4220
:1067B00041D1EFF30589B9F1000918BF4FF0010984
:1067C000D8F818602A4A964200D00EB9D8F80C6062
:1067D000B34202D0304600F08FF82046C8F814606B
:1067E00002F035FC204600F0DFF8B9F1000F02D0CE
:1067F0002048FFF7D3FCD8F808309C4231D1EFF3A2
:10680000058373BB227BD20718D42846FFF7D4FC3C
:10681000FB07A1D5002383F31188BFF36F8F0423F7
:10682000184602DF98E703F07F0343F00803437341
:1068300003F0B5FC97E74FF00009C1E785F3118835
:10684000BFF36F8F83F31188BFF36F8F0423184654
:1068500002DFEFF31180202383F31288BFF36F8FE1
:10686000D4E785F31188BFF36F8FD1E77410002050
:106870008C100020980C0020D3B5DDE90667089C39
:10688000CDE90067FFF774FD1CB1034B9B681B69E2
:10689000236002B0D0BD00BF741000200122044B61
:1068A000C01A044BC0105843034B1A54704700BF22
:1068B000600D0020ABAAAAAA93170020C3897F2BE2
:1068C00012D80A4B1B6863B1094B90F90E201B6864
:1068D0009A4209DB437BDB0606D1064BC31A18BF7D
:1068E000012303F0010070470023FAE7B4030020FE
:1068F0009C100020080B002070B50E4B0E4C1E7C27
:10690000054606EB460304EBC304204603F04FFDA7
:1069100000220A4B28469A55FFF7D0FF48B1084B92
:106920002046BDE870401A680649013AD31700F0C6
:106930008BB870BD74100020600D002093170020EC
:10694000B40300209D68000038B5EFF311852023C3
:1069500083F31288BFF36F8F104B114A9C68106845
:10696000A04206D1FFF7C8FF85F31188BFF36F8FF0
:1069700038BD00211B7C11600A4AD35C002BF3D088
:106980002046FFF79BFF0028EED0637BDB0602D199
:106990002046FFF7A5FC2046E4E700BF7410002066
:1069A0009810002093170020EFF31181202383F328
:1069B0001288BFF36F8F0C4A136A834208D1D3F851
:1069C0008430136281F31188BFF36F8F70471346D1
:1069D000002BF7D0D3F884208242F8D1D0F884205D
:1069E000C3F88420EEE700BF74100020024B186843
:1069F000984208BF00207047B8030020034B1B6873
:106A00000BB9FDF7D7B90020704700BFA0100020D8
:106A100030B570B10B4B5B6898420AD0036843B144
:106A2000D3E90421D0E90445121941EB0501C3E97A
:106A30000421D0E9003213605A600023C0E900331A
:106A400030BD00BFB8030020B3F1FF3F08BFB2F173
:106A5000FF3F2DE9F84F0446994615461F467AD068
:106A60008160EFF31188202383F31288BFF36F8FC7
:106A7000B9F1000FDFF8E4A020DBFFF7BFFFDAE990
:106A80000027013549F100092D1849EBE07306464E
:106A90004FF00109C4E90453AD1843EB0707FFF7B2
:106AA000A5FF0346DFF8B8E0DEF804A0EBB9C4E9BF
:106AB00000EACAF80040CEF8044028E06FF0010375
:106AC000DAE900125B1A4FF0FF3161EB02025B1B47
:106AD00062EB0902012B72F10001BCBF012300220D
:106AE0004FF00009C0E90432D9E7D3E9041CD4E926
:106AF00004208A4270EB0C0B24DA891A5A686CEB7A
:106B00000000C3E90410C4E9003214605C60FFF7C0
:106B10006DFF84420ED1134B1B685BB9B9F1000FB6
:106B200002D1FFF76BFF0646304603F029FC002137
:106B3000FDF754F988F31188BFF36F8F2846394663
:106B4000BDE8F88F521A60EB0C009A45C4E90420A6
:106B5000ADD01B68AAE700252F46EFE7780D00208F
:106B6000B8030020A01000202DE9F047EFF31185B5
:106B7000202383F31288BFF36F8FDFF8A0900026E5
:106B8000C9F800000027FFF731FFDFF89480D9F83B
:106B90000030D8E900ECD91750B1D0E90442A34243
:106BA00071EB020A1BDAE41A62EB0102C0E904424B
:106BB000002413EB0E034CEB01012046C8E9003121
:106BC000C9F8004003F0DCFB2146FDF707F985F327
:106BD0001188BFF36F8FBDE8F047FFF7B5BE14EB28
:106BE0000E024CEBE473C0E90467C8E90023FFF729
:106BF0000FFF85F31188BFF36F8F83689847EFF31A
:106C00001185202383F31288BFF36F8FD9F80030EA
:106C10001B1BC9F80030FFF7E9FEB8E7A010002001
:106C2000780D002010B5EFF31184202383F3128830
:106C3000BFF36F8FFFF7E2FE0346054AD2E900017A
:106C4000181841EBE37184F31188BFF36F8F10BD07
:106C5000780D0020F8B50546EFF31187202383F364
:106C60001288BFF36F8F036823B187F31188BFF3D6
:106C70006F8FF8BDD0E90A46611C46F10002022977
:106C800072F1000236D3012C76F10002BCBF012460
:106C90001E46013C46F1FF3603F0B5FB013041F1E1
:106CA0000001001946EB0101012871F1000130DB00
:106CB00003F0A9FB6FF00203013041F1000100195C
:106CC00046EB010183426FF000438B4126DB03F06A
:106CD0009AFB013041F100016FF00102001946EB0F
:106CE00001034FF0FF31121A61EB030328461C49E0
:106CF000FFF7AAFE2B6B01332B632B6A93B93C463B
:106D00002B4653F8185F9D4200D0D5B984F3118803
:106D1000ADE76FF001024FF0FF33E7E700224FF0DD
:106D20000043E3E787F31188BFF36F8F28462B6A90
:106D30009847EFF31184202383F31288BFF36F8FFA
:106D4000DEE7284603F074FA0023C5F8C03084F368
:106D50001188BFF36F8F2846BDE8F84003F059BA99
:106D6000556C00002DE9F04105461C4690461F4633
:106D7000EFF31186202383F31288BFF36F8FB4F1F2
:106D8000FF3F08BFB2F1FF3F05D186F31188BFF383
:106D90006F8FBDE8F081002C09DB012A74F100033C
:106DA000BCBF0122002412F1FF3844F1FF3728460E
:106DB00003F0FDFADDE906010023C5E90A012B63B2
:106DC00042463B4628460249FFF73EFEDDE700BF4C
:106DD000556C000038B50346EFF31185202282F38D
:106DE0001288BFF36F8FC160012181600068834208
:106DF00006D185F31188BFF36F8F0024204638BD7C
:106E0000D0E9003213605A600023C0E9003303F078
:106E100024FB294604460248FFF73EFBEEE700BF8D
:106E20009417002038B5064C064DAC4201D3002023
:106E300038BD2046D4E9011203F071FB1434F4E7A5
:106E4000480400204804002007B5074B4FF4806237
:106E5000009306494FF0FF33054800F00DF900207C
:106E600003B05DF804FB00BF70BB0000D82F00200A
:106E7000800D00202DE9FF41044620274E4EEFF300
:106E8000118887F31288BFF36F8FD4F8CC50F5B90F
:106E9000022104F1E40003F04AFB002868D004F169
:106EA000DC0500220121284603F025FA0028F8D14C
:106EB00000234FF0FF3202934FF0FF334146CDE9FC
:106EC00000233E4804F1D402FFF7D6FCD7E7D4F8FC
:106ED000D0202B689542C4F8CC3008BFC4F8D0301D
:106EE000D4F8E43043F00203C4F8E430EB6823F054
:106EF000040343F00103EB606B6888F31188BFF370
:106F00006F8F28469847EFF3118887F31288BFF3F5
:106F10006F8FEB68D80623F0010236D4EA60EB6885
:106F20009A0716D5306823F00203EB6088B1002180
:106F3000036870B14268954235D1036869BB7268D5
:106F40003360824200D17360002340F8083BFEF7B3
:106F5000DFFFD4F8E43023F00203C4F8E43088F310
:106F60001188BFF36F8FDB0589D4FFF70BFB86E732
:106F7000D4F8E430D9069BD5C4F8E40088F311882E
:106F8000BFF36F8F04B0BDE8F08123F01103EB6015
:106F900005F11000FEF7BCFFC1E70B607368834288
:106FA00008BF7160D0E723B11A680146184613463E
:106FB000BFE71A46F9E700BFA4100020941700208D
:106FC000F8B5C36804469A070F46C3F340062ED4AB
:106FD0005B071CD40B680BB983680B60E368DD07A3
:106FE00042BFA36802263B603D6858BF0126002DC2
:106FF0003CD0204B9A68D5F8C8309A420AD0D5F8D0
:10700000E430D807C3F3800214D46FF012060023D3
:107010003B6025E003F0BBF8D5F8E4300028F0D160
:10702000D907C3F3C002F0D552B15B0708D46FF0A3
:107030000F06ECE7002AFAD1C3F3C003002BF6D108
:1070400000232360D5F8D03063B9C5E9334428461E
:1070500003F078FAE36843F00403E3603B68A3605D
:107060003046F8BD1C60C5F8D040F0E76FF015065B
:10707000CDE700BF74100020F0B50446002089B0B1
:10708000C4E933000E9D04F1D400C4E9350004F1D5
:10709000DC00C4E9370055B32879002840F201101C
:1070A00008BF0120C4F8E40000204FF0FF364FF085
:1070B000FF37CDE90330CDE90100CDE90667204671
:1070C0000C4B0094FFF73EF855B1296811B12046EA
:1070D000FEF7BEFF6B791BB1237B43F001032373E3
:1070E0002046FFF7FDFAC4F8C84009B0F0BD012002
:1070F000D8E700BF756E0000F8B50D4E0D4C0E4D73
:1071000033680E48984767782B680C48984733686F
:107110000B489847022F08D12478E31F5C425C415A
:107120002B68074898472046F8BD0024F8E700BFC1
:10713000E4030020AC100020E003002098040020AD
:107140008404002070B51D4E1D4C33681D489847BF
:107150002378590744BF23F00403237023789A0748
:1071600005D500F0C1F8237823F002032370164DF3
:1071700014482B689847336814489847637813B1CC
:10718000134803F026FA002304211148637000F02D
:10719000CBF82B680D48984733680A4898472378FE
:1071A000DB0705D503F012FA237823F001032370DF
:1071B0002B680448BDE87040184700BFE403002076
:1071C000AC10002084040020E0030020980400207C
:1071D000B01000202DE9F041FFF78EFF18B1002418
:1071E0002046BDE8F081364F36483B689847044654
:1071F00020B16FF08F04FFF7A5FFF1E7324D2B7838
:10720000D80706D403F0E0F904462B7843F00103D5
:107210002B702E4E2B483368984710B1002CE8D0C5
:10722000E9E7002CE7D13B68264898470446002848
:10723000DFD12B78990706D400F04EF804462B785E
:1072400043F002032B7033681E4898470028E5D1AD
:10725000002CD0D13B681B4898470028C9D133681F
:10726000184895F8008098470028C2D13B68184814
:10727000984704460028BCD16B7843B918F0010F39
:1072800005D0144803F0A3F9022304466B70336859
:107290000F4898470028C1D1002CACD13B68094861
:1072A00098470028A5D12B7806485A075CBF43F0C1
:1072B00004032B7033689847002890D099E700BFEB
:1072C000E403002084040020AC100020E003002030
:1072D00098040020B01000200122024B002083F807
:1072E00080257047B41000202DE9F0410A4C00259C
:1072F00026464FF0010803272046C4F82080277750
:10730000013503F044F9202D04F12C04F4D10023BD
:1073100086F88035BDE8F081B4100020014B1B6871
:10732000184700BFC003002010B50A46044619B133
:10733000024B00211B68984710BD00BFC40300200A
:1073400010B50C4C206803F000FB0B4A1368591C65
:1073500011604BB9094A4820D2F8003443F00703C2
:10736000C2F80034FBF7B2F92068BDE8104003F022
:10737000F2BA00BFCC030020381600200080045071
:1073800038B5164D286803F0E0FA154B1C68013C2F
:107390001C60ECB94820FBF7A7F90722114BC3F892
:1073A0000823D3F8002422F00702C3F80024C3F80E
:1073B0000041D3F80021C3F80441D3F804214FF46D
:1073C0008072C3F80841D3F80831074BC3F888210D
:1073D0002868BDE8384003F0BEBA00BFCC030020E7
:1073E000381600200080045000E100E070B5104D18
:1073F000104E2B68B3420DD0FFF7A2FF00F0E6FC61
:1074000000F022FD40B103F0F1F80446FFF7B8FFA9
:1074100044B92E60002405E000F0E0FA044618B1FB
:10742000FFF7AEFF204670BD03F0F0F9EDE700BFB7
:10743000C8030020117365004FF480732DE9F047F5
:1074400096B0804603A80393002403F05BF94FF045
:1074500010091E4E0DF12F0525F01F0506F1200A1B
:10746000012210211A4803F02CF92B1900935246DF
:10747000102320211548CDF8049000F0EDFA0746BE
:10748000F8B9D6E90C321034013342F10002302C45
:10749000C6E90C32E4D1B8F1000F04D022464146CF
:1074A000284603F001F92E46084C0FCE0FC496E88B
:1074B0000F00203584E80F0095E80F00103484E8B1
:1074C0000F00384616B0BDE8F08700BF680E0020F8
:1074D000880E0020F0B5194D194FAB6B8DB0BB4233
:1074E00029D0184E306803F030FA402300221946A4
:1074F000284603F0F0F83021684603F010F90446FE
:1075000078B96846FFF798FF044690B930230246E1
:107510001946684603F0DFF801220023C5E90C2371
:10752000AF63306803F017FA204603F05FF80DB040
:10753000F0BD0E24F5E70020F9E700BF680E00203B
:10754000B4A5B4A5D00300202DE9F04F99B00DF1FA
:10755000570802F10F0982460E46144628F01F080C
:107560004FEA191922B100296DD0B2F5803F6AD8CF
:10757000364F374D386803F0E8F9D5E90C3213433C
:107580000BD15046FFF7A6FF834630B1386803F0B1
:10759000E2F9584619B0BDE8F08FD5E90C2319EB94
:1075A000020243F10003B3F5803F14D3302102A857
:1075B00003F0B5F8E8B902A8FFF73EFF83460028BC
:1075C000E4D130230246194602A803F084F80022D1
:1075D0000023C5E90C234FF4807302A8029303F043
:1075E00091F8DFF870A03CB92046FFF725FF8346ED
:1075F000CCE76FF0920BC9E7102C4FF001024FF06F
:1076000010015046A14628BF4FF0100903F059F869
:10761000102352462021CDE900830D4800F01CFACA
:1076200083460028B2D14A463046414603F01BFA51
:10763000D5E90C32013342F10002C5E90C32A4EB6A
:1076400009044E44CFE76FF0860BA2E7D003002079
:10765000680E0020880E00200022074BC3F810217E
:10766000C3F80C21C3F80021C3F80421C3F8082192
:10767000C3F81421704700BF0050045008B5FFF74D
:10768000EBFF01230360104B0A6832B9D3F80C21D9
:107690001AB9D3F80821002AF6D00B687BB90B4B36
:1076A00099420ED0A3F58473D3F80831002B0CBF98
:1076B0004FF0FF306FF00200FFF7CEFF08BD002053
:1076C000FAE74FF0FF30F7E700500450085104503C
:1076D00038B505460C4691B10021012002F0FCFAB4
:1076E00008480949C0F80055C0F80445FFF7C6FF2F
:1076F00000210446084602F0EFFA204638BD6FF03C
:107700000104FAE70050045000510450034B0449AF
:10771000C3F800050348FFF7B1BF00BF0050045095
:10772000045104500450045010B5044600210120B7
:1077300002F0D2FA064B0749C3F800450648FFF7A6
:107740009DFF00210446084602F0C6FA204610BDFF
:1077500000500450085104500850045038B50C46ED
:1077600059B1074D0749C5F800050748FFF786FFDF
:1077700010B9D5F80835236038BD6FF00100FBE77C
:1077800000500450105104500C5004502DE9F04F9B
:1077900089B006460F4690461D4603F014F804468D
:1077A00078B973690090C3F3013262F305148DF860
:1077B000004014F0300408D1B168890710D06FF090
:1077C0008604204609B0BDE8F08F102C08D1BDF822
:1077D000023023F4F87343F4A873ADF802304EE09E
:1077E000DBB2F82B02D06FF08504EAE700234FF0FC
:1077F000010B9E4619461846D6F808C0DFF8CC9112
:1078000059F804AB1CEA0A0F08D00BFA00F343EA5C
:107810000E0303F07F0E012341EA0A01013007281D
:10782000EED12BB19DF803306EF347038DF8033092
:107830003CEA0101D7D17388FF2B35D005D8802BC6
:1078400034D0C02BCFD1022303E0B3F5807FCAD15F
:1078500004239DF8021063F306118DF8021014B989
:107860001CF0030FABD13379022B2BD020D8012B86
:10787000A5D1BDF8021063F3C811ADF80210012ABA
:107880006FD0032A23D0002A99D13388B3F5105F33
:10789000A9D1182D6DD0202D70D0102D8FD1DFF8EB
:1078A00030A101251F261AE00323D2E70123D0E7E8
:1078B000032B01D0FF2B82D10221BDF8023061F3EE
:1078C000C8138AE7BDF8023043F4C07385E7412D41
:1078D0003DD104254F26DFF8FCA008F10108002463
:1078E000381902F044FF00286CD00134AC42F7D1C3
:1078F0001F2E07D02946384602F04DFF04460028C7
:107900007FF45FAF009B4FF0FF39079300239B4646
:10791000CDF818A0BDF802204344C2F3C11205926D
:1079200001AC03F1100C224618685968083303C2F1
:1079300063451446F7D101A907EB0B00FFF7C8FE1A
:10794000044630B302F03FFF6FF0920439E7182D80
:1079500019D0202D1AD0102D7FF431AFDFF874A08C
:107960009FE7302D7FF42BAF03253F26DFF868A07B
:10797000B5E7DFF85CA002252726B0E7DFF850A0C6
:1079800002252F26ABE7DFF84CA0F4E7DFF844A090
:10799000F6E71C2101A80BF1010B02F0A7FEAB4595
:1079A00006D00AEB0B12CDE906294FEA0B13B1E71B
:1079B0001F2E3FF406AFBA20FFF7B6FE00283FF4B3
:1079C00000AFC1E76FF08A04FBE600BF7CBB00009C
:1079D00040008151000000201084045010B590B088
:1079E0001C22002101A803F04BF8F82002F0BFFE92
:1079F00008B3202200200DEB0201FFF7A5FD04468D
:107A0000F8B901A84FF4807102F0BBFE0E4B0F498C
:107A100004930F4BCDE901130E4BF821069320235D
:107A20000DEB0302FFF7B2FE202104460DEB01002F
:107A300002F05CFE05E0F92002F099FE0028D8D1A2
:107A40000446204610B010BD0010C0040024000100
:107A5000014B4E80F800FF7F2DE9F3411D464FF4A6
:107A60008073284C8046002017460E46019300F094
:107A700037F901AB23601123234A0121C4E9022312
:107A800004F11003636040F61103E36104F1200385
:107A900063612123089AE3621C4B46F000561A608A
:107AA000099A45F0005542F00052C3E90112202224
:107AB000C4F81080A6612762A5626162DA60BFF334
:107AC0005F8F4FF0A3421460BFF35F8FBFF35F8FF0
:107AD0001361BFF35F8FBFF35F8F03235363BFF364
:107AE0005F8FBFF35F8F9363BFF35F8F02F0CAFEB8
:107AF000431C0446FAD0002000F01CF9204602B0D6
:107B0000BDE8F0814C160020040000203C16002047
:107B1000BFF35F8F094A1368BFF35F8F43F480712F
:107B2000BFF35F8F1160BFF35F8F23F48073BFF3E8
:107B30005F8F1360BFF35F8F704700BF00108051ED
:107B400008B5FFF7E5FFBFF35F8F064A1368BFF381
:107B50005F8F43F00103BFF35F8F1360BFF35F8F4D
:107B600008BD00BF0010805170B50026C0E9006656
:107B700005460C46FFF7E4FB01232B70FFF7C8FF17
:107B8000BFF35F8F204BDB68BFF35F8F9B08013B28
:107B9000ACB3226842B19A4205D9FFF7F1FB6FF00E
:107BA0003F002E7070BD1346D4E90115E06800292E
:107BB00008BF4FF40071002808BFF1202469BFF30B
:107BC0005F8F114A9360BFF35F8FBFF35F8F1564C0
:107BD000BFF35F8FBFF35F8F5064BFF35F8FBFF35F
:107BE0005F8F5163BFF35F8F44F4802444F001043E
:107BF000BFF35F8F1460BFF35F8F0020D2E74FF4B5
:107C00000071F1202546DAE70010805170B5037845
:107C10000D461446002B53D0BFF35F8F2D4A136BD4
:107C2000BFF35F8F5908C3F34203052B4BD011F00C
:107C3000060F02D14FF0FF3070BD4368D3B9BFF3D8
:107C40005F8F5368BFF35F8F032BF3D9224B234918
:107C5000BFF35F8FD2F88060BFF35F8FBFF35F8F9A
:107C600043F8046BBFF35F8F8B42F1D1FFF768FFDE
:107C700001234360BFF35F8F164B9A68BFF35F8F9A
:107C80000132B4EB021F21D8BFF35F8F5A68BFF3F4
:107C90005F8FB4EB820FCDD884B1BFF35F8FD3F881
:107CA0008020BFF35F8F291D05F8012B8D424FEA1D
:107CB000122204F1FF34EFD0002CF5D10020BBE7F5
:107CC0006FF02000B8E76FF05100B5E76FF03F00AC
:107CD000B2E700BF00108051101080512010805179
:107CE00010B50446FFF72CFB104B186802F02DFE70
:107CF0000CB101232370BFF35F8F4FF0A343002229
:107D0000DA61BFF35F8FBFF35F8F4FF0FF321A630B
:107D1000BFF35F8FBFF35F8F3422DA61BFF35F8FF2
:107D20000122034BC3F8042310BD00BFD40300207D
:107D30000080045010B5044638B9FFF721FBBDE8B8
:107D40001040074B186802F006BE03783BB1FFF7FE
:107D500017FB034B186802F0FEFD0023237010BDD3
:107D6000D403002038B5164CD4F80051C5B1BFF388
:107D70005F8F4FF0A343996ABFF35F8FBFF35F8FAD
:107D80004FF0FF321A63BFF35F8F0023C4F8003156
:107D9000D4F800310B4B1868BDE8384002F0EEBD56
:107DA000D4F8083153B100F06DF802F09CFDC4F82E
:107DB0000851D4F808310121034BECE738BD00BF6E
:107DC00000800450DC030020D803002008B5074BD6
:107DD000186802F0C2FD064B186802F0BEFDBDE84F
:107DE0000840002248201146FAF7A0BCDC0300201E
:107DF000D803002038B5094B1C7864B1084B4FF00C
:107E0000FF311D68284602F0AAFD4FF0FF310446FD
:107E1000284602F0B1FD204638BD00BF9217002071
:107E2000DC03002010B5064C236D3BB9214651F808
:107E3000503B986902F05BFD01232365014810BDAA
:107E40007C160020CC16002038B500240B4D0C4BBE
:107E5000EC662B6003F5C0436B60FFF7E3FF50B1A6
:107E60006B6D2046B3F5007FCCBF4FF480634FF4B9
:107E70000073AB6038BD0E20FCE700BF7C1600200D
:107E800000208051004870477C1600202DE9F04307
:107E90004FF0000985B00546CDF8049000F10C07BD
:107EA000EFF31188202383F31288BFF36F8F836869
:107EB000594003EA02060A4053400E4901AACDE99F
:107EC000023902F03BFA019C3CB12046C4F8C09054
:107ED0000021646E02F0BDF9F6E7DDE9023223EA23
:107EE000020338464146AB60FEF7D6FA304605B08D
:107EF000BDE8F0830BAA00000CB430B589B005468C
:107F00000C461C22002101A802F0BAFD02230595AF
:107F10008DF806300D4B029323462CB1B4F1004F7F
:107F200028BF4FF00043013B1D440DAA0C9901A846
:107F30000695009200F00CF814B1059B00221A700F
:107F400009B0BDE8304002B0704700BF75AB00001B
:107F50002DE9F04F43688DB0154680460293837833
:107F60009A0740F10D8100240E78002E00F00A815E
:107F7000252E0BD04B1C0393013441463046029B07
:107F800098470028C0F2F6800399EDE74E788B1CE5
:107F9000252E0393F0D00027B946BB46BBF11F0F37
:107FA00038D8A6F12003102B0AD8DFE803F02A09FD
:107FB00009300909092109090928092D09091F00A2
:107FC000A6F13003092B33D92A2E37D11BF0400FED
:107FD00055F8043B40F08280002BA7BF4BF0200BEC
:107FE0009946C3F100094BF0280B01E04BF0010B5F
:107FF000039B13F8016B0393002ECFD130E04BF0BD
:10800000020B4BF0040BF3E74BF0080BF0E74BF0DF
:10801000100BEDE7BBF17F0F19D8A6F13003092B48
:10802000D2D81BF0400F03D00A2101FB0737DFE74E
:108030000A214BF0200B01FB0939D9E72E2E06D17E
:108040001BF0400F40F09E804BF0400BD0E76C2EB1
:1080500031D02BD8682E36D06A2E3CD04C2E3AD058
:10806000002F46F02003B8BF2BF04002A3F16501BA
:10807000BCBF00271FFA82FB022901D9612B2FD137
:1080800007350727DFF8ACA225F0070508351BF0F8
:10809000080F66D00AEB070B56465E4563D1A4EB8A
:1080A0000A0AA9EB070906EB0A026FE1742E9FD0BA
:1080B0007A2E9DD0D4E71BF0800F18BF4BF4007BC5
:1080C0004BF0800B94E71BF4807F18BF4BF4007BD0
:1080D0004BF4807B8CE74BF4207B89E71F4687E7D6
:1080E000A6F16301122900F2F080DFE811F013001D
:1080F0004F00EE00EE00EE00EE004F00EE00EE004E
:10810000EE00EE00EE00FE00E900EE00EE001B00C7
:10811000EE00AF0055F8043B01270DF1180A8DF869
:108120001830B4E755F804AB834BBAF1000F08BF21
:108130009A461BF0400F504614BF39464FF0FF31AE
:1081400002F0B6FC0746A2E741462020029B984772
:1081500000280FDB013EB742F6D34C44B146A41BC6
:1081600098E74E46F7E7414616F8010B029B984701
:10817000002892DA98F8023043F0040388F80230BD
:108180004FF0FF3420460DB0BDE8F08F1BF0800F9C
:1081900034D01BF4007F2CD0073525F00705AA4604
:1081A00069685AF8080B2BF010050029ADB237DAD0
:1081B000404245F4806561EB41010DF1180B0A2343
:1081C0005A4602F081FCA0EB0B0301936B0662D5CB
:1081D000019B25F001019F4289B240F3A180002E4E
:1081E00000F0998015F0100240F09C80BB460D46CF
:1081F00023E0AA465AF8040BC117D4E7AA461BF499
:10820000807F5AF8041B01D10846F5E71BF4007F74
:1082100019BF48B241F3C01108B241F3C031C2E7FF
:1082200050EA0103C9D11BF0400FC6D0002FC4D1C2
:108230002BF01102BB46019795B240F2064115EAB8
:1082400001021CBF0BF1010B00222CE02BF01002ED
:108250000A231FFA82FB1BF0800C49D01BF400712B
:1082600015BF0735AA4625F007055AF8040B1EBFAF
:10827000AA4669685AF8080B50EA010545D12BF067
:1082800016051BF0400FADB242D0002F40D12BF0AD
:108290001702019795B215F0100248D0019B002EED
:1082A00042D103F1010B29075AD4EB0706D5D94572
:1082B0006FDDA9EB0B030199CB465F185B4649E0E4
:1082C0004BF0100B10237826C5E7782B04D1C6F1AC
:1082D000780343F01003BEE741462520029B9847F0
:1082E0000028FFF647AF023447E608230026B2E72E
:1082F000AA461BF480715AF8040BBDD01BF4007120
:108300001ABFC0B2614680B2B6E72BF0060295B242
:108310000DF1180B54E725F01105BB46ADB28CE703
:108320000D46B8E73B460D4603F1020BBBE7DDF80F
:1083300004B082E7C6C70000BFC70000CDE9043221
:1083400041462020029B98470028FFF613AF049B6C
:10835000059A01339945F1DCA4EB0B019B46CC183F
:108360000AB341463020029B98470028FFF602AF2F
:108370008EB901342744391B019B994224DC1D46E8
:1083800055BB019AA9EB0B0955462244144691446A
:1083900033E0019F92E7023441463046029B984702
:1083A0000028E7DAE6E640F206410D42E2D015F099
:1083B000020F04F10104414614BF2B20202015F4C4
:1083C000806F18BF2D20E9E741463020029B013421
:1083D00098470028CFDACDE606AB013D4146585D0F
:1083E000029B98470028CBDAC4E641462020029B36
:1083F000013498470028FFF6BDAEA9EB0403002B1B
:10840000F3DCC1E5704700F042BD836800EBC101B9
:10841000B3F5004F2CBF51F8220031F8120070471D
:1084200000EBC1018068B0F5004F2CBF41F822304D
:1084300021F812307047012208B5FFF7E6FFD0405F
:1084400008BD836800EBC101B3F5004F08D34B684A
:108450001AB143F001034B60704723F00103FAE7C0
:108460004B881AB143F001034B80704723F001039E
:10847000FAE753000122FFF7D3BF8368481CB3F526
:10848000004F34BF042308230833A0EBD300B0FA15
:1084900080F0C0F11F0070472DE9F0410D4686685D
:1084A0000446FFF7C8FFB6F5004F014601D3012887
:1084B00032D02046FFF7E1FF04EB80010E6996B948
:1084C0000122E36882401343E36002220D612B46E0
:1084D00029462046FFF7A4FF032229462046BDE88F
:1084E000F041FFF79DBF022231462046FFF78DFF86
:1084F0000746034629462046FFF792FF03223346EC
:1085000029462046FFF78CFF39462B462046FFF7C9
:1085100087FF02223146E1E7BDE8F081B2F5802F06
:108520002CBF082304232DE9F0410026D21A8C1811
:10853000CD1D25F0070524F00704641BE408056041
:1085400021462846AC60EE60FFF797FF421D92007F
:10855000013002F107074FEAD7073146A2F11002B6
:1085600005F11000B8BF324602F08AFA3A463146A9
:108570002846FFF77EFF3346324631462846FFF74E
:108580004FFFA4EB0708284631460122FFF759FFA9
:1085900042463946FFF76DFF3B463246394628468C
:1085A000FFF73EFF21462846FFF763FF434632466A
:1085B00021462846FFF734FF214628460122FFF7CF
:1085C00040FF3946BDE8F041FFF766BF2DE9F047AF
:1085D00006460D46174698462BB34FF0000A98F80A
:1085E000004093F80190DB78A40004EB430498F872
:1085F00002301C444444CA4509D339463046AC468F
:10860000D8F8042008F10803BDE8F047604714F8E3
:10861000013B0AF1010A204648F82340F7F798FF8A
:1086200001300444E7E76FF01500BDE8F08770B54E
:10863000002502462846144614F8013B0BB918469B
:1086400009E098B18D4207D1702B04D0A3F140020C
:108650003A2A0BD8002070BDA3F140063A2E05D867
:1086600053780135941C002BE9D00020252B22469D
:1086700008BF80F00100DEE7002070470FB407B5A7
:1086800004A951F8040B019100F075FB03B05DF8EB
:1086900004EB04B0704710B50369024613F00800FC
:1086A00009D11368D4689C429BBF0120126AE31A67
:1086B000D31A0B6010BD00231846FAE713B501A9C1
:1086C0000446FFF7E8FF20B1019BE268013B134439
:1086D0000193206A019BC01A013802B010BD10B589
:1086E000044650182269236AD20702D5013B18407C
:1086F00010BD984228BFC01AFAE710B504460A46D2
:10870000C168FFF7ECFF2369E06023F008032361F1
:1087100010BD38B50D46C2698B00016843F00203F5
:10872000044642F8213001682A46FFF7D8FFE36883
:108730006168984208BF2369206008BF43F00803BE
:108740002A46204608BF2361FFF7C9FF606038BD95
:108750002DE9F74FC768C6699B4606EB8703009370
:1087600016F82730044603F00303022B884691468F
:108770004FF000030BD01360CBF8003023699B0748
:1087800013D44FF0000A504603B0BDE8F08F56F8FE
:10879000271013608908CBF80030EFD0FFF7ADFF4A
:1087A000E368A3604FF0010AEDE7A36906EB8700D9
:1087B000984716F82720054612F0010AE1D012F07A
:1087C00002021FD0B8F1000F03D041462046FFF748
:1087D000A0FF61682A462046FFF781FFD4E9022105
:1087E0009142606006D12A462046FFF778FF4FF09D
:1087F000000AA060A2682260E260226942F00802DA
:108800002261C0E7014620460192FFF776FFE36848
:10881000A360B8F1000F04D02168E369019A43F81E
:10882000212005EB0802CBF8002021682046FFF745
:1088300056FF2369206043F00803236116F82730B0
:108840006FF3000306F82730009BC9F80030A9E752
:1088500070B504461546FFF742FF2368834205D1F1
:108860002369216023F00803236170BDE269AB0036
:1088700043F0020342F8213061682A462046FFF7A0
:108880002EFF6060F1E738B5036904465B0706D543
:10889000456AFFF713FF85422CBF6562606238BDF1
:1088A00038B50D4604461C22002102F0E9F80022EA
:1088B000EB68A361AB6863612B68E3616B6862621C
:1088C00023622A6923B1591E194208BF42F00102EE
:1088D0002261012204F128000021BDE8384001F0A6
:1088E00046BC2DE9F04F002587B00093036A04468B
:1088F0008B420E469246A9460395059539D3EFF370
:10890000118B202383F31288BFF36F8F059AD8460B
:108910002AB129462046FFF79BFF0023059304A9AF
:108920002046FFF7B8FE04990746B1422AD32268D1
:10893000E369204613F8221003EB820921F00301BA
:1089400003F8221021683246FFF7C9FEE368206071
:10895000984212D0002788F31188BFF36F8F0399D4
:1089600029B162690AB12046904700230393002F82
:10897000C5D1484607B0BDE8F08F236943F008032E
:108980002361E7E718B12046FFF7C3FEE3E7009B4A
:108990005AEA03021CD0019101F0F9FB0199B8B920
:1089A000BBF1000F14D187F31188BFF36F8F5246CC
:1089B000009B04F12800FDF7E5FAEFF3118820236E
:1089C00083F31288BFF36F8FB0FA80F77F09C2E795
:1089D000204605AB03AA2568FFF7BAFE0746BAE7AB
:1089E00070B50446836908460D4698470246EFF382
:1089F0001186202383F31288BFF36F8F2B782046D4
:108A000043F001032B706168FFF769FE6060204648
:108A1000FFF739FF86F31188BFF36F8F70BD2DE923
:108A2000F04104462027EFF3118687F31288BFF345
:108A30006F8F236913F0080FA36802D16268934215
:108A400000D9226AD21AE16932B986F31188BFF3DC
:108A50006F8F4FF0000833E011F8232001EB8308FB
:108A600012F00300F1D0022803D151F82350AD08D1
:108A700005D1D00712D44046A36998470546A1689E
:108A80002A462046FFF72BFE2946A0602046FFF726
:108A900034FE86F31188BFF36F8FC4E742F0020201
:108AA00001F82320A3694046A56898472946024655
:108AB0002046FFF714FEA06086F31188BFF36F8F86
:108AC0004046BDE8F081F8B50446836908460D4686
:108AD00098470646EFF31187202383F31288BFF3EC
:108AE0006F8F2B786FF300032B7023699B0705D5DD
:108AF000E268E36903EB82039D421AD12B786FF39E
:108B000041032B70D4E90231994204D13246204608
:108B1000FFF7E5FDA06031462046FFF7EEFD87F345
:108B20001188BFF36F8F04F12800BDE8F840FDF70E
:108B3000EFB92B6860F39F032B60F0E7EFF311812F
:108B4000202383F31288BFF36F8F036913F0080F9C
:108B5000836802D14268934200D9026AD31A81F332
:108B60001188BFF36F8F181E18BF01207047038B49
:108B700013F0070305D10368002B0CBF002003206E
:108B80007047022B05D1408BB0FA80F0400980007D
:108B90007047012B05D10368002B0CBF0020052076
:108BA00070470020704710B50C4600B111B96FF046
:108BB000150010BD081D00F093F80028F9D1A36836
:108BC000032BF6D9F3E72DE9F0410D460746194688
:108BD000281D90461E4600F097F8044638B13346EB
:108BE000424629463846A446BDE8F0416047BDE804
:108BF000F08110B4EFF31182202484F31288BFF3C4
:108C00006F8F416110BC0121F8F736BB38B50C46B7
:108C1000054658B151B10B6843B14B6833B11C22C2
:108C2000002101F02DFF00202C6138BD6FF01500F0
:108C3000FBE770B505460E46FFF7B5FF041E14DBD3
:108C4000EFF31182202383F31288BFF36F8F4FF667
:108C5000FF716B8B2C8B8B4204F0070407D182F3DE
:108C60001188BFF36F8F6FF00A04204670BD022C8D
:108C70000CD101336B8382F31188BFF36F8F002314
:108C8000224631462846FFF79EFFEEE7062C14D811
:108C9000DFE804F004131313041A04000023336004
:108CA0006B683BB9C5E90066ACB902212846F8F704
:108CB000E3FADAE71E606E60F6E782F31188BFF32D
:108CC0006F8F6FF00404D0E782F31188BFF36F8FCA
:108CD0006FF08504C9E782F31188BFF36F8FC4E793
:108CE000034640B1426802F00302022A06D0032A7A
:108CF00004D0012A05D06FF0150070471A68002AC9
:108D0000F9D000209860704710B54268034602F021
:108D10000302022A4FF00004816007D0032A02D028
:108D20005C60002001E018685C6010BD18685C6041
:108D30000028F6D0FEF74EF8F3E7704703785B079C
:108D40005FBF03684288C3F34A2303EB12105DBF81
:108D5000173020F00700800800207047002070477F
:108D600000F0C5BC0346D3E8EF0F421CC3E8E12F77
:108D70000029F8D170471FB50023CDE902011A463A
:108D800019461846CDE90033F8F7A2FE05B05DF8A4
:108D900004FB0120F8F754BC002070474368DA71E7
:108DA00001224368196043685A71F8F73BBC70B5FB
:108DB00015460C4669B1D2E901369B1B99420AD887
:108DC00013680A460146981901F04DFEAB6823442A
:108DD000AB60204670BD6FF01B00FBE770B50E4620
:108DE00015461946044618B9BDE87040F8F728BC86
:108DF00033B1C2F34A231030120D184401F033FE90
:108E0000C4E900562046BDE87040F8F7BDBD2DE925
:108E1000F3415F1C4FEA8708064608F1170020F06F
:108E2000070080080C461546F8F786FC00238DF8ED
:108E30000470ADF805308DF8073068B10346019A2B
:108E4000A8F1040143F8102F2A46294452F8045B84
:108E50008A4243F8045FF9D100233146A20102F4AB
:108E6000E07242EA482222F07F4222F4700222F0AD
:108E70003F0202B0BDE8F041FFF7B0BF07B50123E4
:108E8000019201AAFFF7C3FF03B05DF804FB07B529
:108E9000CDE9002302236A46FFF7B9FF03B05DF86E
:108EA00004FB1FB5CDE90123069B01AA039303230D
:108EB000FFF7ADFF05B05DF804FBF8B506460D46BB
:108EC00014461F4604B9F8BD214628463A46B04725
:108ED000241A0544F6E710B542680446D2E9002397
:108EE00081680068FFF7E9FF002263681A6010BD1F
:108EF00038B54B6805461A68CB680C469A4202D1D1
:108F00000846FFF7E8FF6368D3E8EF2F511CC3E87A
:108F1000E01F0028F8D1A36800209D5438BD0A281E
:108F200038B504460D4602D10D20FFF7E1FF294672
:108F30002046FFF7DDFF002038BD2DE9F043054650
:108F400087B008460E8891F800900C46D1F808804A
:108F50001746F8F70DFE011EC6F38216C9F3C209C3
:108F60001EDB4846F8F722FD0346214651F8102B38
:108F70006088C2F34A22002A01EB020408BF0021E4
:108F80000022C0F30B10CDE90407CDE902142846F6
:108F9000414601960092F8F717FE07B0BDE8F0834E
:108FA0000023E2E7436800201B685B689961704713
:108FB00043681B681A6852685360704701212DE9A5
:108FC000F04143681B685A6811771D682F68D5E91E
:108FD0000136D3E900481CB96B681C60BDE8F0811C
:108FE000214630464246B847241A0644F3E7436810
:108FF0001B681868F8F752BF70B543680C461D68C7
:109000006B689869F8F7F8FA214603460F2228683A
:10901000BDE87040184701F033BD01F024BD0146A2
:109020000068F8F7CBBF08B5F9F724F8BDE80840A9
:10903000F9F744B80A460121FFF720BF00210120BB
:10904000F8F7BCBFD0F8A83083F30B8870476FF0F7
:109050008500704761B662B680F31188BFF36F8FE9
:10906000704772B6002383F31188BFF36F8FBFF38D
:109070004F8F30BF62B6BFF36F8F704772B6002359
:1090800083F31188BFF36F8FBFF34F8F20BF80F33F
:109090001188BFF36F8F62B6704740E800F313F496
:1090A000803FD8B208BF6FF01500704730B50C682C
:1090B0004B6885B00A894D890094013B24F01F0458
:1090C000234402F01F0242EA451223F01F036946BF
:1090D0008DF808200393F9F7FDFB05B030BD08B506
:1090E000D1E904319847002008BD08B5F9F7E6FD3D
:1090F000002008BD0C220369C9B201FB0233186CC1
:1091000000F00700704770B5C9B20369EFF311852D
:10911000202484F31288BFF36F8F0C2606FB0134E2
:10912000246C14F0C00408D0A24206D085F3118844
:10913000BFF36F8F4FF0FF3070BD012271430B44BE
:109140001A6485F31188BFF36F8F43680B445B6823
:1091500098470020F0E78022FFF7D5BFF8B5069FBB
:109160000469C9B2EFF31186202585F31288BFF395
:109170006F8F0C2569430C44256C05F0070CBCF17E
:10918000010F0BD1276486F31188BFF36F8FC4E9F9
:109190000E2343685B5898470020F8BD05F0C005D2
:1091A000AF4286F31188BFF36F8F0CBF6FF077006B
:1091B0004FF0FF30F1E713B580240094FFF7CEFFA6
:1091C00002B010BD10B41C240069CBB203FB040034
:1091D000002110BC10471046FCF79ABE00F02FBBD0
:1091E000FBF78AB8022804D0042804D10020F9F73C
:1091F000DBBE0120FBE77047436800205B68DB684B
:109200000B607047436802EA01005B6821EA0201D3
:109210005860002099607047436800205B6859607F
:109220007047436800205B689960704743685A68DC
:10923000136821EA03000B405060002093607047E0
:1092400010B503695868F8B1884219D19C6808685C
:10925000A142586000D19860002008602AB15A6885
:109260000A609A68596002B99960002010E0814252
:1092700006D10868206098688142EDD19C60EBE7D8
:10928000044600680028F2D1002AE8D16FF01500EA
:1092900010BDFBF79FBA30B543681360057A446888
:1092A00004EBC504A34202D36FF0010030BD5C792A
:1092B0008C4201D00833F0E70020F7E743681B68D1
:1092C000D3F83031704743681B68D3F88004C3F883
:1092D0008004704742681368D3F84C0150B10020F5
:1092E000926A12780A70C3F84C01D3F84C2101221B
:1092F0009A6270474FF0FF30704713B501AA0446D9
:10930000FFF7C9FF002805DB019B2268197918685F
:10931000FAF7EAF802B010BD6FF08500704738B573
:10932000054600220121C620F9F700FAC620F9F708
:10933000CDF96C680121E068FFF7DFFF6B68196801
:109340006369C1F82435E28BA38BA07E1343228C82
:109350001343628C1343627E9BB20243207E02431E
:109360001343C1F86C3569680B68D3F8002242F4E6
:109370008022C3F800220822C3F800254A6A01218E
:10938000C3F83C270022C3F840271965D3F83011F1
:109390000029FBD0C3F800256B680021D868FFF7CF
:1093A000ACFF6D680021E8682C68FFF7A6FF082372
:1093B000C4F800352A7A52B9AB6AC4F804370123DD
:1093C000C4F80837C4F84C21D4F84C21A36200201B
:1093D00038BDFFF753BD002201214A20F9F7A6B995
:1093E00000220121C820F9F7A1B910B50B6813B903
:1093F0001846136005E003685C681CB114600368DC
:10940000186810BD083303600B68013B0B60EDE783
:1094100013B501AA0446FFF73EFF002805DB019BB8
:10942000226819791868FAF75FF802B010BD034690
:109430000A4619790123006803FA01F103691B68E0
:10944000194218BF82F0010212B18368DB68184725
:1094500083681B69FBE738B50469456894F8A13057
:109460002BB12046FCF7E2F9002384F8A130686BA9
:109470000121FFF7CDFF002038BD10B5044600687C
:10948000D0B18368C3B149B101210830FFF7CFFFE4
:1094900023681869BDE8104000F01ABE12B983882D
:1094A000DB0409D4006900F013FE20680021BDE848
:1094B00010400830FFF7BBBF10BD10B501220021DE
:1094C0000446FFF7DAFFA36933B9636004F11000C3
:1094D000BDE81040FCF71CBD10BD10B50069836AE3
:1094E0008B4207D190F8A0403CB92830FFF7E5FF48
:1094F000204610BD6FF01500FBE76FF00F00F8E796
:1095000038B50469054694F8742072B9A16604F16F
:109510005000FCF7FDFC002284F8A02028691146C9
:10952000BDE838402830FFF7A8BFE36E0BB1226FCB
:109530009847A36A9B8813F40053ECD1E36204F1CB
:109540003800E6E7F0B504690646D4F88C20456893
:10955000D4F8943085B0B2BB002B57D02D8ED4F800
:1095600088009D4228BF1D46D4F89070D4F89030F2
:1095700063B1D4F894204AB107F06042B2F1005FC1
:1095800004D0082D28BF0825D4F8A870D4F8882066
:10959000C4F89C5022B1D4F88C20002A18BF2A4667
:1095A000019223B1D4F89430002B18BF2B466946A2
:1095B0000090002220460393029700F051FC0146E0
:1095C00028BB05B0F0BDD4F88810D4F890700846D8
:1095D0002D8EBBB1934228BF13469D4228BF1D4626
:1095E0000029C3D001F06043B3F1005FBED0082D65
:1095F00028BF0825D4F8A4002A4601F034FAD4F88C
:10960000A400B3E7954228BF1546E9E7194630465E
:1096100005B0BDE8F040FFF773BF1FB5079C02948B
:10962000069C019401240094FAF780F904B010BD5F
:109630001FB50024CDE901440094FAF777F904B08E
:1096400010BD0123F0B587B08DF80230022300274A
:109650008DF804306B4403930E4601AB0DF103010A
:109660000546029104930597FBF7A4F8041E0BDB53
:109670003146284603AA00F002FA041E07DA2846FB
:109680009DF80310FBF78CF8204607B0F0BD3C4670
:10969000FAE7F8B50C46054600F01CFB002221460F
:1096A0000646284600F0C2FA03212046FAF7FEFAE1
:1096B00000F01DF807462B689B5953B10026214640
:1096C000284600F005FB20460121FAF7EFFA304664
:1096D000F8BD00F00CF8C01BC728ECD96FF073067A
:1096E000EDE708B50220F9F7C1FC002008BD08B578
:1096F000FBF76CF908BD08B5FDF76CFD48B1002318
:1097000083F31188BFF36F8F0423184602DF6FF0D5
:10971000040008BD03460020184700F0D9BC0246EB
:1097200010B5116891B1B1FA81F3C3F11F000123A3
:10973000834021EA0303D2E8EF4F8C4204D1C2E810
:10974000EC3FBCF1000FF6D1EBD110BD6FF00B0078
:10975000FBE710B50368CB40DB0710D401238B4037
:10976000026843EA0201D0E8EF4F944204D1C0E816
:10977000EC1FBCF1000FF6D1F2D1002010BD6FF04C
:109780001500FBE70023FAF73BBC41F2640200F14D
:109790003043A3F50A23934294BF4FF48073802390
:1097A00041F0004119500020704738B50D4604467D
:1097B00000F028F801462846FAF700FD011E05DBF7
:1097C0002046BDE83840C9B2FFF7DFBF38BDF8B565
:1097D0000E461446074600F015F80546304600F0E0
:1097E00011F8224601462846FFF7CCFF054638B956
:1097F00021683846FFF7D9FF30462168FFF7D5FFCB
:109800002846F8BDC0F3824001387047FAF710BD12
:1098100010B1012802D07047FAF76EBDFAF71CBEEE
:1098200018B1012803D100F00CB800F008B8704757
:1098300008B5FAF745FEBDE80840FAF79DBDFAF70E
:109840002FBDFAF7D1BDF7B51646DDE908470190FF
:1098500001A81D46FAF76EFE019BB6F1000C18BF79
:109860004FF0010C00EB83000B1E18BF0123002DED
:1098700043EA4C0314BF4FF00C0C4FF0000C002CCB
:1098800043EA0C0314BF4FF4706C4FF0000C002F30
:1098900043EA0C0314BF4FF4403C4FF0000CD0F8E7
:1098A000802043EA0C0322EA030301B109780EB1D8
:1098B0003678760019430DB12D78AD0031430CB1E7
:1098C0002478240229430FB13F783F040C433C43E2
:1098D000C0F8804003B0F0BD1FB50DF10F03019338
:1098E00000238DF80F101A4619460093FFF7ABFFBF
:1098F00005B05DF804FB10B504460846FAF72AFEE9
:1099000004EB4004A08AC0F3401010BD10B504461B
:109910000846FAF71FFE04EB4004A08AC0F340009B
:1099200010BD10B504460846FAF714FE04EB4004D7
:10993000A08A400B10BD70B5044608461646FAF7DB
:1099400009FE083034F810300D46DA0509D5C3F3A6
:10995000432304EBC3023146284654F8333052689F
:109960009847A3682BB131462846E268BDE87040AD
:10997000184770BD10B504460846FAF7EBFD00B273
:1099800004EB4000838ADA051DD5C3F3432123F499
:10999000F853838204F1120204F1580032F8023FB6
:1099A00013F4807F03D0C3F3432399420BD0824248
:1099B000F4D1002204EBC1035A6004F16000BDE859
:1099C0001040FFF7C6BE10BD10B50446FFF793FF69
:1099D00040B12046FFF7A5FF00B2800000F580707F
:1099E00080B210BD4FF4A270FBE7F0B50446002032
:1099F00001270546844695420AD1D4F8443133B153
:109A00000023C4F84431D4F8443140F40030F0BDB0
:109A1000EBB29B0003F580769B0807FA03F319422B
:109A200008D054F806E0BEF1000F03D044F806C099
:109A3000A65918430135DEE738B504460D46FFF751
:109A40005AFFB0B12046FFF761FF90B92046FFF7FB
:109A500068FF012322688340C2F81833236800B2EC
:109A600003EB8003D3F8102522F00302C3F810257E
:109A700038BD2846BDE838400021FFF72DBF2DE94D
:109A8000F0431746044685B00846FAF763FDD7F859
:109A900000800E460546B8F1000F1FD02046FFF7A4
:109AA00035FF18B12046FFF726FF30BB00230DF12C
:109AB0000F02CDE900338DF80E308DF80F303046AF
:109AC00043460DF10E01FFF7BEFE2AB204EB42023F
:109AD000938A23F0020343F0010393827B68002BF7
:109AE00034D03146204693F80080D3F80490FFF735
:109AF0000DFF28B1B9F1000F1FD06FF0150028E05D
:109B000028B204EB4000838A23F4604323F020034F
:109B10008382B9F1000F10D0B8F1030FEDD87B6844
:109B200021685B6893F800C001EB8C01B8F1000F6D
:109B300012D1C1F81085C1F810852AB204EB420297
:109B4000938A23F01C0343EA88039382BB6853BBC8
:109B5000002005B0BDE8F083D1F8102522F0030203
:109B6000C1F81025226802EB8C03D3F8102522F4EB
:109B7000473222F47C72C3F8102541F6F072D3F814
:109B8000101502EA061242EA08420A43C3F81025F9
:109B900004EB4C03A3F86460838A43EA4C3343F03C
:109BA00020038382C9E73146D3E900782046FFF7D6
:109BB000E1FE002FCCD063689F4206D004F1600024
:109BC000FFF7ADFD002804DAC3E7A3689845F5D197
:109BD000002004EBC003C3E901782DB204EB450576
:109BE000AB8AC0B243EA402343F48073AB82AFE751
:109BF000C0E90312704770B504461546FFF77BFEB7
:109C000048B10846FAF7A6FC04EB40040020A38AFA
:109C10005B0B2B7070BD6FF01500FBE790F87400C4
:109C2000003818BF01207047FAF7CABC2DE9F3418C
:109C300004461746FFF75FFE0D46266800B3204630
:109C4000FFF764FE8046D8B92046FFF76AFE05B2EA
:109C5000AD0005F5807246F802802168B2582944AB
:109C6000D1F8102542F00102C1F810252FB10122D0
:109C7000216802FA00F3C1F8143302B0BDE8F081A4
:109C8000D6F8143328469B035CBF4FF40033C6F864
:109C90001433FAF75FFC04EB4004A38AC3F3820396
:109CA000042B11D0052B11D001A80195FAF742FC25
:109CB000019BC168D94001F001010231284602B080
:109CC000BDE8F041FFF708BE0321F7E70221F5E701
:109CD000FFF7B2BEFFF778BEC9B2FBF739B810B5CF
:109CE0000124A1F580739B0804FA03F318400CD0FB
:109CF00001F1502101F55021086830B100200860C1
:109D00002046096811681943116010BD70B501261D
:109D1000A2F58074A40806FA04F4054614EA0100CA
:109D200008D0A85830B100213046A950AA581A6866
:109D300022431A6070BD00232DE9F34104460D460D
:109D40000193904601AB4FF48072FFF7DFFF4FF4B1
:109D5000827229462046FFF7D9FF4FF484720746E6
:109D600029462046FFF7D2FF064630B1B8F1000F72
:109D70001DD017B13E46D4F80C374FF4A6722946D1
:109D8000204601ABFFF7C2FF30B1B8F1000F03D09E
:109D900016B90FB1D4F80C374FF4B47229462046E7
:109DA00001ABFFF7B3FF019802B0BDE8F081464672
:109DB000E3E707B5019001A8FBF7FEFB0123019A39
:109DC0009340436003B05DF804FB07B5019001A820
:109DD000FBF7F2FB0123019A9340836003B05DF827
:109DE00004FB70B54B7F04460D467BB1012364260E
:109DF0004360002202212046FFF79DFF20B9012089
:109E0000FFF78BFC013EF4D100236B77AB7F5B0740
:109E100044BF0023C4F8003570BDF8B51E4690F865
:109E2000203004460D461746A3B981B14969FBF7B6
:109E3000D3FB90B129462046C4E90176FBF712FC1A
:109E40000020012384F8210084F82030F8BDC0E907
:109E50000126F5E76FF07700F8E76FF01500F5E7FA
:109E6000F0B590F8213005460E46174685B0002B18
:109E700040F0A78043682BB112F0140F04BF0123F8
:109E800080F8213005F1100496E80F0084E80F00F7
:109E9000686A431C05D095F822309C0717D5FFF758
:109EA00088FF33682C6823B103F06043B3F1005F8F
:109EB00006D1B36873B103F06043B3F1005F09D01A
:109EC00000236FF00C0085F8213005B0F0BDFFF7DE
:109ED0007CFFE6E717F0010318BF0123C4F84C37F5
:109EE00017F0020318BF0123EC46C4F8143796E8B4
:109EF0000F008CE80F00039BC4F83C07C4F8401720
:109F0000C4F80427C4F80837002317F01C0FC4F85E
:109F10000831D4F8083146D1D4F80035073B18BFD2
:109F2000012395F8222063F38202072385F822207B
:109F3000C4F8003595F8223018070CD58223C4F8F0
:109F4000843C6B683BB10023C4F80031D4F8003185
:109F50000123C4F8043317F008060CD101236A6802
:109F6000236042B9D4F80831002BFBD062460421AB
:109F70002046FFF7E0FE6B68D3B995F82220110761
:109F800048BFC4F8843C686A421C05D095F822306A
:109F90009B070AD5FFF719FF1EB92046291DFFF7B9
:109FA00020FF002091E70123BBE7FFF702FFF3E763
:109FB000042317F0040F14BFC4F80833C4F80433A3
:109FC000EFE76FF00F0080E770B590F8223004469D
:109FD0000568180710D5D5F80433D9070CD5D5F87E
:109FE00000314BB10023C5F80031D5F80021C5F888
:109FF000843C0123C5F808330421284604F11002EB
:10A00000FFF799FED8B1606A421C05D094F822305F
:10A010009B0711D5FFF7D9FE94F821301BB12846D4
:10A02000211DFFF7DEFE2046002300F80C3FD4E997
:10A030000131BDE870401847FFF7BBFEECE770BD8B
:10A0400038B5057B044665B9426041B18B688360D1
:10A05000FBF724FCB0FA80F35B09237338BD084694
:10A06000F8E76FF07700F9E7012203681A6002232E
:10A070000373704770B54FF4803405688C4073B13A
:10A0800000268B0003F5A073EE50EB580368C3F86D
:10A090000443036801F5A87143F8212070BDC5F899
:10A0A0000843F6E7F0B44FF0011607688E40D7F882
:10A0B000005225EA0605C7F800520568D5F80042A7
:10A0C0001C43C5F800429DF81030F0BCFFF7D2BF2A
:10A0D00008B1F8F76BBE704710B5436904463BB949
:10A0E0000020E2684042537843F00103537010BDF2
:10A0F00098470028F4D00028B8BF4042FF28A8BFE6
:10A10000FF20E3681870ECE740B1C368587810F09E
:10A1100001001EBF1878B0FA80F040097047EFF3D5
:10A120001183202383F31288BFF36F8FFEE720246F
:10A1300008B5EFF3118384F31288BFF36F8FFEF736
:10A1400090FFF6E7D0E9003213605A600023427BAB
:10A15000C0E9003322F0020242738360704790F935
:10A160000E308B4201D0FCF725B9002070475AB160
:10A170008A4209D300F11003C0E90212C0E90000CD
:10A18000C0E90433002070476FF015007047EFF30B
:10A190000580003818BF0120704788307047D0E92B
:10A1A000003213605A600023C0E90033704708B5DD
:10A1B000FFF7F5FF437B23F0020343730023836023
:10A1C00008BD38B504460D46FCF752F8637B43F0F2
:10A1D00002036373E5B1A5602B689D4209D16B68EA
:10A1E000C4E900531C606C6012E06A689A42F6D0C1
:10A1F0001B68002BF3D094F90E2093F90E108A42BD
:10A20000F3D09142F1DD5A68C4E9003214605C6019
:10A2100038BD10B5EFF31184202383F31288BFF308
:10A220006F8FFBF7E3FF84F31188BFF36F8F10BDCF
:10A2300008B5EFF31181202282F31288BFF36F8FEC
:10A2400083680BB1FFF7B3FF81F31188BFF36F8F02
:10A2500008BD38B5EFF31184202383F31288BFF3D0
:10A260006F8F002390F87050427B80F870302DB1D2
:10A2700021B184F31188BFF36F8F38BD12F0280F1E
:10A28000F7D183680BB1FFF792FF437B23F0040300
:10A290004373FBF7ABFFECE701211838FFF7D9BF99
:10A2A00008B50346EFF31181202282F31288BFF331
:10A2B0006F8F0068834207D008B1FFF778FF81F302
:10A2C0001188BFF36F8F08BD0020F8E710B5FFF7C6
:10A2D000AFFFBDE81040183000F069B808B5C317EB
:10A2E0001F3043F10003400940EAC360C117FCF787
:10A2F0008DF9400108BD38B5EFF31185202383F3B4
:10A300001288BFF36F8F0468A04213D0A4B1C4F8C1
:10A31000C01022612046FFF74AFF04F1180000F048
:10A3200046F82046FBF762FF012085F31188BFF352
:10A330006F8F38BD0020F8E72046F6E72DE9F041A1
:10A3400005460E461746EFF31188202383F3128843
:10A35000BFF36F8F0468A0420FD1002088F31188EB
:10A36000BFF36F8FBDE8F08139462046B047002823
:10A37000F4D16B68A342F0D02468002CF4D1ECE750
:10A3800008B50246FCF732FB70B1D0E904319B1AE4
:10A3900061EBE272B3F1004F72F1000104DA002ABE
:10A3A000ACBF1846002008BD6FF00040FBE7024636
:10A3B00038B5EFF31185202383F31288BFF36F8F35
:10A3C0000368CBB1FCF712FB04461046FCF720FBF8
:10A3D00000224FF000438442C0E9042306D1FCF779
:10A3E0000DFBFFF7CDFF0021F9F7F8FC002085F306
:10A3F0001188BFF36F8F38BD6FF01500F7E708B510
:10A40000FCF710FC08BDFCF70DBC0023C0E90812E6
:10A4100000F11802C0E90622C0E900330363436378
:10A42000704710B50446FFF7C2FFA8B9636A0BB1C5
:10A430002046984704F11800FFF732FF60B1FFF79C
:10A44000E8FEEFF31180202383F31288BFF36F8FB0
:10A45000BDE81040FCF732B810BD2DE9F04184682A
:10A4600005460E46D4B16378012B22D114F8533C33
:10A470009A0711D5A4F160073846FFF727FF082E89
:10A480000CBF6FF003030023236614F8533CDB0674
:10A4900002D13846FFF7BDFE002323700020EB6891
:10A4A000A860C3F38632164366F39433EB60BDE8CD
:10A4B000F081022BF0D12378002BEDD054F8048CDE
:10A4C000B8F1000FE8D004F11400FFF770FF00238B
:10A4D000A4F1140739464046E36200F03AF8DBE79E
:10A4E00038B5EFF31185202383F31288BFF36F8F04
:10A4F0000468A04211D0D4E9003213605A600023EE
:10A500002046C4E90033FFF7A8FF85F31188BFF3A5
:10A510006F8F201E18BF012038BD0024F5E710B44E
:10A5200000F10C04C0E9034410BCFDF7F7BF0123A0
:10A5300002688B4022EA0303036022FA01F000F074
:10A540000100704720B10022D4301146FFF7D3BE7E
:10A55000704713B501900846EFF31184202383F36D
:10A560001288BFF36F8F01A9FCF72AFD84F31188CD
:10A57000BFF36F8F02B010BD10B50446406A10B132
:10A58000A16A00F029F80020C4E9090010BD38B51F
:10A590000546FFF7F1FF2B7F0446012B0ED0023B4F
:10A5A000012B0ED82B6A012B18BF6FF096042C22BA
:10A5B0000021284600F064FA204638BD2B6A002BA3
:10A5C000F2E76FF09604F2E7FCF710BF7047002047
:10A5D000704700207047704710B5044608B1FCF77B
:10A5E000A3FE2046BDE81040FCF798BE0A2840DCD8
:10A5F000C31C22DA10F1400F47D010F13F0F2BDAC5
:10A6000010F1410F44D010F1550F44D010F1490F13
:10A6100008BF6FF0840018BF6FF0860070470928EC
:10A620002AD8DFE800F00529290816293829292F1A
:10A630006FF09800704700207047C31C0D2B1BD88B
:10A64000DFE803F0072F1A1C1A1A1A1A1A1A1D1A11
:10A650001A1D6FF08500704710F1210F1ED00BDB23
:10A6600010F1200F1DD010F1100F08BF6FF09400F3
:10A67000D1E764380928D2D96FF0860070476FF0AF
:10A68000940070476FF08C0070476FF08400704743
:10A690006FF0890070476FF0930070476FF088008B
:10A6A00070476FF09200704710B501380A4491422C
:10A6B00000D110BD10F8013F11F8014B6340037049
:10A6C000F5E70144814200D1704711F8013D1A4479
:10A6D0000A70120AF6E710B58B4294BFC4184418EA
:10A6E000A04200D110BD00F8012BF9E700231A4663
:10A6F00082B001908B4201D102B070470198C254E0
:10A700000133F7E70368D90444BF43F4806303606F
:10A7100003689A0444BF43F4006303607047F7B5CD
:10A7200006460D46202D2F46A8BF2027002168464B
:10A73000FDF71AFA044670B93A4631466846FDF705
:10A7400065FA10F1520F044608D0431CF4D0684655
:10A7500000F0BFF834B1204603B0F0BD684600F009
:10A76000B8F8E3E7EC1B3E44F5D02546DAE707B539
:10A7700001A9FCF7F3FF003818BF012003B05DF812
:10A7800004FBCA0448BF41F480618B0448BF41F414
:10A7900000618160704730B589B0054618220C46CB
:10A7A00001A8002100F06CF9012344EA052401A965
:10A7B000BA2007940593FCF78BFF002818BF6FF0B1
:10A7C000920009B030BDF7B5BA2001A9FCF7C6FF69
:10A7D000044610B1002003B0F0BD019D2F0AEDB278
:10A7E000AC4205D1BA20FCF79FFF0028F2D008E068
:10A7F000E6193046FCF798FF30B13046FFF7B7FF57
:10A8000010B96FF09200E6E70134E9E708B5F820E7
:10A81000FFF7ADFF18B9F920FFF7A9FF10B16FF0EE
:10A82000920008BDF820FCF771FF0028F7D1F9204D
:10A83000FCF76CFF0028F4D0F1E738B5BFF35F8F69
:10A840004FF0A344E569BFF35F8FBFF35F8F102321
:10A850006363BFF35F8F012000F092F8BFF35F8F57
:10A8600000236363BFF35F8FBFF35F8FE36BBFF3BF
:10A870005F8F5B06F8D425B1BFF35F8FE561BFF34F
:10A880005F8F38BD08B5FDF7B5FA30B9BFF35F8FFC
:10A890004FF0A343986ABFF35F8FBFF35F8F4FF012
:10A8A000A342D36BBFF35F8F10F0240F03F0230399
:10A8B00004D0FFF7C2FF6FF01F0008BD4FF0FF305C
:10A8C000002BFAD1BFF35F8F1063BFF35F8F184681
:10A8D000F3E710B5037804461BB1FCF751FD0023E4
:10A8E0002370002010BD022203689A607047C0F3F5
:10A8F0000B03482B4B6028BF482310F4003F8B60AC
:10A9000008BF0023CB6010F4803308BFC1E90133D6
:10A9100000F47003B3F5700F14BF00238B68002898
:10A920004FF0010C4FF008028B60B8BF0023C1E963
:10A9300005C2B8BFC1E905337047FBF799BA4FF0BC
:10A94000FF324FF0FF33FBF71BBA4FF0FF324FF0EF
:10A95000FF33FBF715BAFBF78BBA00F074B807B5F5
:10A960004FF0FF334FF0FF32CDE90023002200F01B
:10A9700077F803B05DF804FB00F06EB800F068B83B
:10A98000FFF7ACBC2DE9F3470446DDE90A9815460C
:10A990000E4659B302F0010AFBF7C6FE0746EFF375
:10A9A0001181202383F31288BFF36F8FA80744BF60
:10A9B0000023A360A36803EA0600BAF1000F0CD0DD
:10A9C00086420CD16A0744BF8343A36081F3118898
:10A9D000BFF36F8F02B0BDE8F0870028F2D159EACB
:10A9E000080305D181F31188BFF36F8F0020F1E7D1
:10A9F000C7E91A652246CDE9009804F10C00FBF77F
:10AA0000B7FC0028F2D1B86EE4E710B54B68D0E986
:10AA10001A4212F0010F03EA040301D09C4210D144
:10AA20007BB18366520744BF8A681A430B6848BFEC
:10AA30008A6043660123086080F870301830FFF7A1
:10AA4000B6FC002010BD0023C0E900008360704701
:10AA50004FF0FF32FDF71ABA0A460021FDF716BA89
:10AA60005200FFF78FBF0A44431E914200D1704746
:10AA700010B511F8014B914203F8014FF9D110BD07
:10AA800002440346934200D1704703F8011BF9E7E3
:10AA900010B50139044632B111F8013F013A00F80E
:10AAA000013B002BF7D10021FFF7EAFF204610BD44
:10AAB0000246014410B58A42134603D01C78013285
:10AAC000002CF8D1181A10BDF0B5C3F137070446B1
:10AAD00003F01F031046FFB2082BE6B232D0102B52
:10AAE0003DD06508A40845EAC17544EA81748A0826
:10AAF0002D1942EB5102290941EA02716D1842EB0E
:10AB00001212290A41EA02616D1842EB1222290C45
:10AB100041EA02416D1842EB1242AD1842F10002C7
:10AB2000EC0844EA4274D10804EB8402A6EB420527
:10AB3000EDB2092D0CD90134A5F10A0541F100014E
:10AB4000EDB212E0E40806F0070544EA4174C908D2
:10AB5000303554EA010200F8015BBDD1F0BD240993
:10AB600006F00F0544EA01740909092D84BFED19A7
:10AB7000EDB2EDE7D1E9043293421EBF5A1C0A61DF
:10AB8000187070470148006870470000F00E002000
:10AB9000C059FF7F010000002D3D000000000000B3
:10ABA000092D000000000000D12D00000000000071
:10ABB0000000000020AC0000256E00000000000036
:10ABC0000000000060AC00000000000040AC00008D
:10ABD0000000000080AC000000000000A0AC0000FD
:10ABE0006131000000000000E3960000000000005A
:10ABF000F914000000000000E52C00000000000037
:10AC0000496E00000000000000000000E0AC000001
:10AC100000000000C0AC0000F7960000000000003B
:10AC200076C40000C8B70000D8B50000F4030020C7
:10AC3000380F0020E12E000000000000000000009E
:10AC40009DC40000ECB70000A8B50000F60300208A
:10AC50008C0F002085330000000000000000000081
:10AC6000A9C4000000B80000A8B50000F803002047
:10AC7000980F002085330000000000000000000055
:10AC8000B4C4000014B80000A8B50000FA03002006
:10AC9000A40F002085330000000000000000000029
:10ACA000C8C4000034B80000F4B50000FC03002064
:10ACB000B00F00201F930000199300000000000057
:10ACC0009DC60000A8B80000CCB50000FE0300201F
:10ACD0000C0200201D370000579400000000000007
:10ACE000A7C6000028B90000CCB500000004002071
:10ACF000B80200201D37000057940000000000003B
:10AD0000000000003D900000000000003D900000A9
:10AD1000000000003D900000000000003D90000099
:10AD2000000000003D900000000000003D90000089
:10AD3000000000003D900000000000003D90000079
:10AD4000000000003D900000000000003D90000069
:10AD5000000000003D900000000000003D90000059
:10AD6000000000003D900000000000003D90000049
:10AD7000000000003D900000000000003D90000039
:10AD8000000000003D900000000000003D90000029
:10AD9000000000003D900000000000003D90000019
:10ADA000000000003D900000000000003D90000009
:10ADB000000000003D900000000000003D900000F9
:10ADC000000000003D900000000000003D900000E9
:10ADD000000000003D900000000000003D900000D9
:10ADE000000000003D900000000000003D900000C9
:10ADF000000000003D900000000000003D900000B9
:10AE0000000000003D900000000000003D900000A8
:10AE1000000000003D900000000000003D90000098
:10AE2000000000003D900000000000003D90000088
:10AE3000000000003D900000000000003D90000078
:10AE4000000000003D900000000000003D90000068
:10AE5000000000003D900000000000003D90000058
:10AE6000000000003D900000000000003D90000048
:10AE7000000000003D900000000000003D90000038
:10AE8000000000003D900000000000003D90000028
:10AE9000000000003D900000000000003D90000018
:10AEA000000000003D900000000000003D90000008
:10AEB000000000003D900000000000003D900000F8
:10AEC000000000003D900000000000003D900000E8
:10AED000000000003D900000000000003D900000D8
:10AEE000000000003D900000000000003D900000C8
:10AEF000000000003D900000000000003D900000B8
:10AF0000000000003D900000000000003D900000A7
:10AF1000000000003D900000000000003D90000097
:10AF2000000000003D900000000000003D90000087
:10AF3000000000003D900000000000003D90000077
:10AF400000000000657D0000000000003D90000052
:10AF5000B8020020C99F0000000000003D900000E2
:10AF6000000000003D900000000000003D90000047
:10AF7000000000003D900000000000003D90000037
:10AF8000000000003D900000000000003D90000027
:10AF9000000000003D900000000000003D90000017
:10AFA000000000003D900000000000003D90000007
:10AFB000000000003D900000000000003D900000F7
:10AFC000000000003D900000000000003D900000E7
:10AFD000000000003D900000000000003D900000D7
:10AFE000000000003D900000000000003D900000C7
:10AFF000000000003D900000000000003D900000B7
:10B00000000000003D900000000000003D900000A6
:10B01000000000003D900000000000003D90000096
:10B02000000000003D900000000000003D90000086
:10B03000000000003D900000000000003D90000076
:10B04000000000003D900000000000003D90000066
:10B05000000000003D900000000000003D90000056
:10B06000000000003D900000000000003D90000046
:10B07000000000003D900000000000003D90000036
:10B08000000000003D900000000000003D90000026
:10B09000000000003D900000000000003D90000016
:10B0A000000000003D900000000000003D90000006
:10B0B000000000003D900000000000003D900000F6
:10B0C000000000003D900000000000003D900000E6
:10B0D000000000003D900000000000003D900000D6
:10B0E000000000003D900000000000003D900000C6
:10B0F000000000003D900000000000003D900000B6
:10B10000000000003D900000000000003D900000A5
:10B11000000000003D900000000000003D90000095
:10B12000000000003D900000000000003D90000085
:10B13000000000003D900000000000003D90000075
:10B14000000000003D900000000000003D90000065
:10B15000000000003D900000000000003D90000055
:10B16000000000003D900000000000003D90000045
:10B17000000000003D900000000000003D90000035
:10B18000000000003D900000000000003D90000025
:10B19000000000003D900000000000003D90000015
:10B1A000000000003D900000000000003D90000005
:10B1B000000000003D900000000000003D900000F5
:10B1C000000000003D900000000000003D900000E5
:10B1D000000000003D900000000000003D900000D5
:10B1E000000000003D900000000000003D900000C5
:10B1F000000000003D900000000000003D900000B5
:10B20000000000003D900000000000003D900000A4
:10B21000000000003D900000000000003D90000094
:10B22000000000003D900000000000003D90000084
:10B23000000000003D900000000000003D90000074
:10B24000000000003D900000000000003D90000064
:10B25000000000003D900000000000003D90000054
:10B26000000000003D900000000000003D90000044
:10B27000000000003D900000000000003D90000034
:10B28000000000003D900000000000003D90000024
:10B29000000000003D900000000000003D90000014
:10B2A000000000003D900000000000003D90000004
:10B2B000000000003D900000000000003D900000F4
:10B2C000000000003D900000000000003D900000E4
:10B2D000000000003D900000000000003D900000D4
:10B2E000000000003D900000000000003D900000C4
:10B2F000000000003D900000000000003D900000B4
:10B30000000000003D900000000000003D900000A3
:10B31000000000003D900000000000003D90000093
:10B32000000000003D900000000000003D90000083
:10B33000A0AC0000BD920000000000003D900000A5
:10B340000C020020C99F0000000000003D9000009A
:10B35000000000003D900000000000003D90000053
:10B36000000000003D900000000000003D90000043
:10B37000000000003D900000000000003D90000033
:10B38000000000003D900000000000003D90000023
:10B39000000000003D900000000000003D90000013
:10B3A000000000003D9000000954000015970000C7
:10B3B000000000003D900000000000003D900000F3
:10B3C000000000003D900000000000003D900000E3
:10B3D000000000003D9000009401002093920000C6
:10B3E000000000003D900000000000003D900000C3
:10B3F000000000003D900000000000003D900000B3
:10B40000000000003D900000000000003D900000A2
:10B41000000000003D900000000000003D90000092
:10B42000A14C000015970000000000003D900000B6
:10B43000000000003D900000000000003D90000072
:10B44000000000003D900000000000003D90000062
:10B45000000000003D900000000000003D90000052
:10B46000000000003D900000000000003D90000042
:10B47000000000003D900000000000003D90000032
:10B48000000000003D900000000000003D90000022
:10B49000000000003D900000000000003D90000012
:10B4A000000000003D900000000000003D90000002
:10B4B000000000003D900000000000003D900000F2
:10B4C000000000003D900000000000003D900000E2
:10B4D000000000003D900000000000003D900000D2
:10B4E000000000003D900000000000003D900000C2
:10B4F000000000003D900000000000003D900000B2
:10B50000000000003D900000000000003D900000A1
:10B51000000000003D900000000000003D90000091
:10B52000000000003D9000003198000015970000D9
:10B53000000000003D900000000000003D90000071
:10B54000000000003D900000000000003D90000061
:10B55000000000003D900000000000003D90000051
:10B56000000000003D9000001C01002093920000AC
:10B57000000000003D9000001005002098170020FA
:10B5800000080000E90800000000000000000000C2
:10B5900000000000050000000000000064BD000085
:10B5A0000000000000000000B1310000F99100002F
:10B5B0000592000019920000239200002D920000D5
:10B5C000CD330000419200000000000031960000E1
:10B5D0001B960000DB940000392F000057910000FB
:10B5E000B791000000000000F5900000000000008E
:10B5F00000000000D592000069360000C7920000EC
:10B600006CBD0000040000006BC4000003000000DB
:10B6100021BE0000030000008FC4000003000000F2
:10B62000B8C70000030000003ABE0000030000009D
:10B630003EBE00000300000066BF000003000000E3
:10B64000E8C3000003000000ACC7000003000000D6
:10B6500067C4000003000000B1C600000300000042
:10B66000D3C40000030000006CB7000004010020F8
:10B6700055BF000001000000040000000F000000A2
:10B68000010000000800000020000000740000001D
:10B69000840000000D0000000C0000000E000000FF
:10B6A0005000000088000000BC000000FFFFFFFF0A
:0CB6B000FFFFFFFFFFFFFFFFFFFFFFFF9A
:10B6C00040420F00000007000000000000A01050E2
:10B6D00000820D5000040550050000000400000029
:10B6E0000100000000000000000000000000000059
:10B6F0000338FDD870470000000000000000000083
:10B700000338FDD870470000A006002000010000AB
:10B71000938D00003D8D0000020000003B8F000073
:10B720000000000000000000000000000000000019
:10B7300035BF00003DBF0000000000000000000019
:10B740000000000045BF000049BF00004DBF0000E1
:10B7500051BF00005CB70000C40E0020211F000094
:10B76000E40E00206E17002001000000F98F000099
:10B77000EF8F0000BD8F0000B18F000000000000BF
:10B78000A58F000000000000400000200000000025
:10B7900006000100020000009CB70000000000004D
:10B7A00058C4000006000000E04F16000000002012
:10B7B00060C4000021000000E0EF02209D2E000088
:10B7C0006D2E000000000000F52F0000752F000016
:10B7D00083C40000E1910000DD91000089C40000F5
:10B7E00000A0105000820D50000405501F00000002
:10B7F00000A010501C01002000000000000000000C
:10B80000FFFF000000820D509401002000000000A6
:10B8100001000000FF0700000004055000000000C8
:10B82000000000000200000000A0105000820D5037
:10B830000004055000600C500000000000000000F3
:10B8400060B8000000C201000000D6010000000046
:10B850000000004000000000711700207017002059
:10B8600000600C506CB80000020000008CB80000B2
:10B87000040000007CB800000401000024800000E7
:10B88000258000012680000227800003240000009C
:10B8900026000002250600012706000300A0105024
:10B8A00000820D500004055000127A0000000000D4
:10B8B0000000000000000000FFFFFFFF0000FF008D
:10B8C0000000000000000000FFFFFFFF010000017A
:10B8D00001000000E1930000FFFF0000ECB8000051
:10B8E00000000000FFFFFFFF0000000000800C5080
:10B8F000F8B800000200000014B9000003000000C6
:10B9000008B90000030100002B8000042D80000511
:10B91000308000062B0000042D00000530000006DA
:10B9200060AC00000E0001000048E80100000000CB
:10B930000000000000000000FFFFFFFF0000FF000C
:10B940000000000000000000FFFFFFFF01000001F9
:10B9500001000000D7930000FFFF00006CB9000059
:10B9600000000000FFFFFFFF0000000000A00450E7
:10B9700078B900000200000094B900000300000044
:10B9800088B90000030100004180000442800005E6
:10B990004480000641000004420000054400000607
:10B9A00080AC00000500010000A0105000820D5086
:10B9B0000004055068BA00000100000064BA0000ED
:10B9C0000100000060BA0000010000005CBA000045
:10B9D0000100000050BA00000300000044BA00005B
:10B9E0000300000030BA00000500000024BA000087
:10B9F0000300000010BA00000500000004BA0000B7
:10BA0000030000008CBA0000DCBA00009CBA000001
:10BA10007CBA0000BCBA00008CBA0000DCBA00009E
:10BA20009CBA00007CBA0000BCBA00008CBA0000CE
:10BA30006CBA0000CCBA00008CBA0000DCBA00007E
:10BA40009CBA00006CBA0000CCBA00008CBA0000AE
:10BA50006CBA0000ACBA00007CBA00009CBA0000CE
:10BA60008CBA00007CBA00006CBA00000000000034
:10BA7000D00F0020C00F0020002004500001000063
:10BA8000D40F0020C40F0020002008500002000046
:10BA9000D80F0020C80F002000200C500003000029
:10BAA000DC0F0020CC0F002000201050010400000B
:10BAB000E00F002000300450003008500105000065
:10BAC000E40F00200040085000400C500106000028
:10BAD000E80F00200040045000300C500107000027
:10BAE000EC0F002000500C500030105000A01050FF
:10BAF00000820D5000040550080000000200000004
:10BB0000040000000100000000300000FFFFFFFF04
:10BB100000100000002000002400000025000000AC
:10BB200026000000270000002B0000002C00000071
:10BB30002D0000002E00000000A0105000820D50CB
:10BB40000004055058C7000066C700007AC700000F
:10BB500089C7000095C7000098AB0000A0AB0000AB
:10BB6000E8AB0000F0AB000020AC000020AC00000F
:10BB7000AFC700000001000000000000000100004D
:10BB80000002000000140000002800000040000037
:10BB900001000000020000006E7266785F73616150
:10BBA00064635F6275666665725F73657420657253
:10BBB000726F723A20253038782020696E697400DF
:10BBC000534141444320627566666572206174206A
:10BBD000307825782066696C6C65642077697468B4
:10BBE0002025642073616D706C6573004156473D7C
:10BBF00025642C204D494E3D25642C204D41583D57
:10BC0000256400556E68616E646C65642053414123
:10BC1000444320657674202564007370695F7772F1
:10BC20006974655F64742829206661696C65642C99
:10BC3000206572723A20256400535049206465766D
:10BC4000696365206E6F74207265616479006E723D
:10BC500066785F74696D65725F696E69742065727C
:10BC6000726F723A2025303878006E7266785F7392
:10BC7000616164635F696E6974206572726F723AA4
:10BC80002025303878006E7266785F736161646376
:10BC90005F6368616E6E656C735F636F6E66696724
:10BCA000206572726F72203A2025303878006E72EB
:10BCB00066785F73616164635F616476616E63651A
:10BCC000645F6D6F64655F736574206572726F7217
:10BCD0003A2025303878006E7266785F736161644F
:10BCE000635F6275666665725F7365742065727204
:10BCF0006F723A20253038782031006E7266785F96
:10BD000073616164635F6275666665725F736574B3
:10BD1000206572726F723A20253038782032006EBA
:10BD20007266785F73616164635F6D6F64655F7491
:10BD3000726967676572206572726F723A2025308A
:10BD40003878006E7266785F677070695F636F6ED7
:10BD50006E5F616C6C6F63206572726F723A202542
:10BD6000303878007370695F746964004C65737370
:10BD70006F6E365F45786572636973653300287549
:10BD80006E7369676E6564292063686172202A207A
:10BD90007573656420666F72202525702061726757
:10BDA000756D656E742E2049742773207265636FFC
:10BDB0006D6D656E64656420746F206361737420BB
:10BDC000697420746F20766F6964202A206265632D
:10BDD00061757365206974206D6179206361757385
:10BDE00065206D69736265686176696F7220696E3E
:10BDF000206365727461696E20636F6E6669677532
:10BE0000726174696F6E732E20537472696E673A33
:10BE10002225732220617267756D656E743A256400
:10BE20000063627072696E74665F7061636B6167F4
:10BE300065006C6F6767696E67006C6F67006C6F99
:10BE4000675F6D676D74004D65737361676520286A
:10BE500022257322292064726F70706564206265E8
:10BE600063617573652069742065786365656473C3
:10BE70002073697A65206C696D69746174696F6E8D
:10BE80002028257529004D657373616765206472EC
:10BE90006F70706564206265636175736520697495
:10BEA00020657863656564732073697A65206C69C1
:10BEB0006D69746174696F6E2028257529000D0AFB
:10BEC000001B5B306D00257320005B2530386C75DE
:10BED0005D20005B253032753A253032753A2530C9
:10BEE00032752E253033752C253033755D200025B5
:10BEF000732F003C25733E200025733A2000253027
:10BF000032782000202020007C00256300206D6511
:10BF10007373616765732064726F70706564202D40
:10BF20002D2D0D0A1B5B306D001B5B313B33316DDA
:10BF30002D2D2D20001B5B313B33316D001B5B3100
:10BF40003B33336D006572720077726E00696E6606
:10BF500000646267006C6F675F6261636B656E644B
:10BF60005F75617274006C6F675F75617274002A2F
:10BF70002A2A20426F6F74696E67206E52462043F2
:10BF80006F6E6E6563742053444B2076332E322ED1
:10BF9000312D643838383766366633326466202A85
:10BFA0002A2A0A002A2A2A205573696E67205A65B0
:10BFB00070687972204F532076342E322E39392D05
:10BFC000656337383130346631353639202A2A2ACC
:10BFD0000A0072302F61313A2020307825303878CD
:10BFE000202072312F61323A202030782530387885
:10BFF000202072322F61333A202030782530387873
:10C000000072332F61343A20203078253038782080
:10C010007231322F69703A202030782530387820FC
:10C020007231342F6C723A20203078253038780005
:10C0300020787073723A20203078253038780046A6
:10C0400061756C74696E6720696E73747275637460
:10C05000696F6E2061646472657373202872313574
:10C060002F7063293A2030782530387800556E6873
:10C07000616E646C6564204952516E3A20256400FB
:10C080002A2A2A2A2A204D5055204641554C542010
:10C090002A2A2A2A2A002020537461636B696E675A
:10C0A000206572726F722028636F6E7465787420D9
:10C0B00061726561206D69676874206265206E6FCA
:10C0C000742076616C696429002020556E73746158
:10C0D000636B696E67206572726F72002020446125
:10C0E0007461204163636573732056696F6C61747A
:10C0F000696F6E0020204D4D4641522041646472AC
:10C100006573733A2030782578002020496E737467
:10C1100072756374696F6E20416363657373205633
:10C12000696F6C6174696F6E002020466C6F61747A
:10C13000696E672D706F696E74206C617A792073F7
:10C140007461746520707265736572766174696F6D
:10C150006E206572726F72002A2A2A2A2A2055538D
:10C16000414745204641554C54202A2A2A2A2A0074
:10C1700020204469766973696F6E206279207A6540
:10C18000726F002020556E616C69676E6564206D6A
:10C19000656D6F727920616363657373002020534E
:10C1A0007461636B206F766572666C6F77202863AD
:10C1B0006F6E746578742061726561206E6F742093
:10C1C00076616C6964290020204E6F20636F707265
:10C1D0006F636573736F7220696E737472756374C5
:10C1E000696F6E73002020496C6C6567616C206C10
:10C1F0006F6164206F66204558435F524554555225
:10C200004E20696E746F205043002020496C6C658D
:10C2100067616C20757365206F66207468652045C2
:10C22000505352002020417474656D707420746FF7
:10C23000206578656375746520756E646566696EE2
:10C24000656420696E737472756374696F6E002A19
:10C250002A2A2A2A20425553204641554C54202A46
:10C260002A2A2A2A002020537461636B696E672092
:10C270006572726F72002020507265636973652069
:10C280006461746120627573206572726F72002040
:10C29000204246415220416464726573733A2030F3
:10C2A000782578002020496D707265636973652078
:10C2B0006461746120627573206572726F72002010
:10C2C00020496E737472756374696F6E2062757342
:10C2D000206572726F7200526573657276656420B4
:10C2E000457863657074696F6E20280053707572AD
:10C2F000696F757320696E74657272757074202829
:10C300004952512000535053454C20696E207468A7
:10C3100072656164206D6F646520646F6573206E63
:10C320006F7420696E6469636174652050535000B6
:10C330002A2A2A2A2A2048415244204641554C5450
:10C34000202A2A2A2A2A0020204275732066617535
:10C350006C74206F6E20766563746F7220746162F6
:10C360006C652072656164002020446562756720F9
:10C370006576656E740020204661756C7420657367
:10C3800063616C6174696F6E2028736565206265F6
:10C390006C6F772900415243485F455843455054DC
:10C3A000207769746820726561736F6E2025780A42
:10C3B000002A2A2A2A2A204465627567206D6F6E3A
:10C3C00069746F7220657863657074696F6E202A76
:10C3D0002A2A2A2A002A2A2A2A2A20257320256482
:10C3E00029202A2A2A2A2A006D7075004661696C64
:10C3F000656420746F20616C6C6F63617465206E7E
:10C400006577204D505520726567696F6E202575E0
:10C410000A00506172746974696F6E2025753A2044
:10C4200073616E69747920636865636B2066616906
:10C430006C65642E00496E76616C696420756E646B
:10C4400065726C79696E6720726567696F6E2069C5
:10C450006E64657820257500464C4153485F300076
:10C460005352414D5F3000736F63006361636865D1
:10C470005F6E72667800636C6F636B40313065305D
:10C480003030006866636C6B006C66636C6B0063D5
:10C490006C6F636B5F636F6E74726F6C0067706953
:10C4A0006F40313061303030006770696F40643800
:10C4B000323030006770696F403530343030000002
:10C4C000010405020608090F756172744063363075
:10C4D000303000756172745F6E7266785F7561727C
:10C4E0007465004661696C656420746F20616C6CD2
:10C4F0006F63617465204750494F544520636861FC
:10C500006E6E656C20666F722057414B4500466128
:10C51000696C656420746F20636F6E6669677572FD
:10C52000652057414B452070696E004353204750AA
:10C53000494F20706F72742025732070696E20251A
:10C5400064206973206E6F74207265616479005590
:10C5500070646174652065786365656473206375D4
:10C560007272656E74206275666665720048616CF1
:10C57000662D6475706C6578206E6F7420737570AD
:10C58000706F7274656400536C617665206D6F64C2
:10C5900065206973206E6F7420737570706F72748C
:10C5A0006564206F6E202573004C6F6F706261634D
:10C5B0006B206D6F6465206973206E6F74207375D6
:10C5C00070706F7274656400576F72642073697A5B
:10C5D0006573206F74686572207468616E203820FE
:10C5E0006269747320617265206E6F742073757058
:10C5F000706F72746564004672657175656E63690B
:10C600006573206C6F776572207468616E203132BB
:10C6100035206B487A20617265206E6F74207375C7
:10C6200070706F72746564004661696C6564207433
:10C630006F20696E697469616C697A65206E7266D3
:10C6400078206472697665723A20256400576169C2
:10C6500074696E6720666F722057414B4520616395
:10C660006B6E6F776C6564676D656E742074696D51
:10C670006564206F75740054696D656F75742077FB
:10C68000616974696E6720666F72207472616E737F
:10C6900066657220636F6D706C6574650073706998
:10C6A000406338303030007370694034613030306E
:10C6B000007370695F6E7266785F7370696D0000F9
:10C6C0000718232323232323232323232323230084
:10C6D000010248616C74696E672073797374656DCB
:10C6E00000556E6B6E6F776E206572726F7200759B
:10C6F0006E6B6E6F776E003E3E3E205A4550485935
:10C700005220464154414C204552524F52202564FC
:10C710003A202573206F6E20435055202564004633
:10C7200061756C7420647572696E6720696E7465DA
:10C7300072727570742068616E646C696E670A004D
:10C7400043757272656E74207468726561643A2014
:10C75000257020282573290043505520657863658E
:10C760007074696F6E00556E68616E646C656420EC
:10C77000696E7465727275707400537461636B20B6
:10C780006F766572666C6F77004B65726E656C20B4
:10C790006F6F7073004B65726E656C2070616E69AF
:10C7A000630069646C65006D61696E006F7300738E
:10C7B0007973776F726B710063726163656E0028C5
:10C7C0006E756C6C29002A666C6F61742A0000001B
:10C7D00000000000670000000000000000000000F2
:10C7E0000000000000000000000000000000000049
:10C7F0000000000000000000000000000000000039
:10C800000000000000000000000000000000000028
:10C810000000000000000000000000000000000018
:10C820000000000000000000000000000000000008
:10C8300000000000000000000000000000000000F8
:10C8400000000000000000000000000000000000E8
:10C8500000000000000000000000000000000000D8
:10C860000200000000C00C500000000000000000AA
:10C8700000000000C0AC000040420F0000010000BA
:10C8800060AC00000E00010000000000798600008E
:10C890005D8D000054B700000000000000000000A3
:10C8A000EB900000000000000000000000C01050ED
:10C8B0000000000000000000000000000000000078
:10C8C0000000000000000000000000000000000068
:10C8D0000000000000000000000000000000000058
:10C8E0000000000000000000000000000000000048
:10C8F0000000000000000000000000000000000038
:10C900000000000000000000000000000000000027
:10C910000000000000000000000000000000000017
:10C920000001000000A00D50000000000000000009
:10C9300000000000000000000000000000000000F7
:10C9400000000000000000000000000000000000E7
:10C9500000000000000000000000000000000000D7
:10C9600000000000000000000000000000000000C7
:10C9700000000000000000000000000000000000B7
:10C9800000000000000000000000000000000000A7
:10C9900000000000000000000000000000800C50BB
:10C9A0000000000000000000000000000000000087
:10C9B0000000000000000000000000000000000077
:10C9C00000000000000000000000000020B900008E
:10C9D000010000004402002044020020000000008A
:10C9E0000100000054020020540200205C020020DC
:10C9F0005C02002000000000010000006C0200202A
:10CA00006C02002000000000000000000000000098
:10CA10000000000000000000000000000000000016
:10CA20000000000000000000000000000000000006
:10CA300000000000C0AC000000000000000000008A
:10CA40007A1700207217002000A004500000000098
:10CA500000000000000000000000000000000000D6
:10CA600000000000000000000000000000000000C6
:10CA70000000000000000000A0B90000010000005C
:10CA8000F0020020F0020020000000000100000081
:10CA900000030020000300200803002008030020FA
:10CAA000000000000100000018030020180300200F
:10CAB0000000000000000000000000000000000076
:10CAC0000000000000000000000000000000000066
:10CAD0000000000000000000000000000000000056
:10CAE000E0AC000000000000000000008A170020F9
:10CAF00082170020E93C000000000000FF00000059
:10CB00000090D0039C0300209003002088030020A5
:10CB100084030020CCB90000C4B90000FCB90000B7
:10CB2000BCB90000ECB90000F4B90000B4B90000D1
:10CB3000D4B90000DCB90000E4B90000FF00000037
:10CB40000F00000071020000B8030020B8030020AD
:10CB5000D7A5000081AA00006774200048040020C7
:10CB6000700400205C04002000050020F404002074
:10CB70003BA900003FA9000001004F000000000099
:10CB800004FF0000000000000000000000000000A2
:10CB90000000000000000000000000000000000095
:10CBA0000000000000000000000000000000000085
:10CBB0000000000000000000000000000000000075
:10CBC0000000000000000000000000000000000065
:10CBD000000000000000000048040020480400207D
:10CBE00000000000000000000E0000005C040020B7
:10CBF0005C04002000000000000000000E000000A7
:10CC000070040020700400200000000000000000FC
:10CC10000E000000840400208404002000000000B6
:10CC2000000000000E00000098040020980400207E
:10CC300000000000000000000E000000AC04002016
:10CC4000AC0400200400000004000000D8330020E1
:10CC5000E8330020D8330020D83300200000000043
:10CC6000D0040020D004002000000000DC040020DC
:10CC7000DC0400200000000001000000EC040020A3
:10CC8000EC040020F4040020F40400200000000064
:10CC900000050020000500200000000015E015E060
:00000001FF
