:10000000F8A10020F52300002B8A0000E123000066
:10001000E1230000E1230000E1230000E1230000D0
:10002000000000000000000000000000612500004A
:10003000E123000000000000F9240000E12300009B
:10004000FD260000FD260000FD260000FD26000024
:10005000FD260000FD260000FD260000FD26000014
:10006000FD260000FD260000FD260000FD26000004
:10007000FD260000FD260000FD260000FD260000F4
:10008000FD260000FD260000FD260000FD260000E4
:10009000FD260000FD260000FD260000FD260000D4
:1000A000FD260000FD260000FD260000FD260000C4
:1000B000FD260000FD260000FD260000FD260000B4
:1000C000FD260000FD260000FD260000FD260000A4
:1000D000FD260000FD260000FD260000FD26000094
:1000E000FD260000FD260000FD260000FD26000084
:1000F000FD260000FD260000FD260000FD26000074
:10010000FD260000FD260000FD260000FD26000063
:10011000FD260000FD260000FD260000FD26000053
:10012000FD260000FD260000FD260000FD26000043
:10013000FD260000FD260000FD260000FD26000033
:10014000FD260000FD260000FD260000FD26000023
:10015000FD260000FD260000FD260000FD26000013
:10016000FD260000FD260000FD260000FD26000003
:10017000FD260000FD260000FD260000FD260000F3
:10018000FD260000FD260000FD260000FD260000E3
:10019000FD260000FD260000FD260000FD260000D3
:1001A000FD260000FD260000FD260000FD260000C3
:1001B000FD260000FD260000FD260000FD260000B3
:1001C000FD260000FD260000FD260000FD260000A3
:1001D000FD260000FD260000FD260000FD26000093
:1001E000FD260000FD260000FD260000FD26000083
:1001F000FD260000FD260000FD260000FD26000073
:10020000FD260000FD260000FD260000FD26000062
:10021000FD260000FD260000FD260000FD26000052
:10022000FD260000FD260000FD260000FD26000042
:10023000FD260000FD260000FD260000FD26000032
:10024000FD260000FD260000FD260000FD26000022
:10025000FD260000FD260000FD260000FD26000012
:10026000FD260000FD260000FD260000FD26000002
:10027000FD260000FD260000FD260000FD260000F2
:10028000FD260000FD260000FD260000FD260000E2
:10029000FD260000FD260000FD260000FD260000D2
:1002A000FD260000FD260000FD260000FD260000C2
:1002B000FD260000FD260000FD260000FD260000B2
:1002C000FD260000FD260000FD260000FD260000A2
:1002D000FD260000FD260000FD260000FD26000092
:1002E000FD260000FD260000FD260000FD26000082
:1002F000FD260000FD260000FD260000FD26000072
:10030000FD260000FD260000FD260000FD26000061
:10031000FD260000FD260000FD260000FD26000051
:10032000FD260000FD260000FD260000FD26000041
:10033000FD260000FD260000FD260000FD26000031
:10034000FD260000FD260000FD260000FD26000021
:10035000FD260000FD260000FD260000FD26000011
:10036000FD260000FD260000FD260000FD26000001
:10037000FD260000FD260000FD260000FD260000F1
:10038000FD260000FD260000FD260000FD260000E1
:10039000FD260000FD260000FD260000FD260000D1
:1003A000FD260000FD260000FD260000FD260000C1
:1003B000FD260000FD260000FD260000FD260000B1
:1003C000FD260000FD260000FD260000FD260000A1
:1003D000FD260000FD260000FD260000FD26000091
:1003E000FD260000FD260000FD260000FD26000081
:1003F000FD260000FD260000FD260000FD26000071
:10040000FD260000FD260000FD260000FD26000060
:10041000FD260000FD260000FD260000FD26000050
:10042000FD260000FD260000FD260000FD26000040
:10043000FD260000FD260000FD260000FD26000030
:10044000FD260000FD260000FD260000FD26000020
:10045000FD260000FD260000FD260000FD26000010
:10046000FD260000FD260000FD260000FD26000000
:0C047000FD260000FD260000FD26000017
:10047C0053B94AB9002908BF00281CBF4FF0FF31FF
:10048C004FF0FF3000F00CB8ADF1080C6DE904CE64
:10049C0000F010F8DDF804E0DDE9022304B0704749
:1004AC00704700BF034613F8012B002AFBD1181A22
:1004BC00013870472DE9F04786468C460846089E61
:1004CC00154674461946002B40F0C1808542B2FA9D
:1004DC0082F245D94AB1C2F1200300FA02FC9540E0
:1004EC0094402EFA03F343EA0C0C4FEA154EA8B2D3
:1004FC00230CBCFBFEF80EFB18CC08FB00F943EAFE
:10050C000C43994528D9EB1808F1FF3704D29945CB
:10051C0002D9A8F102072B44A3EB0903A4B2B3FB45
:10052C00FEFC0EFB1C330CFB00F044EA0344A0421F
:10053C0014D92C190CF1FF3304D2A04202D9ACF11E
:10054C0002032C44241A43EA07401EB1D440002372
:10055C0034607360BDE8F0874746DDE76346F1E73A
:10056C0092BB431B01214FEA154EAFB2200CB3FBDB
:10057C00FEFC0EFB1C330CFB07F840EA03439845CA
:10058C0061D9EB180CF1FF3004D2984502D9ACF1CB
:10059C0002002B44A3EB0803A4B2B3FBFEFC0EFB3E
:1005AC001C330CFB07F744EA0344A7424DD92C1922
:1005BC000CF1FF3304D2A74202D9ACF102032C4454
:1005CC00E41B43EA0040C0E7C2F12003954094408D
:1005DC0020FA03F12EFA03F34FEA154E9040AFB216
:1005EC000343B1FBFEFC0EFB1C10190C0CFB07F8B3
:1005FC0041EA0041884522D969180CF1FF3004D238
:10060C00884502D9ACF102002944A1EB08019BB248
:10061C00B1FBFEFC0EFB1C110CFB07F743EA01437C
:10062C009F420ED9EB180CF1FF3104D29F4202D934
:10063C00ACF102012B44DB1B41EA004193E760461D
:10064C00E3E76146F7E76046A4E76346B8E7834211
:10065C0006D916B9002108467CE7C6E900E0F9E79F
:10066C00B3FA83F78FB9834201D3724508D8BEEB36
:10067C00020460EB030301209C461EB9002169E7CC
:10068C003846FAE7C6E9004CF8E7C7F1200CBB4046
:10069C000EFA07F522FA0CF42EFA0CF1BA401C43B0
:1006AC0020FA0CF3B8404FEA144901431FFA84FEB8
:1006BC00B3FBF9F809FB18300B0C08FB0EFA43EAF4
:1006CC0000439A4540D9E31808F1FF3004D29A450B
:1006DC0002D9A8F102002344A3EB0A0389B2B3FBAD
:1006EC00F9F809FB183308FB0EFE41EA03418E456D
:1006FC002CD9611808F1FF3304D28E4502D9A8F128
:10070C000203214443EA0040A1EB0E01A0FB029836
:10071C004145CE46434602D306D14D4504D201385D
:10072C00B9EB020E68EB0403002EA7D0B5EB0E025A
:10073C0061EB030101FA0CFC22FA07F3F9404CEAD5
:10074C000303C6E9003199E74046C5E74346D9E7BC
:10075C0008B50C4B4FF4FA511868421C1A604FF450
:10076C007A52094B00F0010002FB003004F07EFCD1
:10077C00024628B1BDE808400449054807F057BBBC
:10078C0008BD00BF580C0020901400205CB3000082
:10079C00CCAD00001FB50378032B20D0042B18D050
:1007AC00ABB90289416852000192012200910E49B5
:1007BC00CDF808D051F8040B03928268146802AA91
:1007CC00A047021E03DA0949094807F030FB04B0C0
:1007DC0010BD084804B0BDE8104009F012B904B0CF
:1007EC00BDE81040FFF7B4BFE00000207EB300006E
:1007FC00CCAD0000D000002070B54B4C86B020680A
:10080C0009F04FF940B949480121494A08F03EF82E
:10081C006FF0120006B070BDE06818B109F041F934
:10082C000028F0D0434B03AC93E8070084E80700A2
:10083C0000222146404809F0D0F83F4E054640B30F
:10084C0002463E49394807F0F2FA00220121D52030
:10085C0001F0C2FE012004F045FB024630B33849DA
:10086C00324807F0E4FA306802AA364900F5A07065
:10087C0008F07AFC0246002846D033492B4807F092
:10088C00D6FA4FF0FF304FF0FF3105F0B3FD0020EA
:10089C00C0E74FF4FA71304604F07CFF01230246A6
:1008AC0029463046009509F0CAF8CEE707232748B9
:1008BC000121037004F05CFB024608B12449CFE728
:1008CC0003902246A08002210120224B04F07AFBE7
:1008DC00024608B12049C3E74FF4FA511F4804F00F
:1008EC00C5FB024608B11E49BAE74FF4FA511D4840
:1008FC0004F0BCFB02460028F5D104F0F9FB0246DB
:10090C000028B0D01849ABE722461849184808F01F
:10091C002BFC02460028B0D1029803F051FB03983F
:10092C0003F04EFBADE700BFE0000020CCAD0000B3
:10093C009DB3000090AE0000D0000020B2B30000C8
:10094C00CEB3000004500D505FB40000AC03002087
:10095C00EAB30000A107000012B4000090140020BC
:10096C005CB30000105300203BB4000000500D504D
:10097C0004510D502DE9F04F91B0009302F0040397
:10098C000293C2F3C2030133840705460E46DDF819
:10099C0068800392059340F0BB81041D30B1072998
:1009AC0009D86FF01B0011B0BDE8F08F01F00706FD
:1009BC003444C6F10806009B4FF000094FF0040ABE
:1009CC00591E4FF0FF334F460193CB465346CDF89B
:1009DC0010900DB1009A22600598002800F3E88071
:1009EC009848009A824203D397488242C0F0E08034
:1009FC00039AA4EB050E92074FEA9E0000F10381C7
:100A0C000F2F00F2B180002D00F0058107F140029C
:100A1C000DEB020C019A0CF8200C0CF8102C04981D
:100A2C0001300490E7E07A285DD84B280ED847288F
:100A3C0059D829282DD8252852D054D820287AD0F6
:100A4C002338D0F1000B4BEB000B74E04C382E2804
:100A5C0049D8DFE800F070484848484848484848BA
:100A6C0048484B484848484848484859484B4B59CF
:100A7C005959704B6D487048184B184848827F4B39
:100A8C0048484B487F0000204FF0000B4FF0040A01
:100A9C0038E001222A38C0B202FA00F010EA0E0F38
:100AAC0049D110F0625C2FD110EA020B43D06046A2
:100ABC00013C5444B4FBFAF40AFB04F4002D61D05D
:100ACC00A3EB050CA444B4453FF66BAF002868D1EA
:100ADC00042B47D158F8043B2360042304342AE048
:100AEC00019A013A01924FF0000B24E011F8010C2D
:100AFC006C2834D1002011F8023C83466C2BC5D1F4
:100B0C004FF0080A5346D3E708F1070828F0070806
:100B1C00073424F00704F8E802AB35B106982044FA
:100B2C00B0423FF63EAFC4E900AB4FF0000B0834C7
:100B3C004FF0080A534611F8010F002878D0BBF18A
:100B4C00000F7FF470AF2528F5D14FF0010B019BFE
:100B5C00013301934FF0040AECE7584694E7002068
:100B6C008346A5E7082B02D06FF015001BE708F1B0
:100B7C00070828F00708F8E80223C4E90023082333
:100B8C000834D8E768B9042B02D108F10408A4E7AB
:100B9C00082BE9D108F1070828F0070808F1080824
:100BAC00EDE7059A013A059258F8042B009210E7EC
:100BBC00039A900720D54FF0010CA4EB050E4FEAD9
:100BCC009E00BEF5007FCFD20F2FCDD8F5B107F127
:100BDC0040020DEB020E019AC0B20EF8200C0EF87A
:100BEC00102CBCF1000F3FF41AAF60F07F000EF830
:100BFC00200C09F101090137C5F108024FF6DA7E24
:100C0C000434069297E74FF0000CDAE7BCF1000FC2
:100C1C0001D00136EFE7029802360028EBD100989C
:100C2C00CDE90631FFF73EFCDDE906310644E2E78B
:100C3C00631BB3F5806F97D245B9A6F10804E01891
:100C4C00B1E600BFA8A30000DCBE0000029A9B081E
:100C5C0028602B709DF81030C2B1EB7085F80290B3
:100C6C00B9F1000F05D0002208A8C5F1010C97427C
:100C7C000ED14FF0000AC5F101030DF120080193CC
:100C8C000DF1300B574512D1601B8CE66B70E5E70C
:100C9C0010F8013B190608D50CEB040EB64503F011
:100CAC007F033FF67EAE04F8013B0132DFE7B9F17A
:100CBC00000F03D098F90020002A17DB029BD3B158
:100CCC001AF80B2004F8012B0022019B1819104470
:100CDC00B0423FF666AE98F80000009904F8010B9C
:100CEC002046039209F0C1FA039A14440AF1010A4E
:100CFC0008F10108C6E798F8002055F82230009357
:100D0C00029B009845F82230FFF7CCFB421CDCE735
:100D1C006FF00D0047E600BF2DE9F04F97B000AF24
:100D2C00D7F880B03B62CBF3C0030446894690F8F9
:100D3C0002A0FA62BB6141B9457800780AEB8000E9
:100D4C0020444D4517D8A0EB0409E378FB61BAF1B8
:100D5C00000F02D01BF0010F16D1FB6953BBFB6ACD
:100D6C001BB1494620463A6A98474D4628465C379F
:100D7C00BD46BDE8F08F461C3046FFF793FB0130B3
:100D8C00304409F10109DCE7626823787A62FA6A77
:100D9C009900796104EB8301002A40F001810E4631
:100DAC004FF000084D4601EB0A094E454CD101EBC2
:100DBC000A0610E01BF0020FD1D023789A007A615A
:100DCC00626804EB83017A62FA6A002A77D14D4695
:100DDC00904601EB0A061BF0050F0CBF0223012302
:100DEC00FB62FB6906EB430A0BF00203BB62564540
:100DFC00BCD016F8021B16F8013C54F82390994B02
:100E0C00994502D3984B994536D3BB69002B40D0FA
:100E1C00786A07F023F900283BD0E9468AB06A4685
:100E2C00924B53617B6AC2E906314FF40073138411
:100E3C008F4B42F8103F00234FF412518D4800F0B5
:100E4C0019FD023DCD46D2E716F8013BF96254F884
:100E5C002300FFF727FBD7F88430F96A01304BB138
:100E6C00D7F8883098453EBFD7F8843023F818005F
:100E7C0008F10108054498E7BB6923B1786A07F0CB
:100E8C00EDF80028C9D11BF0010F05D1FB6AED1A52
:100E9C00ADE7BB6A002BAAD04846FFF703FBD7F897
:100EAC00843053B1D7F8883098453FBFD7F88420A9
:100EBC00431C22F8183008F10108054497E7BAF1F1
:100ECC00000F73D01BF0040673D0D046002607F138
:100EDC00480052463B61B96209F0C7F9B96A3B69EF
:100EEC0001EB0A02BA62FA69F9695200FA60BA6A4D
:100EFC0002EB41023A610BF00202BA603A69B96A3C
:100F0C008A4258D162781BF0020F18BF00217A6216
:100F1C0008BF4FEA5801B2181BF0010FD2B240F0D3
:100F2C009F801BF0040F14BF40460020BB61627011
:100F3C00A070E17020463A6A7969FB6A9847051EF1
:100F4C00FFF614AFBB69414623707B6A3A6A637043
:100F5C00FB6984F802A0E37007F14800FB6A98472C
:100F6C00B0F10008C0F2BA807B69A9EB0A01C91A7A
:100F7C00FB683A6AC91AD7E90A0398470028C0F2F5
:100F8C00AF804FF0000BA84408EB000507F1380ABE
:100F9C00B34571D300213A6A0846FB6A9847E5E6E7
:100FAC0056464FF0000807F1380092E75646D046F7
:100FBC0096E7B04694E7BA6A12F8021B12F8015C85
:100FCC00BA6254F82500274A904202D3264A90422E
:100FDC001ED3BA6932B1786A7B6007F03FF87B6840
:100FEC0000288BD1BA6802BB08F1280207F1300C3B
:100FFC0008F10100944407F1580208F1020852FA72
:10100C0080F00CF8101C5FFA88F800F8105C75E79B
:10101C00BA693AB1786A7B6007F020F87B680028DF
:10102C007FF46CAF1BF0010F09D006F1280207F119
:10103C003000711C161806F8205CCEB25EE71BF06F
:10104C00040F3FF45BAF08F1280207F1300008F100
:10105C00010102EB000808F8105C5FFA81F84DE71B
:10106C00002063E7A8A30000DCBE000092B40000DF
:10107C0004000001DCAD00001BF80A3054F823908A
:10108C0087F83730D7F884302BB3D7F888309B45A6
:10109C0021D2D7F8843033F81B8001213A6AFB6ADD
:1010AC0007F13700984700281ADB0544B8F1000F08
:1010BC0006D14846FFF7F6F900F101081FFA88F847
:1010CC00414648463A6AFB6A9847002808DB0544C3
:1010DC000BF1010B5CE74FF00008DEE7454645E6F7
:1010EC00054643E6014B1860704700BFF80000202E
:1010FC0080B505460E461746984605F0CDF90346D1
:10110C0009F042F90446DFF81890424649F80030DD
:10111C0039463046A84754F8090001F0D1F900BF10
:10112C00080000002DE9F047058B0446280790467F
:10113C0011D4022905F0070540F0CC80204607F0B9
:10114C002DFA78B10138218B042811D8DFE800F092
:10115C00C2106D85950001290CBF45F0100545F0B6
:10116C002005258388F31188BFF36F8FBDE8F087C6
:10117C0001F0070AAA4500F0A5800027B9463E46B3
:10118C00A368002B00F0BC8041F00801218388F398
:10119C001188BFF36F8FA168002900F0BA800D6829
:1011AC00002900F0B680334652462046D1F8048020
:1011BC00C047002D76D02B6829461D46F0E701F07C
:1011CC0007035A1F012A1BD8002221F00701062B06
:1011DC00276889B2C4E9002209D13B4603E0628B3F
:1011EC00013262831B68002BF9D141F002012046C9
:1011FC00218307F0D3F900287AD041F0200176E062
:10120C00042B0AD121F0070189B22046218307F073
:10121C00C5F910B141F020012183218B01F0070A9F
:10122C00AA454FD00027B946AAE7236921F0070148
:10123C0041F00601062DD3F8009021832DD1B9F190
:10124C00000F3FD041F00801218388F31188BFF3D0
:10125C006F8F20463949C84729E021F007012369DF
:10126C0041F0040189B2042DD3F804902183E6D017
:10127C0000274FF0040A3E4682E721F0070123695C
:10128C0041F0050189B2052DD3F808902183D6D001
:10129C0000274FF0050A3E4672E700274FF0060A7A
:1012AC003E466DE72B4687E7B9F1000FD1D1EFF33E
:1012BC001188202383F31288BFF36F8F238B23F0C5
:1012CC0008032383258BEA062ED525F010032383F0
:1012DC0005F007056669218B002EBFF670AF002361
:1012EC002768C4E9003321F0070141F00101218393
:1012FC00218B4FF0000901F0070AAA457FF440AF9B
:10130C00002F9CD041F00801218388F31188BFF392
:10131C006F8F002FC8D03D68394633465246204661
:10132C0007F068F92F46F4E7AB067FF51BAF25F005
:10133C002003238305F0070500E700BF2D8600007E
:10134C002DE9F047044607464FF00109DFF85080BD
:10135C0014B93846BDE8F08794FAA4F5B5FA85F5CA
:10136C0009FA05F32E0108EB05156FEA030A24EAC6
:10137C0003042B7B002BEBD058F806301B694BB9C0
:10138C004644736804222846196807EA0A0707F0DE
:10139C000DFADDE7284698470028D9D1F0E700BFC1
:1013AC0034AE000030B5002289B00F490F4808F068
:1013BC00BDFC002200230024CDE906230E230C4D96
:1013CC00CDE903344FF440722846CDE90144094B72
:1013DC000949009404F06EFD0849284604F0F2FC1B
:1013EC00204609B030BD00BF0D1400005809002084
:1013FC009004002025170000B891002046B500008D
:10140C00014804F04BBC00BF680400202DE9F047F4
:10141C00804621480F4607F0ADF90646002833D028
:10142C0000252846BDE8F087237B83B12368DB6861
:10143C000BB120469847636883F8069023681B69B4
:10144C00D3B9636804222046196807F0AFF9013656
:10145C0010345445E8D3B8F1000FE2D0002DDFD0A2
:10146C002846FFF76DFF0546002FF7D0002140F20C
:10147C00391004F0BFFFF1E7204698470028E0D070
:10148C0009FA06F31D43E2E705464FF00109034C48
:10149C00DFF80CA0DDE700BF6C0C002034AE0000C0
:1014AC0044AE0000014B53F820007047ECAE000036
:1014BC0008B5034608462BB1044A136000F070FCD3
:1014CC00002008BD6FF01500FBE700BFFC000020FA
:1014DC0010B5044C237813B9034804F0DFFB012347
:1014EC00237010BD909100206804002010B50446B4
:1014FC00094807F03FF93CB1084BD3E8EF1F01391D
:10150C00C3E8E21F002AF8D1054808F01BFCBDE82F
:10151C001040044804F0C2BB640C0020680C00208E
:10152C00580900206804002000200146034BD3E832
:10153C00EF0FC3E8E21F002AF9D17047640C0020BA
:10154C0070B5FFF7F1FF0546074C084EB44200D3C7
:10155C0070BD63685B792BB123685B6813B1294656
:10156C00204698471034F1E734AE000044AE00003A
:10157C0010B5044C0449204606F0A9FE034B1C6030
:10158C0010BD00BFC8030020D8AE00005C0C0020CA
:10159C0000230D4A10B513700C4A0D4913600D4A07
:1015AC000D481360FFF784FFFFF7E2FF0B4B0C496C
:1015BC0018468B4200D310BD1A1A5C681211013206
:1015CC0022711033F5E700BF91910020640C0020CC
:1015DC0040420F00680C00207D87000034AE0000F4
:1015EC0044AE0000014600220023014806F090BEE4
:1015FC00C8030020014806F029BF00BFC803002023
:10160C00024B0146186806F075BF00BF5C0C002049
:10161C00014806F0AABF00BFC803002070B5274BD5
:10162C001878002849D0FFF7E5FF0546002841D17E
:10163C00234B244C1B68002B19DD08F075FB4FF471
:10164C007A75A0FB050647F61222002305FB016103
:10165C00FEF70EFFD4E90032C01A40F2E93361EB19
:10166C000201984271F1000101D3FFF769FFD4E93F
:10167C00003213F57A7342F10002C4E90032BDE87E
:10168C007040FFF7C5BF63685B7923B123682946B7
:10169C0020461B6898471034B442F4D32846FFF711
:1016AC00AFFF094BD3E8EF1F0139C3E8E21F002A53
:1016BC00BED0F7E7054C064EEEE770BD90910020CA
:1016CC00640C002050090020680C002034AE00008F
:1016DC0044AE000070B50D4D297861B90120FFF7BB
:1016EC0095FE0B4C0B4EB44206D3FFF797FF002828
:1016FC00FBD101232B7070BD63685B791BB1236830
:10170C0020469B6898471034EDE700BF919100206C
:10171C0034AE000044AE000000212DE9F04708462D
:10172C00FFF774FE044658B340F21B684FF00009F3
:10173C0008F02AFE1B4B1C4A1B58136033B11B4B81
:10174C001B68092B02DD1A4804F0A8FA0025194F72
:10175C00DFF85CA044B12046FFF7F2FD044618B94F
:10176C004FF0FF384FF0FF39FFF758FF064628B906
:10177C00B5B942464B46504604F0C4FA3546E9E743
:10178C004FF0FF384FF0FF39D2E72B689B691BB144
:10179C0000222846114698471035BD42F5D3E8E79C
:1017AC00054DFAE708000000600C0020680C0020D2
:1017BC006804002044AE000034AE000013B5184895
:1017CC0006F0D8FF174B1B7873B1EFF3118420236D
:1017DC0083F31288BFF36F8FFFF720FF84F3118818
:1017EC00BFF36F8F02B010BD0F4B1B68002BF9D0ED
:1017FC0050B9002200230D48CDE9002347F61222F0
:10180C00002305F055F9EDE70928EBD1074808F05E
:10181C0099FA074802B0BDE8104004F03FBA00BF87
:10182C00680C002091910020600C002058090020C9
:10183C006804002010B5064B04461B6898472146E7
:10184C00A060044806F0E3FDBDE81040FFF7B6BF0A
:10185C00FC000020C8030020044A054B9B1AB1EB86
:10186C00D30F34BF52F8310000207047CCAD0000CC
:10187C0034AE00002DE9F04F8FB0C1F34A2804AF0D
:10188C000D469146B8607B600C0DB8F1000F63D02B
:10189C0000264FF0040B4FF00A0A07F11403C7F8A7
:1018AC000C80C7E907667E620193CDF808B0CDF8CD
:1018BC0000A007F11C0332464846F968FFF72CFAE2
:1018CC00B0F5006F03461CD36C468AB0D9F80410EF
:1018DC0004AB26481A46C3E9050140F2FF71D961F1
:1018EC004FF400711984224B42F8103F4FF41251FF
:1018FC0033462048FFF7BEFFA5462C37BD46BDE852
:10190C00F08FC0F30A0804F11700184420F0070008
:10191C0080083B60FFF766FE68F35325044690B1E0
:10192C003B6800F11001C7E9083607F11403F961AF
:10193C00CDE900A3CDF808B048460F4AF96807F185
:10194C001C03FFF7E9F968F353252A4620467B6808
:10195C00B96806F04BFFD0E704F1170020F0070040
:10196C008008FFF73FFE0446EDE700BF5BB50000C3
:10197C0004000001F4AD0000CB8700002DE9F04F0E
:10198C0087B00446DDE9105ADDE912799346984692
:10199C000391BFB13B46524610210020CDF8009078
:1019AC00CDF81490FEF7E6FFB0F5006F06460AD3AB
:1019BC0040F2FF730221174A174807B0BDE8F04FF9
:1019CC0006F06DBF3E4605F11700304420F00700CD
:1019DC008008FFF707FE04F007040BF0070BE40088
:1019EC0044EA8B1444EA462444EA0554054640B1C3
:1019FC003FB13B4652463146CDF800901030FEF7D1
:101A0C00B9FF434622462846039907B0BDE8F04F7C
:101A1C0006F0ECBE9AB50000F4AD0000406820B1B1
:101A2C00034BC01A40F3CF0070474FF0FF307047A4
:101A3C00CCAD00000EB403B503AB53F8042B014638
:101A4C000448019301F074F802B05DF804EB03B0A4
:101A5C00704700BFF5880000CA0605D48B064CBF42
:101A6C0002490349FFF7E6BF704700BFD3B500003A
:101A7C00D2B500002DE9F04F89B09B46149B9DF820
:101A8C004CA00693159B04460593169B0D46904659
:101A9C00179E0493BAF1000F00F09D8006F480733A
:101AAC00079306F081FE06F00209024600283ED09C
:101ABC0020469149FFF7BEFF0746B9F1000F08D049
:101ACC0016F0440F35D12A4620468C49FFF7B2FF59
:101ADC00074406F0010353B1894B204653F82A20E2
:101AEC00884B8949002A08BF1A46FFF7A3FF06F462
:101AFC008073002B49D006F00803002B63D1B8F19A
:101B0C00000F66D0424620468049FFF793FF0546FA
:101B1C00069B3D44002B6DD1049B002B73D1F30726
:101B2C0000F1E48031462046FFF796FFD8E00746E7
:101B3C00C3E7774B18680028CAD0764B4FF47A79F4
:101B4C001B684FF03C0CB5FBF3F5B5FBF0F14FF413
:101B5C00616300FB115509FB05F5B1FBF3F2B5FB15
:101B6C00F0FE03FB121100FB1E55B1FBFCF309FB4D
:101B7C0005F5B5FBF0F50CFB131120460091CDE9F2
:101B8C0001E56549FFF756FFA2E706F00803EBB144
:101B9C00624B204653F82A206149FFF74BFF05465C
:101BAC00B8F1000F05D0424620465849FFF742FFD6
:101BBC000544BBF1000FABD05A4620465949FFF7FC
:101BCC0039FF0544A4E74FF0000BE1E706F00805E8
:101BDC00E6E745469CE7BBF1010F069B06D1002BBF
:101BEC0064D1049B002B7BD000250CE0002BF8D09B
:101BFC004D485CE04D48069B22464D4906F0FDF9E8
:101C0C00049B002B68D0DFF82C81DFF82C91049F0B
:101C1C003146102F204628BF10274FF0000BFFF73E
:101C2C001BFF5D4545DC059B494620461A78FFF7AE
:101C3C0001FF4FF0010B1BF0070F03D1414620466B
:101C4C00FFF7F8FE5F453BD9059B4946204613F844
:101C5C000B20FFF7EFFE0BF1010BBBF1100FEAD1DC
:101C6C004FF0000B20463549FFF7E4FE5A46059B22
:101C7C0020469A5CA2F120015F2928BF2E22304910
:101C8C00FFF7D8FE0BF1010BBBF1100F1DD01BF0B1
:101C9C00070F03D141462046FFF7CCFE5F455A465D
:101CAC00E5D841462046FFF7C5FEEBE71F485546F1
:101CBC00A1E741462046FFF7BDFE0BF1010BB0E753
:101CCC0020462049FFF7B6FEC5E7059B3B4405932C
:101CDC00049BDB1B04939AD1BAF1000F7FF41FAF66
:101CEC00204609B0BDE8F04F06F0F1BD2046054A8C
:101CFC000549FFF79FFE15E7DAB50000DEB50000D9
:101D0C00FCAE0000D5B50000BABC000003B6000064
:101D1C00740C0020700C0020E7B5000010AF000020
:101D2C0007B600000DB6000023890000F5880000FE
:101D3C003D2B00001AB6000012B600001CB60000C5
:101D4C001EB6000018B6000042F20F7373B58B423A
:101D5C0028BF0B4605680446052168460D4A05F068
:101D6C00DFFD0646636828460B225B680A4906F0CD
:101D7C00A0FD63683246694628465B6806F099FD0B
:101D8C0063681B2228465B68044906F092FD02B08A
:101D9C0070BD00BF91B700003DB6000021B6000039
:101DAC0000210123064A904206D8064A01B90123B4
:101DBC001360054B18607047012140085B00F2E787
:101DCC0040420F00700C0020740C0020F8B50D463A
:101DDC000446064F4618B44201D12846F8BD14F803
:101DEC00011BBB6801485B689847F4E7A0A400009E
:101DFC00014B03600020704758AF000008B5044841
:101E0C0006F053F9BDE80840024806F04EB900BF91
:101E1C0083B60000B8B6000008B50348034A002199
:101E2C00121A06F0F4FD08BD90040020B8910020B1
:101E3C00074808B5074A0849121A06F0EAFDBDE83A
:101E4C0008400648064A0749121A06F0E2BD00BFD0
:101E5C004000002090040020DCBE00004000002068
:101E6C0040000020DCBE00002DE9F04706460C4681
:101E7C0000AF002936D0D1E90012E9468AB06D4690
:101E8C00A3684FF0050AA8461F48C5E90723C5E912
:101E9C00050148F810AF002342464FF421511B486E
:101EAC00FFF7E8FCD4E90312CD466369AD46184848
:101EBC00C5E90723C5E90501C5F810A00023424672
:101ECC004FF421511148FFF7D5FCCD46E3690121B0
:101EDC00104A0E4806F0E3FCA36901210E4A0B4898
:101EEC0006F0DDFC012E07D1EFF305830B4A3146DA
:101EFC000648103B06F0D3FC2146304603F07AFC32
:101F0C00BD46BDE8F08700BFE6B6000014AE000089
:101F1C0015B7000044B7000053B7000081B70000AC
:101F2C0030BFFFF7FDBF00BF2DE9F04105460B4E5A
:101F3C00DFF82C80324606EB0807CC1B20460949FB
:101F4C0008F093F9A01942460021083C08F09AF9D0
:101F5C00C5F8B44007F10800BDE8F08100000000AE
:101F6C000400000088AE0000054B5A699B689A4239
:101F7C001FBF044A536843F080535360704700BF3F
:101F8C00200E002000ED00E070B52A4C06460D46F0
:101F9C0029482A4906F04AFDA36ADB0647D526489C
:101FAC00274906F043FD1120A36A1C0704D52248DB
:101FBC00244906F03BFD12201E4CA36A990712D54A
:101FCC0021491D4806F032FD636BA26A120609D541
:101FDC0001211E4A184806F062FC1EB1A36A23F0C8
:101FEC008003A3621320134CA36ADE0704D51248A6
:101FFC00174906F01BFD1420A36A9C0604D50E4855
:10200C00144906F013FD15200A4B9A6AD10658BFE5
:10201C009A6A9A6A920642BF5A6A22F400525A622B
:10202C009A6A42F0FF029A6200232B7070BD102056
:10203C00BAE700BF00ED00E014AE000094B700005A
:10204C00AAB70000DDB70000F0B7000008B8000028
:10205C001EB800003DB8000010B5244C244925489A
:10206C0006F0E4FCA36A99013ED52248224906F009
:10207C00DDFC1E20A36ADA0104D51E481F4906F0B8
:10208C00D5FC1F20194CA36ADB0204D519481C4946
:10209C0006F0CCFC0220A36A1C0304D51548194990
:1020AC0006F0C4FC2120114CA36A590304D5114835
:1020BC00154906F0BBFC2220A36A9A0304D50D48EF
:1020CC00124906F0B3FC2320084CA36ADB0304D5A9
:1020DC0008480F4906F0AAFC2420A36A6FEA0343C0
:1020EC006FEA1343A36210BD1D20C3E700ED00E0AF
:1020FC006CB8000014AE000084B8000097B8000063
:10210C00B1B80000DBB80000F9B800001EB900003F
:10211C0038B9000070B5294C06460D4628482949A7
:10212C0006F084FCA36AD9043CD52548264906F060
:10213C007DFC1720A36A1A0504D52148234906F013
:10214C0075FC18201D4CA36A9B0512D51C48204910
:10215C0006F06CFCA36BA26A100409D501211D4A80
:10216C00174806F09CFB1EB1A36A23F40043A3623C
:10217C001920124CA36A590504D51148164906F0CA
:10218C0055FC1A20A36ADA050ED50D48134906F042
:10219C004DFC1B20094A936A43F47F43936200234E
:1021AC002B7070BD1620C5E7A36A9B04F2D50448BA
:1021BC000B4906F03BFC1C20ECE700BF00ED00E0F7
:1021CC0014AE000063B9000079B90000DDB700005F
:1021DC008AB90000A3B90000B8B90000D3B9000057
:1021EC003DB800002DE9F0418AB0654B0446D3F8A8
:1021FC000480002600AFC8F3080586F31188BFF3EE
:10220C006F8F02F07F43B3F17F4F07D102F00C03C5
:10221C00082B12D15B495C4806F008FC00263446BA
:10222C000023FB71EB1E092B00F28980DFE803F021
:10223C000A7F827B87878787878510074CBF0C4670
:10224C000126EDE75149504806F0F0FB00234C4DB8
:10225C00FB71EB6A9A0705D54D494B4806F0E6FB36
:10226C00002331E0EB6A002B01DA4A49F5E7EB6A0F
:10227C005B00F5D54849444806F0D8FB6B69A26968
:10228C0043F480736B61BFF34F8FBFF36F8F6B6938
:10229C0032F8022C23F480736B61BFF34F8FBFF3C2
:1022AC006F8F4DF602739A4207D0AB6ADBB26BB3F9
:1022BC000120F91DFFF768FE37E023680121374A3A
:1022CC00314806F0ECFA2368FA79DAB907F1080517
:1022DC0004F1200C2A4620686168083403C2644566
:1022EC001546F7D17A6A002E45D0C2F3080121B900
:1022FC006FEA52226FEA42227A62184607F108010D
:10230C00FFF7B2FD2837BD46BDE8F081AB6A13F488
:10231C007F4F04D00120F91DFFF7FCFE05E0AB6AEE
:10232C00B3F5803F9CD3FFF797FE0346CCE7002024
:10233C00F91DBFE70020F91DEEE719498DE7194A91
:10234C0018F4F87FE8468AB0174B18BF13466A4654
:10235C001649103DC2E905134FF400731384144B56
:10236C00D56142F8103F00234FF411510648FFF796
:10237C0081FAC54674E722F4FF7222F00102BBE732
:10238C0000ED00E019BA000014AE000044BA0000E1
:10239C005BBA00007CBA00008ABA0000A9BA00003F
:1023AC00C5BA000000BA0000EBB90000E9BA0000A1
:1023BC0004000001064B5A6942F010025A615A6936
:1023CC0042F480625A615A6922F008025A617047DD
:1023DC0000ED00E0EFF30880EFF3098101B57246E0
:1023EC00FFF700FF01BD00BF002080F31488BFF38E
:1023FC006F8F002080F30A8880F30B88104880F3DD
:10240C00088800200F49087001F08CFC00200E4950
:10241C000860BFF34F8F00F02DF8202080F3118857
:10242C000A484FF40061401880F30988EFF31480D8
:10243C000221084380F31488BFF36F8F00F0F0F88B
:10244C00F8A10020B691002094ED00E0B894002093
:10245C00002318460649D1F89020C2F30722934274
:10246C0000DB7047C1F89830C1F8A0000133F6E7E3
:10247C0000ED00E010B572B6002484F31388FFF76A
:10248C00E7FF23464FF0FF300C4A03F120010133E4
:10249C00102B42F82100F8D100234FF0FF30074AEF
:1024AC0003F160010133102B42F82100F8D162B620
:1024BC00BFF34F8FBFF36F8F10BD00BF00E100E083
:1024CC00084B9B6883420BD1EFF3058343B1064B5A
:1024DC005A6842F080525A605A6A22F400425A6298
:1024EC0003F0E0BF200E002000ED00E016498A68E2
:1024FC004FF030001044EFF3098C80E8F01F2020DF
:10250C0080F31288BFF36F8F104F4FF000664A694B
:10251C008A603E60D2F8B4000D4C2060D2F8B8004E
:10252C000023C2F8B83080F3118802F1300090E833
:10253C00F01F8CF3098802F1000004B506F07EFA56
:10254C00BDE8044070470000200E002004ED00E0C0
:10255C009C0C00201EF0040F0CBFEFF30880EFF36F
:10256C000980816911F8021C0229FFD001B572465D
:10257C0006F051FA01BD00BF00B2002807DB0123B1
:10258C004109034A00F01F00834042F82130704794
:10259C0000E100E000B200280CDB012206494309EF
:1025AC0000F01F008240203341F82320BFF34F8FEF
:1025BC00BFF36F8F704700BF00E100E0054B42098D
:1025CC0053F82220012300F01F0003FA00F0104002
:1025DC00704700BF00E100E000B2002801F10101EA
:1025EC00ACBF00F16040064B4FEA4111C9B2ABBF22
:1025FC0000F5614000F00F0080F80013195470478B
:10260C0014ED00E0044B054A23F07F039360BFF305
:10261C004F8FBFF36F8F70470000000000ED00E09C
:10262C0008B5FFF7EFFF074AD2F8883023F47003A0
:10263C00C2F88830FFF7F0FBFFF7FAFB00F048F820
:10264C0003F0FCF900ED00E042F8203C009B0B4944
:10265C0042F81C3C019B21F0010142F8183C029B02
:10266C0042F8081C42F8143C4FF0807342F8043CCA
:10267C000023203A0265C0F8B8307047FD10000006
:10268C0000B50E4B15469860D0F8B4200C4B0E4696
:10269C001A60D0F8A43083F30B882C4686F3098893
:1026AC000020044B98472046002100220023024CB6
:1026BC0020470000598A0000FD100000200E002069
:1026CC009C0C00201022014B1A61704700ED00E0B9
:1026DC000023202040F20F1210B5044CE1180133F6
:1026EC00934281F80003F9D110BD00BF00E100E076
:1026FC0008B5EFF30583064A103B02EBC30152F811
:10270C00330049688847BDE80840FFF72DBC00BF7F
:10271C0000A500001FB5094C094A234601210948B0
:10272C0000F012F900230393074B0121E41A01A8CE
:10273C000193029400F012F904B010BD00F00220D5
:10274C000000002058AF00009004002010B50C7A57
:10275C000B6804F01F0223F01F031A43CB686409B3
:10276C0023F01F03054943EA440343F00103C1F876
:10277C009800C1F89C20C1F8A03010BD00ED00E01D
:10278C0010B50A4BD3F89030C3F30723013B9842A2
:10279C0008D901210346064A064806F080F86FF076
:1027AC00150010BDFFF7D2FFFBE700BF00ED00E006
:1027BC0000BB00000CAE00002DE9F04F894614461A
:1027CC0006464FF00008514D85B0C84527DAD6F8BB
:1027DC0004A0BAF1000F44D0BAF11F0F17D91AF0A8
:1027EC001F0F14D1D6F800B01BF01F0F0FD1584695
:1027FC0006F04FF907460AEB0B00013806F049F9D1
:10280C00874210D06FF01507414A3B4601E0434622
:10281C00404A0121404806F042F86FF0150420466A
:10282C0005B0BDE8F08F17F1160FEDD0BC42EBDD13
:10283C00C5F89870D5F89C10C5F89870D5F8A030EC
:10284C0021F01F0143F01F0BD6E900321A449942C4
:10285C0002F1FF3A1DD1D34507D13146F8B206F04B
:10286C0021F908F101080C36AFE73146C5F898702C
:10287C00D5F89C3022F01F0203F01F031343C5F858
:10288C009C30E0B206F00EF910F1160FC5D0441CC6
:10289C00E7E7C5F89870D5F8A020013B23F01F039B
:1028AC0002F01F021343D3453146E0B2C5F8A03005
:1028BC00E8D006F0F7F810F1160FAED0C5F8987006
:1028CC00D5F89C209DF808300BF1FF3B62F3040314
:1028DC008DF80830D5F8A0309DF808205B0863F31C
:1028EC0047128DF80820D6E900321344009323F0E8
:1028FC001F035B44A3EB0A03013023F01F0369465B
:10290C00C0B20393FFF73CFFBEE700BF00ED00E051
:10291C0049BB000026BB00000CAE00000522044B96
:10292C00C3F89420BFF34F8FBFF36F8F704700BF76
:10293C0000ED00E0BFF35F8F0022024BC3F8942040
:10294C00704700BF00ED00E010B5034C2278FFF794
:10295C0033FF207010BD00BF939100202DE9F74F7D
:10296C00294D8A4606464FF00008AB46274FD04506
:10297C001BDAD6F80490B9F1000F3FD03168084645
:10298C00019106F086F80199044609EB0100013823
:10299C0006F07FF884424FF014021D4B08D002FB66
:1029AC0008F36FF015024BF8032003B0BDE8F08F6D
:1029BC0014F1160F2C60F8D01978A142F5DD02FB4A
:1029CC0008B0C7F89840C7F89840D7F89C4000F179
:1029DC000801007B64F304000871D7F8A0000C799F
:1029EC00400860F347140C71D7F89C1021F01F01BC
:1029FC006960D7F8A01021F01F01296108F10108C6
:102A0C0014350C36B3E700BFA00C002000ED00E03D
:102A1C0093910020F0B54149414CD1F89030256894
:102A2C00C3F307239D4287B075D80020FFF782FFC0
:102A3C003C4BC1F8C030854216D13B4C01A82570E7
:102A4C00FFF7D6F900250646384FAE4213D10020C9
:102A5C0023783249D1F89020C2F30722934254DBF9
:102A6C00FFF75CFF00202FE0616801EB0011FFF71E
:102A7C006DFE0130DFE70199280101EB0513DA68DF
:102A8C003A40B2F5001F21D0B2F5800F2BD0B2F531
:102A9C00801F38D15A689B680958013B22F01F00EF
:102AAC0003440120844623F01F0340EA4C10CDE977
:102ABC0002218DF8100002A920780593FFF760FE23
:102ACC0000281DDA6FF0150007B0F0BD5A689B683E
:102ADC000958013B22F01F0003444FF0020C012067
:102AEC0023F01F03E1E75A689B680958013B22F069
:102AFC001F0003444FF0000C062023F01F03D4E703
:102B0C0023780133237001359FE7C1F89830C1F861
:102B1C00A00001339EE74FF0FF30D5E700ED00E059
:102B2C0064AF0000AAFF4400939100200000F0FF66
:102B3C00F0B587B007460E461446002110226846B1
:102B4C001D4607F09FFB02238DF80230054B2A46E9
:102B5C0021466846CDE90476019304F00DFF07B0D9
:102B6C00F0BD00BFE38A000008B5024B1B68984714
:102B7C00002008BDB40C0020034B044A1860937865
:102B8C0043F0020393707047B40C0020080100203E
:102B9C0008B50649064821F00701C1F1005202F5BB
:102BAC003C3205F0D2F9002008BD00BFFFA1002087
:102BBC00B80C002008B5234A234B1A6000F0A4F887
:102BCC004FF47A612148D0F82436C3F30802C3F3DA
:102BDC0009434B4382F480721D49883201FB023356
:102BEC004FF4FA215B00B3FBF1F201FB12331949EC
:102BFC00B3F57A3F28BF0132C1F80429D0F820364A
:102C0C004FF47A60C3F30802C3F30943434342F21F
:102C1C001C5082F4807202F2172200FB02334FF434
:102C2C007A701B0AB3FBF0F200FB1233B3F5FA7F98
:102C3C004FF0010328BF0132C1F81C27C1F8003640
:102C4C00002008BD0020A1073403002000C0FF00B5
:102C5C00F82A00800000125048B1054B054A1B6849
:102C6C00B3FBF2F35843044B43F00103184770478E
:102C7C003403002040420F00C0AE000010B501F03C
:102C8C00E9F9204C206001F0E1F9606001F0E6F90F
:102C9C00FF21A060002001F0E5F96FF07F410120D9
:102CAC0001F0E0F94FF6FF71022001F0DBF90F2182
:102CBC00032001F0D7F9FF21042001F0D3F94FF6DE
:102CCC00FF71052001F0CEF9FF21062001F0CAF9B1
:102CDC000F21072001F0C6F90321002001F0CAF9E9
:102CEC003F21012001F0C6F93F21022001F0C2F979
:102CFC000321084601F0BEF9204601F0A5F800209A
:102D0C0010BD00BFC40C00200122024BC3F80424E8
:102D1C00704700BF002008E0084B70B5C31A0D4681
:102D2C0007499B10044659434022064805F0E7FE2C
:102D3C002B4601462046BDE870401847E40C0020A5
:102D4C00B76DDBB620A40000402373B50B4C009389
:102D5C00041B0B460D460A49A41061430646094A5A
:102D6C00094805F0F7FE011E05DA30462B4602B085
:102D7C00BDE87040184702B070BD00BFE40C0020E5
:102D8C00B76DDBB6C98B000020A40000F8B500229B
:102D9C000121054640F20510FFF71EFC0F4801F01B
:102DAC0077F90446B8B901F093F92F690C49384604
:102DBC0005F043FC031E09DB01263E642D6908491E
:102DCC0005F11C0005F039FC031E02DA1C462046F6
:102DDC00F8BDEE64FBE76FF00404F8E7E98B000044
:102DEC008CAF00001FB500220123CDE902236B46F6
:102DFC00084ACDF800D0CDF804D005F0D8FE002854
:102E0C0005DB43F609520023684602F07BFF05B050
:102E1C005DF804FBDB8B000010B5EFF3118420236D
:102E2C0083F31288BFF36F8F074A136823F00201F4
:102E3C00DB07116002D4012006F0BFF984F311887E
:102E4C00BFF36F8F10BD00BF340D00200C22104B50
:102E5C00014602FB0033002030B4D3E90E529863D4
:102E6C00EFF31180202484F31288BFF36F8F1C6C56
:102E7C0004F0C00444F002041C6480F31188BFF316
:102E8C006F8F1DB12B4630BC0248184730BC7047C1
:102E9C00E40C002020A4000010B4EFF311822023D6
:102EAC0083F31288BFF36F8F1648016841F0020458
:102EBC000460C80707D482F31188BFF36F8F012019
:102ECC0010BC06F072B91049D1F80C14C903F2D534
:102EDC00EFF3118083F31288BFF36F8F0B490B6CE8
:102EEC0003F0C00343F002030B6480F31188BFF3BB
:102EFC006F8F82F31188BFF36F8F002010BCFFF728
:102F0C00A5BF00BF340D002000E01050E40C0020E1
:102F1C002DE9F041012207463449D1E8EF3FC1E8E1
:102F2C00E02F0028F9D133B9314932484B60CB60DE
:102F3C008A6005F095FB7B1E012B28D8012F06D14A
:102F4C002D4BD3F8503403F00303012B1FD006F0A4
:102F5C00DAFD0546E8B9294B1B78D3B104220646A5
:102F6C00254BC3F80823244CDFF89480D4F84C2468
:102F7C00D4F84C34D20315D503F00303012B01D044
:102F8C00012F0FD165B386F31188BFF36F8FBDE8A6
:102F9C00F081EFF31186202383F31288BFF36F8F38
:102FAC000125E0E7BDB1304605F064FDD4F84034AE
:102FBC0013F0FF03DAD1D4F80821002AD6D0C4F8D4
:102FCC000831D4F8083120220123C4F84034C8F861
:102FDC00A0212361CAE70021202003F00BFAE5E7CA
:102FEC000422054BC3F80423D1E700BFE00C0020FA
:102FFC00D00C0020000D002000E01050B6910020F5
:10300C0000E100E008B5074806F04BFD38B1064872
:10301C00FFF7B2FD0448FEF765F8002008BD6FF01D
:10302C001200FBE7A0A40000393000000A2838B5D4
:10303C000446074D04D1AB680D2128465B689847C0
:10304C00AB6803485B68E1B29847204638BD00BFC7
:10305C00A0A400002DE9F04340F206354768D006E5
:10306C0048BF4FF0030C3B7C02EA050558BFC2F386
:10307C00401C87B001F01F06B5F5837F144646EA65
:10308C0043168DF803C046D00DD8062D45D005D873
:10309C00A5B1022D12D06FF0150039E0B5F5807F87
:1030AC00F9D101250AE040F20222954237D0B5F55C
:1030BC00407F36D0B5F5007FEDD1042501232203E6
:1030CC0003FA01F12FD57B685960B86880BB5F2E7D
:1030DC0006F01F034FEA561173D83C4A52F82120D0
:1030EC0084F4803102EB8302D2F88030C1F30041CA
:1030FC00C4F3404423F4706344EA410423F00F0307
:10310C001C4344EA8C0444EA0524C2F880400020A5
:10311C0007B0BDE8F0830925D0E70825CEE70625E2
:10312C00CCE70525CAE7630344BF7B689960CCE70D
:10313C0031460DF1020206F02BFA14F4403F8046A2
:10314C000CD13146B86806F03CFAB8F1000FDED16C
:10315C009DF80210B86801F04DFAD8E74FF000095D
:10316C0001ABCDE90199CDE90439CDF80C9031468C
:10317C00B86803AA06F050F94845C8DB14F40033CC
:10318C0014D09DF8033084F48034C4F300448DF8DB
:10319C000E308DF80C508DF80D404B463146B8680A
:1031AC0003AA01F075F90028CFDAB0E7CDE90433B2
:1031BC000DF1030303933146B86803AA06F02CF90A
:1031CC00F1E7203350F82330FFDE00BFB0AF000032
:1031DC004209022A034670B503D0012A18D0CAB19D
:1031EC0070BD0E4E326951680029F9D0012503F0EB
:1031FC001F030C689D400029F2D08A682A4002D037
:10320C0030464B6898473CB1236821461C46F2E790
:10321C00034EE7E7034EE5E72346F6E780A40000FC
:10322C0060A4000040A4000038B54568A868C0B18F
:10323C0006F0C1F90146A0B9A86801F0A3F904464B
:10324C0088B902460949A86806F09FF9224601216F
:10325C00DB20FFF7C1F92246012140F20D10FFF7E8
:10326C00BBF9002038BD6FF00400FBE7DD31000036
:10327C00F0B545681646A8682A7C01F01F0487B093
:10328C0044EA4214002868D0B6F5001F04D1214648
:10329C0006F0EBF9002051E00020B6F5800F01AAF2
:1032AC000190506039D1B3F1007F14BF0523042382
:1032BC008DF804300023CDE904230393EB680DF162
:1032CC00030723FA01F111F0010139D1B6F1A07F06
:1032DC0036D104F01F035F2C4FEA541003F1200386
:1032EC003ED8214A52F8202052F82330DB0727D44D
:1032FC003A462146A86806F04BF9163018D00297CA
:10330C002146A86803AA06F087F8002816DB0122DC
:10331C002146A86806F057F9BCE7B3F1C06F05D099
:10332C00B3F1007F14BF01230223C1E70323BFE7DE
:10333C003946A86801F068F90028E0DA07B0F0BD5A
:10334C003A462146A86806F023F90028D8D19DF802
:10335C000310A86801F04EF9D2E76FF08500EDE795
:10336C0051F82330FFDE00BFB0AF0000036803F05C
:10337C001F025F2B02604FEA53129ABF024B53F8A5
:10338C0022000020704700BFF8AF00002DE9F04F7D
:10339C001546074640F2FF19DFF868A1DFF868B15F
:1033AC0085B000EB8101B94203D1002005B0BDE826
:1033BC00F08F3A68C2F3C323082BC2F3080400F25F
:1033CC009E804C4508BF4FF0FF34B2F1D05F1AF825
:1033DC0003804FEA126310D2192B12D8DFE803F0E6
:1033EC0014226461292F6111111111111111111184
:1033FC0011111111111167717477382B6AD04E2B82
:10340C0052D06FF08500D1E7C5F80446601C14D08B
:10341C00012603A80394FFF7A9FF039B06FA03F305
:10342C00436004E0C5F80C46621C06D00026324608
:10343C0013E0631CC5F800465FD10437B3E7661C84
:10344C00C5F80446F9D0012603A80394FFF78EFFB4
:10345C000122039B02FA03F383603B68039403F499
:10346C000040002818BF002203A818BF01260193B2
:10347C000092FFF77BFF039C019B00EB8400D0F8CC
:10348C008040C3F3412C009A4FEA082343EA8C0393
:10349C00134304EA0B04234343EA4603C0F8803089
:1034AC00CBE7C5F80846BFE7C5F81046AEE7C5F848
:1034BC006045621C3B68C0D0C3F30043002BC2D0F4
:1034CC00A6E7C5F86445F4E7C5F86845F1E7C5F823
:1034DC006C45EEE703A80394FFF748FF039B00EB52
:1034EC008300D0F8803023F0E04343F08043C0F8F1
:1034FC008030631CA1D0012699E70026A4E76FF069
:10350C00150053E7D3BB0000F0F0FCFF2DE9F041B0
:10351C0004460D46476806F0F6FAA0B9274B1B780F
:10352C008BB14FF02008642663681B68D3F83031E8
:10353C008BBB012005F0BEFD013EF5D10021202002
:10354C0002F058FFEFE72021EFF311831A4681F3C5
:10355C001288BFF36F8F60680068D0F8300120B913
:10356C0083F31188BFF36F8FEEE77B6A00201D7029
:10357C006368796A1B68C3F83C170121C3F84017CC
:10358C00C3F83001D3F83001196582F31188BFF309
:10359C006F8FBDE8F081EFF311831A4688F3128820
:1035AC00BFF36F8F61680968D1F830110029DCD145
:1035BC0083F31188BFF36F8FC0E700BFB691002073
:1035CC002DE9F04745680121D0F81080064600AF80
:1035DC00686B05F019FCE96B481C19D0A86B05F059
:1035EC00FDFC10F1130F04460AD10121334A344873
:1035FC0005F0EBFB6FF012042046BD46BDE8F087EA
:10360C00411D05D101212F4A2D4805F0DEFBF3E7C2
:10361C004FF00109EB6A9847D8F83050D8E90C32D2
:10362C0003EBC2039D420AD308F1280005F041FCCC
:10363C0073680021586B05F0E7FB0024DCE7286871
:10364C0006F02FFA0346B0B92A686C468AB01068A7
:10365C0029796A46D1614FF400711B4D11841B49C5
:10366C00C2E9055042F8101F4FF411511448FEF7EF
:10367C0001F9A546BEE728682979EB88D0F810C077
:10368C00DA07DCF8004054BF43F4B01383F4D013D2
:10369C0023F4801209FA01FEDB07D0F808A04CBF16
:1036AC004EEA040424EA0E04CCF80040DAF80030A8
:1036BC009847041EA0DB0835B0E700BFF7BB00003D
:1036CC0024AE000022BC00003FBC0000040000013E
:1036DC0010B502780346002A63D10C69D4F8802017
:1036EC0032B9E06F6FF07301BDE8104005F004BC17
:1036FC00606F48B1A16F39B1DB682BB1834203D045
:10370C00D4F88C1006F0B1FD236FD4F8802033B1BF
:10371C009A4214D90121234A234805F056FBA36F82
:10372C00D4F8802033B19A4222D901211D4A1E4877
:10373C0005F04BFBE06FBDE8104005F0EFBB9B1AAA
:10374C0023677BB9E36D04F170020833E365236EE4
:10375C0004F16001013B236604F15C0005F041FBC0
:10376C00E066DCE7E36E002BD9D01344E366D6E7C2
:10377C009B1AA3677BB9636E04F178020833636606
:10378C00A36E04F16801013BA36604F1640005F02B
:10379C0028FB6067CEE7636F002BCBD013446367C5
:1037AC00C8E710BD63BC000024AE00002DE9F04F4B
:1037BC008FB09A46436800AFFB608B88064604695D
:1037CC0098048946934632D44FF0FF324FF0FF33C2
:1037DC0004F1380002F096FAC4F82C907568D6F80B
:1037EC0010802B687B6098F8853023B1D8F828308E
:1037FC00994500F0B980B9F804E01EF400631DD0BF
:10380C000121B24AB24805F0E0FA6FF08505A36ACF
:10381C0013B19B889B0405D40023E36204F13800A8
:10382C0002F03CFA28463C37BD46BDE8F08F236CCD
:10383C00002BC9D1E36A9942C6D1CFE71EF0010F24
:10384C0015D06D4688B031686A46A248C2E90501B8
:10385C004FF400719183A04942F8101F4FF4E251CC
:10386C009B48FEF707F8AD466FF01505CFE71EF045
:10387C00080F05D0994A0121954805F0A6FAF3E7FF
:10388C00CEF34513082B01D0954AF4E7D9F8003054
:10389C00BB60BA68934B9A4201D8934AEBE707F1A5
:1038AC00100C04350FCDACE80F000FCDACE80F00B9
:1038BC00D7E90132934294BF7B627A621EF0020F09
:1038CC0095E803000EF004038CE803003AD0002BBB
:1038DC0014BF0323022387F82830CEF3001387F894
:1038EC002930D8F80030D3F80036591C11D01EF00E
:1038FC00020F03F01F027D484FEA5313CEF3400131
:10390C0024D1022B00F2DC8050F8231001239340C9
:10391C008B6098F885302BB1404601F0B1FE002346
:10392C0088F8853033464046714A07F1100105F09E
:10393C0041FF051E13DA01212B466E4A644804F040
:10394C00AEFF64E7003B18BF0123C4E7022B00F273
:10395C00B98050F82310012393404B60D9E7012321
:10396C00C8F8289088F88530012384F88430FB68E7
:10397C00D96B4A1C09D0986B05F058FB743004D1F4
:10398C0002215D4A524805F020FABBF1000F6CD1C0
:10399C00C4F85CB00023236604F1700204F16001EA
:1039AC0004F15C0005F01DFAE066BAF1000F64D179
:1039BC00C4F864A00023A36604F1780204F1680142
:1039CC0004F1640005F00DFA002504F128082A46DC
:1039DC0001216067A565404605F04BFA304605F0BD
:1039EC009DFA2A462B46206E83424ED1002319465F
:1039FC00A56EA94250D19A4238BF1A464FF4FA53D9
:103A0C0003FB02F5A36A47F6122C1B6840F2E73061
:103A1C00B5FBF3F50021C8354FF47A720023E5FBB2
:103A2C000C01FCF725FD04F1480802460B46404604
:103A3C0002F068F90246002835D001212F4A2448AB
:103A4C0005F0C3F900252046C4F8805001F018FE9B
:103A5C006FF07301304684F8855005F04DFA4046FE
:103A6C0002F076F96FF07305D1E6DBF80030E36510
:103A7C00002B8FD0DBF804308DE7DAF8003063666A
:103A8C00002B97D0DAF8043095E7E16D01EBC30118
:103A9C00496801330A44A7E7606E00EBC100406837
:103AAC0001310344A5E7A56D15F1740FCAD0002DA3
:103ABC003FF4ADAE30691146283005F0DAF9A6E6D0
:103ACC008960FFDE00235B60FBE700BF81BC000068
:103ADC0024AE00009BBC000003000001BDBC000034
:103AEC00DCBC000047E801000BBD00006CB000001E
:103AFC00DD3600003CBD000061BD00008BBD000048
:103B0C005F2810B500F01F034FEA50140DD8094A76
:103B1C0052F8242002EB8302D2F88000064B0340BB
:103B2C0043EA8103C2F8803010BD0022203352F8E2
:103B3C002330FFDE78B10000F0F0FCFF70B40D4CC8
:103B4C00D4E90065901B63EB0501400940EAC160B4
:103B5C004101891945EBD065C4E900150024002505
:103B6C000549C1E90023054BC3E9004570BC02F0CF
:103B7C00A1BE00BFB009002098090020A8090020B0
:103B8C0008B500220121E420FEF726FD164A00208C
:103B9C00D2F8183723F44033C2F8183700F066FE19
:103BAC00002820DB0120114900F0ECFE00281ADB74
:103BBC0000F036FE0E4B20F01F00C3E900010D4B48
:103BCC000022C3E900014FF0FF304FF0FF310A4BE8
:103BDC00C3E90001094B0A49187A00F031FE67224B
:103BEC000020084B1A6008BD00200E503003002046
:103BFC00B00900209009002098090020280300201B
:103C0C00493B0000640D002008B500F009FE064A8F
:103C1C00D2E90032C01A054B61EB0201C3E9000185
:103C2C00400940EAC16008BDB0090020A809002085
:103C3C00F7B5224B0146224F187A224BD7E9005692
:103C4C00D3E900239E4208BF954211D1B1F1806F98
:103C5C000ED24901012938BF012101224D1946F12B
:103C6C000006C7E9005603B0BDE8F04000F022BFE3
:103C7C00154BDFF858C0D3E90043DCE9002CA4183D
:103C8C0043EB0C0C4FF0200E22466346C1FB0E2377
:103C9C00954276EB0301C7E900230DD2291B66EB95
:103CAC000C04C82974F10004B4BF01210021009157
:103CBC0000F0C8FE03B0F0BD0021F8E72803002097
:103CCC00A009002098090020B0090020A8090020B4
:103CDC00064BD3F840231C2A05D1D3F84403431ECA
:103CEC005842584170470020704700BF00C0FF0089
:103CFC0003689A070CD50368DB070DD50922074B1F
:103D0C00C3F80C250F22C3F8042501221A60FEE724
:103D1C00034B0360EF3B0360704700BF0080105003
:103D2C00F000FA5008B501233C4A3D48C2F800386F
:103D3C003C4AD2F840231C2A04BF3B4AC2F80C343C
:103D4C00FFF7D6FF0830FFF7D3FF0830FFF7D0FF9F
:103D5C000830FFF7CDFF00F5F470FFF7C9FF334AC9
:103D6C00D2F88C3043F44063C2F88C300022D3007C
:103D7C0003F57F0303F54043D3F8001401310AD057
:103D8C00D3F8001439B1D3F800140132D3F8043449
:103D9C00402A0B60EBD1214BD3F84024002A38D0B9
:103DAC00FFF796FF48B11F4BD3F83423204B9A42B0
:103DBC009EBF1A4B1F4AC3F84026FFF789FF18B164
:103DCC001D4B1E4AC3F8AC27FFF782FF48B13422C3
:103DDC00124BC3F82426D3F83C2622F40022C3F855
:103DEC003C26174B1149D3F80026D20744BF6FF07D
:103DFC000102C3F800260323124AC2F81835D1F881
:103E0C008C3043F44063C1F88C300023C2F8A035E9
:103E1C0008BDC822C3F84024C2E700BF00001250FE
:103E2C0000C50D5000C0FF000030055000ED00E053
:103E3C00001D0A1840E0A91E00A0085078000A04D2
:103E4C0000E0105000B00450014B1860704700BFE8
:103E5C00680D00202DE9F04F584C87B00192226874
:103E6C008842526887BF401A52F8212052F820200D
:103E7C00091A87BF52F82020012652F8212000266B
:103E8C00EFF3118C202181F31288BFF36F8F002187
:103E9C001579A94225D300204FF0010E04AF1179FA
:103EAC0088422CD300208CF31188BFF36F8F00282D
:103EBC0040F08180216886F001070C687106141BA4
:103ECC00E40841EA84610446BF000297B70004ADE0
:103EDC0003971779A74233D8019B196007B0BDE847
:103EEC00F08F106850F8210023B1B3F800E0477848
:103EFC00BE4502D040680068F8B10131C9E71168CD
:103F0C0051F820104BB1B3F800804D78A84504D17E
:103F1C00997807F8011B0130C1E7D1F80480D8F873
:103F2C000050B5FA85F1C1F11F010EFA01F925EA2D
:103F3C000905C8F80050C9B2EBE76FF00B00B2E707
:103F4C00176857F824E09EF80070012F1FD195F8E0
:103F5C00008095F801C015F8017C16B9B946674682
:103F6C00CC46DDF80890DDF80CA0F144F244D9F809
:103F7C000890DAF808A008F1200B4CF0004C47F040
:103F8C00004708F160084AF82BC049F8287004EB88
:103F9C0084072BB19EF801E0B3F800C0E64507D0CA
:103FAC0095F800C00CFA07F739430134013590E756
:103FBC004FF01F0CF6E76FF00B008FE7680D002039
:103FCC0070B5124B840E1B6801261A6800F01F0393
:103FDC0002EBC40152F834201268D46800220D7927
:103FEC00954200D870BD1F2B1CBF06FA03F3C4F812
:103FFC0004350C68023254F8224002EB820320FA9A
:10400C0003F3E46803F01F03E9E700BF680D002029
:10401C0030B50D4B1A68830E126802EBC3020023F5
:10402C0014799C4202D86FF015000AE0156855F817
:10403C0023506D788D4205D103EB8303D84000F0FB
:10404C001F0030BD0133ECE7680D002000487047BD
:10405C00380300200048704784B1000000487047C6
:10406C003CB20000024B03EB00135B681960704715
:10407C003CB20000024B03EB00139B6819607047C5
:10408C003CB20000014B1B68184700BF9C0D002080
:10409C0010B50C4C237993B9012323710A4B0028DA
:1040AC00206018BF184600F0F3F850B92368074891
:1040BC00002B08BF1846BDE8104000F035B86FF073
:1040CC00770010BD9C0D002091400000B3910000C2
:1040DC0008B5074B1B6853B140F20510FEF76EFA9A
:1040EC0028B9BDE8084040F20510FEF745BA08BDF6
:1040FC009C0D002038B504230A4C42F21075C4F80C
:10410C000833012363610023C4F80831D4F8083163
:10411C00D4F84C34DB0304D5012004F0CBFF013D73
:10412C00F6D138BD00E01050064A13793BB9012195
:10413C0010601171044A1846C2F8403470476FF091
:10414C0077007047A40D002000E0105010B51D4BF7
:10415C001D4CD3F84C14D3F84C2411F4803F18D0D8
:10416C0002F00302012A03D00AB1FFF7C3FF0022B9
:10417C00144BC3F840240022C3F80821D3F80821BB
:10418C0001221A61226872B9D3F80821002AFBD0E7
:10419C0011E0D3F84824D107E9D5D3F8502492077D
:1041AC00E3D422681AB10422C3F8042310BDD3F857
:1041BC000821002AFBD00022C3F80821D3F80831CB
:1041CC00F4E700BF00E01050A40D0020F8B5012565
:1041DC00184C194ED4F80C3303F00C0303B9F8BD8A
:1041EC00B3FA83F30027C3F11F039A0002F5807220
:1041FC0092B202F1A04202F58712176005FA03F1A0
:10420C00022B1268D8B2C4F8081310D1D4F84C346D
:10421C00D4F84C349B070AD10423C4F84054C4F896
:10422C0004332561D4F80C3303F00C03D6E7336860
:10423C009847F7E700E01050A40D0020712238B524
:10424C00104B0021C3F80823012242F210745A606B
:10425C00C3F80011D3F800110B490A4DD1F84013E3
:10426C001C2908BFDA60D5F80C3413F4803305D060
:10427C00012004F01FFF013CF5D138BD034A5371F6
:10428C00FBE700BF00E0105000C0FF00AC0D0020A9
:10429C00054B0246187918B91A6001221A71704739
:1042AC006FF07700704700BFAC0D00200022164B5A
:1042BC00C3F81021D3F81011C3F81821D3F8181132
:1042CC00C3F81421D3F814111049D1F840131C2948
:1042DC0004BF01219960C3F80021D3F80021012209
:1042EC001A600B4A126852B9074BD3F80021002A06
:1042FC00FBD00022C3F80021D3F8003170477122A3
:10430C00C3F80423704700BF00E0105000C0FF004A
:10431C00AC0D0020F8B50126194C1A4DD4F80C330D
:10432C0003F0710303B9F8BDB3FA83F30021C3F1B1
:10433C001F039A0002F5807292B202F1A04202F5BC
:10434C008712116006FA03F7042B1268D8B2C4F86E
:10435C00087308D0062B10D02B689847D4F80C3370
:10436C0003F07103DEE702236B71C4F81411D4F867
:10437C0014312023C4F80433EEE76971ECE700BF75
:10438C0000E01050AC0D0020036803F01F025F2BFF
:10439C0002604FEA53129ABF024B53F822000020DE
:1043AC00704700BFBCB20000034A4309D35C00F065
:1043BC001F001844C0B27047D3BD0000F0B50646CC
:1043CC00002487B0114F019117F8012B06AB03EBBA
:1043DC00D20313F8143C02F00702D34013F001038C
:1043EC0006D10134032CEFD10023184607B0F0BDE1
:1043FC00074A03AD07CA85E8070055F824100A6A76
:10440C0046F824200A62002AEBD0EEE7E3BD000058
:10441C009CAE0000F7B504460846FFF7C5FF06B290
:10442C0004EB4606B38A0D46DB072BD5204604F079
:10443C00D0FF2946204604F02BFF58B1204604F04B
:10444C003DFF0022276800B207EB8003C3F810255C
:10445C00C3F810252946204604F059FF002101A875
:10446C00B1820195FFF790FF019B00EB8300D0F820
:10447C008020064B134043F00203C0F880300846FE
:10448C0003B0F0BD6FF01500FAE700BFF0F0FCFFD1
:10449C002DE9F043044685B0084616461D46FFF745
:1044AC0083FF0F46804636B3204604F0FCFE18B955
:1044BC00204604F0EDFE28BB0FFA88F904EB4909FD
:1044CC00B9F8143013F01C0F02D07378012B19D0EB
:1044DC0001238DF80F3000233846CDE90063721CA0
:1044EC00B31C0DF10F0104F07BFEB9F8143043F04E
:1044FC000303A9F81430002D40D03946204604F0AF
:10450C00D2FE20B96FF0150005B0BDE8F083002293
:10451C00297823684FEA810C03EB8103C3F810253B
:10452C00C3F810250FFA88F204EB4202938A23F4A5
:10453C00604323F0200393826E78FEB12468A87840
:10454C006444D4F810550E4B36042B40C4F8103587
:10455C0041F6F07306F4403603EA07130005D4F86D
:10456C001055334300F4801003432B43C4F810352B
:10457C00938A43EA413343F0200393820020C3E73C
:10458C000FE0ECFF70B590F87440054690F875603C
:10459C0044BB46222146143005F074FE2146134AD2
:1045AC002B6852F836608E4212D1002440F20D1066
:1045BC00C3F84441D3F844210D4A934208BFDB2091
:1045CC00FDF7DAFF0123204685F874302B6670BDA9
:1045DC00CAB2920002F58070442A04BF1C501A58CB
:1045EC000131E0E76FF07700F1E700BFC8B20000DF
:1045FC0000A00D5090F87500024B03EB800004F006
:10460C0075BD00BF7003002010B5064B90F8750007
:10461C000C4603EB800004F04FFD0028A4BF207073
:10462C00002010BD700300202DE9F04F814659F891
:10463C00043B8BB0D3F8141390F8754000936C4B7B
:10464C00C9B241F40031804653F83420009804F08C
:10465C0099FE810305463AD50023CDE9073309932A
:10466C00634B07A803EBC4035B6819460193FFF780
:10467C00A5FE042303EBC40303934FF0000B5D4B27
:10468C000DF11C0A0293029A594912F8013B02924D
:10469C00039A02EBD3028A5C03F0070322FA03F3BA
:1046AC00DA071AD40BF1010BBBF1030F0AF1040A60
:1046BC00E9D14FF400310022009804F063FE019917
:1046CC0007A8FFF77BFE0028D7D125F4003501247D
:1046DC00002D75D10BB0BDE8F08F474B5B440493B4
:1046EC00DAF800100029DDD091FAA1F1B1FA81F1CC
:1046FC00049B1C7841EA44142046FFF755FE08EB56
:10470C004000878AC808BB08059301231AF80020CB
:10471C0001F0070103FA01F122EA01020AF8002074
:10472C0006A80694FFF730FE069A059B203250F837
:10473C002220C7F382065B073746C2F3014223D51A
:10474C004846D6B221463A4604F0C2FD06A8069465
:10475C00FFF71AFE069B203350F82330C3F30143B6
:10476C009E4207D10021204604F083FD31462046AD
:10477C0004F07FFD06A80694FFF706FE0122069BB7
:10478C0002FA03F30362ABE7022A0DD103212046A0
:10479C0004F06FFD06F00503012BEBD13A462146E0
:1047AC00484604F095FDE5E702212046059204F009
:1047BC0060FD032EF2D0059A032ADBD1022EECE722
:1047CC0095FAA5F3B3FA83F3009904FA03F225EAF8
:1047DC00020503F5A27251F8222008EB4303484668
:1047EC00B3F86410C2F3014204F072FD70E700BF2D
:1047FC00C8B20000E3BD0000E3BD0000074B027A25
:10480C00D3F8101521F001010A43C3F810250268F2
:10481C00C3F8A4264268C3F8AC26704700200E509B
:10482C004FF0FF326FF0404330B5044CD4E9000137
:10483C00824273EB0105F9D330BD00BF40270E5007
:10484C0030B50C25074B1C1894F8544005FB043369
:10485C00C3E9031218750123034A8340C2F82433B9
:10486C0030BD00BF4000002000200E50F0B53D4D83
:10487C0085B02C78002C6FD13B4A01AB07CA83E87A
:10488C0007003A491846D1F8102522F00202C1F867
:10489C001025FFF7B3FF0723672202F00101214423
:1048AC00013BCCB24FEA5202F7D1052C57D1194635
:1048BC004FF0010C2B4E00246720CFB204E00CFA11
:1048CC0002F220EA0200013490FAA0F25FFA84FEB0
:1048DC00BE45B2FA82F2F2D30131327505292A446F
:1048EC0082F8547006F10C06E5D101210024204811
:1048FC009A0801FA02F212F0670F18BF1C50043329
:10490C00302BF5D1E420FDF737FE184B1949D3F8BD
:10491C00102503F5C07322F00202C3F8902340F671
:10492C00FF72C3F8A82100221A60A3F5807004332B
:10493C008B420260F8D101240C4B0F4A1C660F4BC2
:10494C005D201B68B3FBF2F358430D4B2343984790
:10495C0000202C7005B0F0BD6FF07700FAE76FF017
:10496C008B00F7E740000020A8AE000000200E509E
:10497C0000210E50B0210E5040420F003403002095
:10498C00D0AE000073B52B4C0546636801A803F04C
:10499C0001030E46019304F08FFB00283FDB00233C
:1049AC0020753370636823F001036360A36843F0E0
:1049BC000103A360204BD3F81025900733D4D3F810
:1049CC00102542F00202C3F81025C5B1D3F84827D0
:1049DC0012F0010202BFD3F8481741F00101C3F8ED
:1049EC004817154BD3F84017D3F844174900F9D49E
:1049FC002AB9D3F8482722F00102C3F848270F4BF5
:104A0C000F4A1B68B3FBF2F30B4A03EB43136BB176
:104A1C00D2F84017D2F8440710F0804001D102B010
:104A2C0070BD013BF3E76FF07700F8E76FF07300B0
:104A3C00F5E700BF4000002000200E50340300209A
:104A4C0040420F0070B51D461446184A9DF8106080
:104A5C00131893F8543000B20C3302EBC30142F834
:104A6C0033404D60C5F31301AEB10201104E02F19B
:104A7C00A04202F562228000C2F820450644C2F82A
:104A8C002415336833B1FFF7CBFEA042A94101D204
:104A9C000023336070BD030103F1A04303F56223CF
:104AAC00C3F82045C3F82415F4E700BF40000020EC
:104ABC0000210E50F0B50E4D2B1893F85430000118
:104ACC000C3355F8334005EBC3077E68641800F1CE
:104ADC00A04021F0004146F1000641EAC27100F508
:104AEC00622045F833407E60C0F82815F0BD00BF49
:104AFC0040000020F7B5284B284CD3F82C6304F168
:104B0C0088070EB903B0F0BD96FAA6F00123B0FAEF
:104B1C0080F08340DA43224926EA0306231893F8EF
:104B2C005450830019440C2303FB0543DB6873B317
:104B3C00D7E8EF3F03EA020CC7E8EECFBEF1000F57
:104B4C00F6D1C340DB0719D5020102F1A04202F5F0
:104B5C006222D2F82435D2F82025D1F800C0BCF15D
:104B6C00000FCED04FF0000CC1F800C00C2101FB9F
:104B7C00054529690091E9688847C2E705F10C03EE
:104B8C0004EBC30C54F83320DCF80430E5E70A6876
:104B9C00002AB6D00B60B4E700200E504000002075
:104BAC0000210E50044B40EA0120C3F80005D3F855
:104BBC000024D207FBD5704700B0045080F080036E
:104BCC00032BA0F1800203D8054B53F82200704749
:104BDC0007289ABF034B53F820004FF0FF30704763
:104BEC00D8B20000E8B2000030B50B4B012493F8AA
:104BFC00625000220823204203D0254208D0013203
:104C0C00D2B2013B4FEA4404F5D118460A7030BDCC
:104C1C006FF01500FBE700BFB40D0020054B93F8B7
:104C2C006000431E012B03D9043818BF01207047C4
:104C3C0000207047B40D0020002010B5154A16490D
:104C4C00C2F8000591F86140D2F8043381F8604055
:104C5C000C6823F033030CB143F02303C2F81C019E
:104C6C00D2F81C41C2F81801D2F81841C2F8080158
:104C7C00D2F8082191F86520D00791F8662048BF3A
:104C8C0043F08003D207034A48BF43F04003C2F805
:104C9C00003310BD00500D50B40D002070B5002332
:104CAC0001264FF0FF340D4A92F8621018B90BB17F
:104CBC0082F8621070BD90FAA0F3B3FA83F306FA8F
:104CCC0003F5043342F8334002EBC3035C6020EA83
:104CDC000500012321EA0501E8E700BFB40D00201F
:104CEC0073B50023044601AA0E464FF4807101935C
:104CFC0004F0C2FC4FF48A71204604F0BDFC4FF462
:104D0C0082710546204604F0B7FC20B11EB115B1E6
:104D1C00144BD3F8343601AA4FF48471204604F0B6
:104D2C00ABFC4FF48671204604F0A6FC4FF488715E
:104D3C00204604F0A1FC0C4B234083B14FF48E753C
:104D4C00294601AA204604F097FC291F0835204665
:104D5C0089B2ADB204F090FCB5F5AE7FF0D10198FC
:104D6C0002B070BD00500D50C0FF3F002DE9F04166
:104D7C000146477A90F80480857A007AFFF71EFF87
:104D8C00421C03D16FF01500BDE8F0811E4C2E1DA6
:104D9C00B8F1010F44F8360033D13846FFF70EFF57
:104DAC00431CEFD004EBC60670604B780A781B03EB
:104DBC00120202F4E06203F4805348881343134A4E
:104DCC0002EA004213438A790020120702F0E04203
:104DDC0013434A79D20202F4006213430A79D203D4
:104DEC0092B213432A0102F1502202F55022C2F86A
:104DFC001835012294F86230AA40134384F86230CB
:104E0C00C2E74FF0FF30CDE7B40D00200000FF01EA
:104E1C00F0B50025314C059E84F8655084F8665039
:104E2C00A5602561266084F86300A5832C4CC4F82A
:104E3C00F015C4F8F42516B32322C4F8002300257A
:104E4C004FF0010C254F264E0CFA05F2024005F1ED
:104E5C00510417D1210106EB04147250626006EB69
:104E6C000514D4F81815013521F4006141EAC22269
:104E7C00082DC4F8182507F10807E5D1F0BDC4F8D2
:104E8C000063DCE7D7E90821B2F1FF3F23D05FEAEA
:104E9C00123E05BF4FEA521E02F01F02A2F58052CD
:104EAC0042EA0E2214BF42F0004242F080424FEA26
:104EBC00041E46F80E204A1C0FBF00214A0901F0BF
:104ECC001F0141EA022118BF41F0804106EB041496
:104EDC001A466160C3E70022E9E700BFB40D002069
:104EEC0000500D5070B51F4D95F86040002C36D118
:104EFC000126FF2085F86060FFF7D0FE1A4B1B4996
:104F0C00C3F80041D3F80021C3F80441D3F80421BD
:104F1C00C3F81041D3F81021C3F81441D3F814315D
:104F2C001C239A0806FA02F212F0330F1FBFA3F1EA
:104F3C00AF22A2F57202146012681A1F920806FAC8
:104F4C0002F212F0330F1CBF5C505A5808335C2B22
:104F5C00E7D1D520FDF710FB0020286070BD6FF065
:104F6C007700FBE7B40D002000500D50FC500D50A5
:104F7C002DE9F0410646FFF751FE0D460446C8B92F
:104F8C00FF20FFF78BFE0C27DFF83480E3B29D4245
:104F9C0001D800200CE007FB036098F86230827A9D
:104FAC001341DB0709D4FFF7E1FE01340028EDD0F3
:104FBC00BDE8F0816FF00F00FAE76FF01500F7E72E
:104FCC00B40D00202DE9FF4707469946FFF726FE52
:104FDC008A461446064600283DD138460DF10F018D
:104FEC00FFF702FE054638BB63889DF80F803BB384
:104FFC00B8F1010F32D8B9F1000F2FD022786378B5
:10500C0012B1B3FA83F6760951463846CDF80090C2
:10501C00FFF7FEFE6388134A0BB143F48053C2F8CA
:10502C00F835114B83F86480227983F8686083F833
:10503C006720042283F86020284604B0BDE8F0877E
:10504C0022786378002ADFD0002BDDD1B8F1010F74
:10505C0004D80126D8E76FF00F05EDE76FF0850552
:10506C00EAE700BF00500D50B40D002030B51E4AC9
:10507C000446136973BB00F06043B3F1005F2CD19D
:10508C0092F86450B1FBF5F305FB131040BB0BB267
:10509C00002B25DD92F86030052B06D8032B0CD89D
:1050AC00022B0FD06FF0760030BD062BFAD10F4BD0
:1050BC004D00C3F82C46C3F8305693683BB1C2E997
:1050CC000441F1E78D420BD1C2E90245ECE7C2E99C
:1050DC000241E9E76FF07700E6E76FF00C00E3E7D9
:1050EC006FF00600E0E700BFB40D002000500D503B
:1050FC002DE9F341564CA368002B00F0A58094F8E1
:10510C006020022A06D0042A37D06FF0760002B055
:10511C00BDE8F08101204F4AC2F80005E16825681E
:10512C0081404DB1032584F86050C2F82C36C2F88A
:10513C00301610600020EAE7C2F82C36C2F83016A0
:10514C00106000210120FFF7CBFD0028F9D00123CE
:10515C00404C414D636029460220FFF7C1FD0028F9
:10516C00F9D00023C4F80831D4F80821C4F80C3164
:10517C00D4F80C21C4F80035DCE70120354AC2F81C
:10518C000005216839B1052184F86010E168C2F886
:10519C002C368140CBE794F86410A58B019103EB7E
:1051AC00450349000093C2F82C36C2F83016106043
:1051BC0000210120FFF794FD0028F9D094F8683005
:1051CC0063BB0123234D6B6069460220FFF788FD0A
:1051DC000028F9D00023C5F80831D5F80821C5F806
:1051EC000C31D5F80C21A18B94F864200A44E168A9
:1051FC0092B28A42A28321BF174AA383D2E9020149
:10520C00C2E900014FF0000224BF23611846114B84
:10521C0038BF6FF00F00C3F8002578E74FF0010896
:10522C0000260C4FD7F8F455EDB208FA05F5013D00
:10523C00B542C6D9C7F8048000210420FFF750FD01
:10524C000028F9D00136F3E76FF00B005FE700BFE1
:10525C00B40D002000500D50BC0D00207FB5332044
:10526C006549FFF73DFD10F0100F0546624E0BD05F
:10527C001022624BC3F80823B218C3F82C26042260
:10528C00C3F8302601221A605D4CAA0694F86030EF
:10529C0010D5072B07D0594BD3F83436C3F34E0334
:1052AC00E36000232361554BD3F80433DB0601D5AF
:1052BC00FFF7C2FCA8071AD50023A16894F8602058
:1052CC000291E168062A8DF80430ADF80C101AD062
:1052DC00072A39D0032A0AD1484AC2F80035C2F845
:1052EC000035022384F86030236801A89847E90749
:1052FC0052D594F86030033B042B4DD8DFE803F013
:10530C005D4C2B44610094F8673023B1236913B1D1
:10531C0001223A4B1A60236801A89847394B93E84D
:10532C000300002386E803002361A368002BDED171
:10533C00324AC2F80035C2F80035042384F86030D4
:10534C0005238DF80430CFE7FFF776FC02238DF8A8
:10535C0004306368C9E7042301A88DF8043023687E
:10536C009847264BD3F8F825D20444BF01225A6043
:10537C000623216984F8603031B163691F4A5B00F0
:10538C00C2F82C16C2F8303623692BB9032301A8B6
:10539C008DF804302368984794F86030072B0AD0B6
:1053AC00164B1948D3F8043300211840FFF798FC2A
:1053BC00012685094DB904B070BD01220F4B5A600E
:1053CC00EAE701220D4B9A60E6E795FAA5F3B3FAEA
:1053DC0083F306FA03F225EA02055A08DB4303F0CD
:1053EC0001038DF809308DF8046023688DF80820CE
:1053FC0001A89847DEE700BFBC0D002000500D50FF
:10540C00B40D0020C40D0020C0FF3F00036803F062
:10541C001F025F2B02604FEA53129ABF024B53F8E4
:10542C0022000020704700BF08B3000010B50C4BE1
:10543C0004680C4A0C48844208BF1A46B2FBF1F3CC
:10544C0001FB13229A4208D213F0010005D17E2BE6
:10545C0002D8581E18BF012010BD0020FCE700BF69
:10546C000020A1070024F40000A0045037B5144616
:10547C00421C054618D0012902D1BBB104F066F9D3
:10548C0001A80195FFF7C2FF019B0A4A00EB8300BC
:10549C00D0F88050A30043EA41030B432A40134346
:1054AC0043F4A063C0F8803003B030BD04F05AF967
:1054BC00E6E700BFF0F0FCFF2DE9F84F91F8213042
:1054CC0005460C46002B00F0A08091F8228029683C
:1054DC005B485C4F5C4A6369814208BF1746B7FB67
:1054EC00F3F75A4BD3F840331C2B13D1022F95F8FA
:1054FC00223040F28D80227E12F0FD0F40F0888029
:10550C007A080132D2B2904538BF904643F0080376
:10551C0085F8223094F8232095F8223062F30003AA
:10552C0085F82230227CDBB262F3410385F822300D
:10553C0094F823600EBB237E0121012B94BF002322
:10554C00012332462068FFF791FF334632466068EC
:10555C00FFF78CFF33463146A27EA068FFF786FF2B
:10556C000121237C3246E06883F00103FFF77EFFC4
:10557C000B463246E069FFF779FF94F82130002B97
:10558C0049D04FF0FF336B6294F8211094F812E07D
:10559C00207E627E002948D0E668217C94F8249015
:1055AC0094F820C02B68B9F1000F12D1D4E900BADD
:1055BC00D4F80890E469C3F800B6C3F804A6C3F89D
:1055CC000896C3F80C46C3F81066C3F8B815C3F8B0
:1055DC00B085003A18BF01220228C3F8C0E5C3F811
:1055EC002C7525D0032826D0012801D142F00202C7
:1055FC00C3F85425C3F8ACC56B68FBB12868BDE88B
:10560C00F84FC0F30830FCF7B7BF4FF002085EE765
:10561C006FF3C3037CE7E3686B62227C95F822305E
:10562C0062F3410385F82230AEE74FF0FF36B5E761
:10563C0042F00402DCE742F00602D9E7BDE8F88F3D
:10564C0000A004500024F4000020A10700C0FF00BB
:10565C00431C07B50ED0019001A8FFF7D7FE019BA4
:10566C0000EB8300D0F88020044B134043F002037E
:10567C00C0F8803003B05DF804FB00BFF0F0FCFF15
:10568C0038B504460068C0F30830FCF783FF636844
:10569C0043B12146154A51F8043BC3F8082320684E
:1056AC0004F06CF82368D3F80006D3F80416D3F88A
:1056BC00085694F82230DB0714D4FFF7C9FF2846AC
:1056CC00FFF7C6FF0846FFF7C3FF606AFFF7C0FF8E
:1056DC002368D3F80C06D3F81016FFF7B9FF084669
:1056EC00FFF7B6FF002384F8203038BD0700F81F01
:1056FC0070B5234B02680D689A423CD0214E224C67
:10570C00224BB24218BF1C46B4FBF5F305FB134603
:10571C009EBBA54231D85C1E1C402ED1B3F5007F38
:10572C002BD893FAA3F3B3FA83F3D2F804654D792B
:10573C00097926F0030601F003013143C2F8041580
:10574C00D2F8081505F0030521F003012943C2F82E
:10575C000815C2F81035006800F5A07300F5B0729A
:10576C001C6053F8041B9342FAD1C0F30830FCF7C9
:10577C0003FF002070BD064CC6E76FF01500F9E77B
:10578C0000500550005008500048E8010024F40077
:10579C000020A10730B50E4A03689342D3F8105588
:1057AC0013D002F54032934214BF10232023A1FBE7
:1057BC000312C5F12004A5F12000E94002FA04F41B
:1057CC00214322FA00F0084330BD8023EFE700BFED
:1057DC000050055010B50446FBF77CFF034801212F
:1057EC00034A03F053F8204604F066F914AE0000A7
:1057FC00E6BD00002DE9F84304460D4600AFEFF37B
:10580C001188202383F31288BFF36F8F0428294A51
:10581C0098BF294BE9468AB09668117C98BF53F81B
:10582C0020306A4688BF254BC2E9073140F201336C
:10583C0023489384234BC2E9050442F8103F00230C
:10584C004FF431512048FCF715F8CD4645B1EB69C2
:10585C00C3F3080323B101211C4A1B4803F016F8BB
:10586C002EB1304604F055F908B1037803B9184845
:10587C00E9468AB06A46174BD061C2E9053640F258
:10588C0001331384144B42F8103F00234FF4115191
:10589C000D48FBF7EFFF2946CD462046FFF79AFF50
:1058AC0088F31188BFF36F8F3046FCF709FEBD46B5
:1058BC00BDE8F883200E002014B30000F5BD0000F5
:1058CC000BBE00000500000114AE000033BE00004A
:1058DC0003BE000054BE00000400000138B50A4BA2
:1058EC0053F82040013053F82050A54200D838BD61
:1058FC00606830B1037FDB0701D404F0BAF80834D8
:10590C00F3E723689847FAE728B30000012270B543
:10591C00294B032086B01A70FFF7E0FFFCF76EFAF4
:10592C000420FFF7DBFF254C254D2646AE4204F143
:10593C00300410D300F08EFC204C224EAC4226D307
:10594C0000F09CFCFAF758FF1F4A137B23F001036D
:10595C00137306B070BD54F80C3C059354F8103C0E
:10596C00049354F8143C039354F8183C029354F8E1
:10597C001C3C019354F8203C009354E90A2354E94D
:10598C000C0100F02FFA54F8303C5E65CDE7D4E9F9
:10599C000A23B3F1FF3F08BFB2F1FF3F05D052EA33
:1059AC000301206803D100F053FD3034C6E73146C3
:1059BC00183000F0EFFEF8E7B691002078AD00004B
:1059CC0078AD00001D9C0000780A0020C02370B543
:1059DC00144E86B003FB0066134B012205930F2374
:1059EC00CDE903320023CDE9013314234FF4A07227
:1059FC000E4D0F4903FB0055044602FB00110D4BE5
:105A0C003046009500F0EEF9737B2C7423F0040300
:105A1C007373094B013403EBC423EE606B6006B067
:105A2C0070BD00BFB8090020B6BE0000200E0020DB
:105A3C00B89C0020D59A0000B8940020BFB5002077
:105A4C00FFF74CFF294B03F5006282F3088883F3C0
:105A5C000A880024E023264D264F85F82230EC7767
:105A6C002C766C76AC7685F820406B6A43F4E02398
:105A7C006B6285F82340FCF79DFCFCF723FE4FF08E
:105A8C00FF33AB62EB62FCF7C5FFFCF743FEFBF7A1
:105A9C007FFD194800F03AFA0120FFF71FFF0220A2
:105AAC00164DFFF71BFF00F01DFC154B15495D61F2
:105ABC00154B4FF48062059301232846CDE903432F
:105ACC00CDE901443B46009400F08CF906466A7B14
:105ADC00284622F004026A7304F057F82046FFF7B8
:105AEC0075FF3A4631462846FCF7CAFDB8940020AB
:105AFC0000ED00E019590000380B0020780A002056
:105B0C00200E0020F89D0020BBBE00002DE9F341C3
:105B1C00044617461E46EFF31188202383F31288A0
:105B2C00BFF36F8FC368334A7BB18068916888423A
:105B3C0019D057EA060318D188F31188BFF36F8F79
:105B4C006FF00F0002B0BDE8F081916891F90E1072
:105B5C000133E36093682161A36088F31188BFF37C
:105B6C006F8F0020EEE72169F2E791F90E1090F9A2
:105B7C000E306FF07E029942A8BF19469142B8BF11
:105B8C0011468B422DDD03F0AAFF05462246414605
:105B9C00CDE90076184800F0A3FA0028E1D0EFF325
:105BAC001186202383F31288BFF36F8FA068D0B1C6
:105BBC00236821699C420AD04BB193F90E3099426B
:105BCC00A8BF19466FF07E039942B8BF194603F07F
:105BDC0086FF40B13146084800F016FB6FF00A0012
:105BEC00B0E70025D2E7002DF4D186F31188BFF37E
:105BFC006F8FF3E7200E0020B7910020F8B5836873
:105C0C000546002B40D0234A926893423FD1C3688B
:105C1C00012B03D9013BC3600020F8BDEFF31187C2
:105C2C00202383F31288BFF36F8F0169806803F020
:105C3C0056FF2C68AC4207D10023C5E9023387F329
:105C4C001188BFF36F8FE7E7002CF5D0D4E9003251
:105C5C00002613605A60637BC4E9006623F00203DC
:105C6C006373A66004F1180004F032F8AC6094F988
:105C7C000E3020462B61C4F8BC6003F086FF394619
:105C8C00054800F0C1FAC7E76FF01500C5E74FF003
:105C9C00FF30C2E7200E0020B791002070B5EFF363
:105CAC001186202383F31288BFF36F8F0468A04200
:105CBC001BD0D4B1D4E90032002513605A60637B49
:105CCC00C4E9005523F002036373A56004F11800C6
:105CDC0003F0FEFF2046C4F8BC5003F056FF3146DB
:105CEC00BDE87040064800F08FBAD0E902329A4203
:105CFC0018BF0133836086F31188BFF36F8F70BDBB
:105D0C00B791002013B5EFF31181202484F312888E
:105D1C00BFF36F8F846844B1013C846081F31188B8
:105D2C00BFF36F8F002002B010BD52EA030406D1FE
:105D3C0081F31188BFF36F8F6FF00F00F3E7CDE99C
:105D4C0000230246014800F0CBF9ECE7B7910020A4
:105D5C002DE9F0410546EFF31187202383F31288D8
:105D6C00BFF36F8F00236FF00A081E462C68A54204
:105D7C0016D0ACB1D4E9003213605A60637BC4E92D
:105D8C00006623F002036373A66004F1180003F0AD
:105D9C009FFF2046C4F8BC8003F0F7FE0123E5E723
:105DAC000022AA602BB13946BDE8F041044800F04E
:105DBC002BBA87F31188BFF36F8FBDE8F08100BF5A
:105DCC00B791002010B5044608B9054B9C681F22FA
:105DDC0004F1840004F05EFA002084F8A30010BDE6
:105DEC00200E00202DE9F04F984685B000F15803A5
:105DFC00C0E91633129B002503730423D61D26F02D
:105E0C0007064373119B01EB060A0F46C0E90655C2
:105E1C00514685608373C5730446DDF838B0DDF8F0
:105E2C004C90FCF781F8109B073020F00700C4E978
:105E3C002976C4F8AC0002930F9BAAEB0006CDE9BF
:105E4C0000B33246434639462046FCF7FDFB0F9B18
:105E5C00C4E91C8BA367109B656584F86C50E367E1
:105E6C00EFF31183202282F31288BFF36F8F104F50
:105E7C003A6A3C62C4F8802083F31188BFF36F8FB9
:105E8C00B9F1000F11D01F22494604F1840004F02F
:105E9C0001FA84F8A350BB680BB1D3F8B03030468C
:105EAC00C4F8B03005B0BDE8F08F84F88490F2E708
:105EBC00200E0020F0B5002587B00595109DDDE97A
:105ECC00127604950F9D044603950E9D02950D9D2B
:105EDC0001950C9D0095FFF785FFB6F1FF3F08BFBC
:105EEC00B7F1FF3F05D056EA070305D1204600F075
:105EFC00AFFA204607B0F0BD3A46334604F118001D
:105F0C00014900F047FCF4E71D9C000040F201132E
:105F1C0083810023C0E92933C0F8B030014B98606D
:105F2C00704700BF200E00206FF00A01094A9368E9
:105F3C00C3F8BC100849C3F8B8004B6843F0805351
:105F4C004B60002383F31188BFF36F8F9368D3F8F2
:105F5C00BC007047200E002000ED00E070B590F9F9
:105F6C000D20437B002A36DBD90634D11B4C63F061
:105F7C007F032246437352F8183FE169934207D1DD
:105F8C00C0E900210860E06111E09942F8D01B687B
:105F9C00002BF5D090F90E5093F90E60B542F4D069
:105FAC00AE42F2DD5968C0E9003108605860A5695D
:105FBC00954200D005B9E568A3685A7BD20604D196
:105FCC00DA897F2A01D9AA6932B1AB4202D02846BC
:105FDC0000F038FB656170BD6361FCE7200E0020AA
:105FEC0038B590F90D200146002A437B04DA03F002
:105FFC007F03437303F08FFD0D4D2A4652F8184F63
:10600C00AB68944200D004B9EC688B4207D05A7B41
:10601C00D20604D1DA897F2A01D9A2692AB1A34216
:10602C0002D0204600F00EFB23466B6138BD00BF4A
:10603C00200E0020B3F1FF3F08BFB2F1FF3F03D0A9
:10604C000249183000F0A6BB704700BF1D9C000031
:10605C0070B590F90D200146002A437B04DA03F059
:10606C007F03437303F057FD1C4C4B7B224663F0BC
:10607C007F034B7352F8183FE069934207D1C1E993
:10608C0000200160E16111E09842F8D01B68002B00
:10609C00F5D091F90E5093F90E60B542F4D0AE42A2
:1060AC00F2DD5868C1E9003001605960A569A36848
:1060BC00954200D005B9E5688B4207D05A7BD206D1
:1060CC0004D1DA897F2A01D9AA692AB1AB4202D05C
:1060DC00284600F0B7FA2B46636170BD200E0020F5
:1060EC00F8B5DDE906670D4B0C46986811460C4A6D
:1060FC001060EFF31182202282F31288BFF36F8FAE
:10610C009D68284603F019FD284632463B46FFF7AA
:10611C0091FF2046BDE8F840FFF706BF200E002097
:10612C00440E0020F8B50446EFF31187202383F3C7
:10613C001288BFF36F8F437B49B203F01F02002A12
:10614C000CBF0126002639D103F07F032D4D43737C
:10615C0003F0E1FC2A46437B817363F07F034373B6
:10616C0052F8183F934227D1E869C4E90020046033
:10617C00EC610FE09842F8D01B68002BF5D093F936
:10618C000EC06145F6D08C45F4DD5968C4E9003188
:10619C000C605C60AC69944200D004B9EC68AB68EC
:1061AC009C4202D0204600F04DFA6C6187F31188B6
:1061BC00BFF36F8F3046F8BDE869DEE79B071ED54D
:1061CC00856803F0A8FC81732B689D4209D16B682C
:1061DC00C4E900531C606C60E8E76A689342F6D02F
:1061EC001B68002BF3D093F90E209142F5D08A4214
:1061FC00F3DD5A68C4E9003214605C60D6E7817341
:10620C00D4E700BF200E002049B9EFF3058030B968
:10621C00054B5A699B689A4201D0FFF785BE81F302
:10622C001188BFF36F8F7047200E0020034648B9CA
:10623C00EFF3058232B9064A51699268914201D056
:10624C00FFF772BE83F31188BFF36F8F704700BFE7
:10625C00200E0020EFF31181202383F31288BFF36B
:10626C006F8F054B9A68D37B013BD37381F31188F5
:10627C00BFF36F8F704700BF200E002070B5EFF397
:10628C001186202383F31288BFF36F8F144DAB68F4
:10629C00DA7B0132DA732A4652F8184F944200D056
:1062AC0004B9EC685A7BD20604D1DA897F2A01D969
:1062BC00A2692AB1A34202D0204600F0C3F92346BA
:1062CC006B6186F31188BFF36F8FEFF3118020237E
:1062DC0083F31288BFF36F8FBDE87040FFF7A6BF42
:1062EC00200E0020024B03F11802C3E9062270476E
:1062FC00200E002070B5EFF31186202383F3128853
:10630C00BFF36F8F1B4CA168E0690B68814214BF0F
:10631C001A46002249680B605960A368E1692AB9E2
:10632C00154AC3E900210B60E3610CE093F90E0000
:10633C0092F90E50A84218D0854216DD5168C3E977
:10634C0000210B605360A5690B4B9D4200D005B931
:10635C00E568A3689D4202D0284600F073F9656198
:10636C003046BDE87040FFF7DFBD8A42D8D01268D6
:10637C00D5E700BF200E0020380E0020F8B550EAFB
:10638C00010306460C4603D1FFF7B4FF0020F8BD0D
:10639C00EFF31187202383F31288BFF36F8F124D15
:1063AC00124BA8681860FFF71BFEA86823463246FC
:1063BC000F49183000F0EEF9AA680446537B3846B2
:1063CC0043F004035373FFF7AFFDAB68D3E90A2323
:1063DC00B3F1004F08BF002AD8D103F0A1FC201A5A
:1063EC0020EAE070D3E700BF200E0020440E00200E
:1063FC001D9C000038B504460D46FFF7BFFFB5F1F4
:10640C00FF3F08BFB4F1FF3F0246204618D00023DF
:10641C004FF47A7447F611201946C2FB040147F673
:10642C001222904271F100020BD3084B834243F6C7
:10643C0008538B4107D347F612220023FAF718F8BA
:10644C0038BD1846FCE76FF00040F9E7ED85FFFF1B
:10645C0038B50446EFF31185202383F31288BFF37C
:10646C006F8F437B5B070FD5183003F031FC637BD8
:10647C00204623F004036373FFF770FD2946BDE843
:10648C0038400448FFF7C0BE85F31188BFF36F8F07
:10649C0038BD00BFB7910020014B9868704700BF12
:1064AC00200E00202DE9F8430446077BEFF31185FD
:1064BC00202383F31288BFF36F8F437B190705D515
:1064CC0085F31188BFF36F8FBDE8F883D90943F0CA
:1064DC00080260D14273A36813B1204603F023FB7A
:1064EC0004F1180003F0F4FBA66D04F15808B04554
:1064FC0011D04FF0000976B1304603F014FB06F1D1
:10650C00180003F0E5FB3046C6F8BC90FFF726FDFB
:10651C00A66DB045EFD1DFF8C480D8F808309C42A6
:10652C0041D1EFF30589B9F1000918BF4FF001090A
:10653C00D8F818602A4A964200D00EB9D8F80C60E8
:10654C00B34202D0304600F07DF82046C8F8146003
:10655C0002F079FA204600F0CDF8B9F1000F02D024
:10656C002048FFF7D3FCD8F808309C4231D1EFF328
:10657C00058373BB227BD20718D42846FFF7D4FCC3
:10658C00FB07A1D5002383F31188BFF36F8F04237E
:10659C00184602DF98E703F07F0343F008034373C8
:1065AC0003F0B9FA97E74FF00009C1E785F31188BA
:1065BC00BFF36F8F83F31188BFF36F8F04231846DB
:1065CC0002DFEFF31180202383F31288BFF36F8F68
:1065DC00D4E785F31188BFF36F8FD1E7200E00202D
:1065EC00380E0020380B00200122044BC01A044B3B
:1065FC00C0105843034B1A54704700BFF80B0020CF
:10660C00ABAAAAAAB7910020C3897F2B12D80A4B38
:10661C001B6863B1094B90F90E201B689A4209DB89
:10662C00437BDB0606D1064BC31A18BF012303F0CC
:10663C00010070470023FAE778030020480E002081
:10664C00B809002070B50E4B0E4C1E7C054606EBAF
:10665C00460304EBC304204603F03AFB00220A4B2A
:10666C0028469A55FFF7D0FF48B1084B2046BDE8A5
:10667C0070401A680649013AD31700F08BB870BD08
:10668C00200E0020F80B0020B7910020780300208A
:10669C00F565000038B5EFF31185202383F31288DC
:1066AC00BFF36F8F104B114A9C681068A04206D143
:1066BC00FFF7C8FF85F31188BFF36F8F38BD00213A
:1066CC001B7C11600A4AD35C002BF3D02046FFF7E9
:1066DC009BFF0028EED0637BDB0602D12046FFF740
:1066EC00B7FC2046E4E700BF200E0020440E00203B
:1066FC00B7910020EFF31181202383F31288BFF3AD
:10670C006F8F0C4A136A834208D1D3F8803013621E
:10671C0081F31188BFF36F8F70471346002BF7D0AE
:10672C00D3F880208242F8D1D0F88020C3F88020A2
:10673C00EEE700BF200E0020024B1868984208BFFD
:10674C00002070477C030020034B1B680BB9FDF73E
:10675C005BBA0020704700BF4C0E002030B570B102
:10676C000B4B5B6898420AD0036843B1D3E9042110
:10677C00D0E90445121941EB0501C3E90421D0E924
:10678C00003213605A600023C0E9003330BD00BFF3
:10679C007C030020B3F1FF3F08BFB2F1FF3F2DE9AE
:1067AC00F84F0446994615461F467AD08160EFF3A0
:1067BC001188202383F31288BFF36F8FB9F1000F78
:1067CC00DFF8E4A020DBFFF7BFFFDAE90027013593
:1067DC0049F100092D1849EBE07306464FF0010909
:1067EC00C4E90453AD1843EB0707FFF7A5FF0346B5
:1067FC00DFF8B8E0DEF804A0EBB9C4E900EACAF8A7
:10680C000040CEF8044028E06FF00103DAE90012F2
:10681C005B1A4FF0FF3161EB02025B1B62EB09026A
:10682C00012B72F10001BCBF012300224FF00009C3
:10683C00C0E90432D9E7D3E9041CD4E904208A4224
:10684C0070EB0C0B24DA891A5A686CEB0000C3E964
:10685C000410C4E9003214605C60FFF76DFF8442E1
:10686C000ED1134B1B685BB9B9F1000F02D1FFF7C6
:10687C006BFF0646304603F014FA0021FDF7D8F9F9
:10688C0088F31188BFF36F8F28463946BDE8F88F1F
:10689C00521A60EB0C009A45C4E90420ADD01B6879
:1068AC00AAE700252F46EFE7100C00207C03002000
:1068BC004C0E00202DE9F047EFF31185202383F3D4
:1068CC001288BFF36F8FDFF8A0900026C9F8000084
:1068DC000027FFF731FFDFF89480D9F80030D8E9B2
:1068EC0000ECD91750B1D0E90442A34271EB020A73
:1068FC001BDAE41A62EB0102C0E90442002413EB38
:10690C000E034CEB01012046C8E90031C9F80040E8
:10691C0003F0C7F92146FDF78BF985F31188BFF316
:10692C006F8FBDE8F047FFF7B5BE14EB0E024CEBD2
:10693C00E473C0E90467C8E90023FFF70FFF85F390
:10694C001188BFF36F8F83689847EFF3118520236D
:10695C0083F31288BFF36F8FD9F800301B1BC9F873
:10696C000030FFF7E9FEB8E74C0E0020100C0020B9
:10697C0010B5EFF31184202383F31288BFF36F8FCC
:10698C00FFF7E2FE0346054AD2E90001181841EB75
:10699C00E37184F31188BFF36F8F10BD100C0020CE
:1069AC00F8B50546EFF31187202383F31288BFF364
:1069BC006F8F036823B187F31188BFF36F8FF8BD16
:1069CC00D0E90A46611C46F10002022972F100026C
:1069DC0036D3012C76F10002BCBF01241E46013CCB
:1069EC0046F1FF3603F0A0F9013041F10001001926
:1069FC0046EB0101012871F1000130DB03F094F941
:106A0C006FF00203013041F10001001946EB010166
:106A1C0083426FF000438B4126DB03F085F9013094
:106A2C0041F100016FF00102001946EB01034FF038
:106A3C00FF31121A61EB030328461C49FFF7AAFE2B
:106A4C002B6B01332B632B6A93B93C462B4653F8C3
:106A5C00185F9D4200D0D5B984F31188ADE76FF073
:106A6C0001024FF0FF33E7E700224FF00043E3E76A
:106A7C0087F31188BFF36F8F28462B6A9847EFF383
:106A8C001184202383F31288BFF36F8FDEE728462F
:106A9C0003F08AF80023C5F8BC3084F31188BFF3E7
:106AAC006F8F2846BDE8F84003F06FB8AD69000061
:106ABC002DE9F04105461C4690461F46EFF3118622
:106ACC00202383F31288BFF36F8FB4F1FF3F08BF0D
:106ADC00B2F1FF3F05D186F31188BFF36F8FBDE88C
:106AEC00F081002C09DB012A74F10003BCBF0122E8
:106AFC00002412F1FF3844F1FF37284603F0E8F880
:106B0C00DDE906010023C5E90A012B6342463B4639
:106B1C0028460249FFF73EFEDDE700BFAD690000E5
:106B2C00F8B50D4E0D4C0E4D33680E4898476778EE
:106B3C002B680C48984733680B489847022F08D1AC
:106B4C002478E31F5C425C412B6807489847204639
:106B5C00F8BD0024F8E700BFA8030020500E002069
:106B6C00A4030020540400204004002070B51D4EE6
:106B7C001D4C33681D4898472378590744BF23F0B0
:106B8C000403237023789A0705D500F0C1F8237805
:106B9C0023F002032370164D14482B689847336872
:106BAC0014489847637813B1134803F014F9002381
:106BBC0004211148637000F0CBF82B680D489847FE
:106BCC0033680A4898472378DB0705D503F000F9AA
:106BDC00237823F0010323702B680448BDE8704030
:106BEC00184700BFA8030020500E002040040020CE
:106BFC00A403002054040020540E00202DE9F04181
:106C0C00FFF78EFF18B100242046BDE8F081364F07
:106C1C0036483B689847044620B16FF08F04FFF765
:106C2C00A5FFF1E7324D2B78D80706D403F0CEF848
:106C3C0004462B7843F001032B702E4E2B483368FF
:106C4C00984710B1002CE8D0E9E7002CE7D13B685D
:106C5C002648984704460028DFD12B78990706D49C
:106C6C0000F04EF804462B7843F002032B70336887
:106C7C001E4898470028E5D1002CD0D13B681B4812
:106C8C0098470028C9D13368184895F80080984770
:106C9C000028C2D13B681848984704460028BCD14C
:106CAC006B7843B918F0010F05D0144803F091F834
:106CBC00022304466B7033680F4898470028C1D1F3
:106CCC00002CACD13B68094898470028A5D12B78FB
:106CDC0006485A075CBF43F004032B70336898478F
:106CEC00002890D099E700BFA803002040040020A2
:106CFC00500E0020A403002054040020540E002049
:106D0C000122024B002083F880257047580E00208A
:106D1C002DE9F0410A4C002526464FF001080327C7
:106D2C002046C4F820802777013503F032F8202D57
:106D3C0004F12C04F4D1002386F88035BDE8F081F1
:106D4C00580E0020014B1B68184700BF840300201D
:106D5C0010B50A46044619B1024B00211B6898472E
:106D6C0010BD00BF8803002010B50C4C206803F048
:106D7C00EEF90B4A1368591C11604BB9094A4820AB
:106D8C00D2F8003443F00703C2F80034FBF7F4FBED
:106D9C002068BDE8104003F0E0B900BF900300206C
:106DAC00DC1300200080045038B5164D286803F021
:106DBC00CEF9154B1C68013C1C60ECB94820FBF764
:106DCC00E9FB0722114BC3F80823D3F8002422F067
:106DDC000702C3F80024C3F80041D3F80021C3F81C
:106DEC000441D3F804214FF48072C3F80841D3F85E
:106DFC000831074BC3F888212868BDE8384003F0F8
:106E0C00ACB900BF90030020DC13002000800450BC
:106E1C0000E100E070B5104D104E2B68B3420DD060
:106E2C00FFF7A2FF00F0E6FC00F022FD40B102F0FB
:106E3C00DFFF0446FFF7B8FF44B92E60002405E0DD
:106E4C0000F0E0FA044618B1FFF7AEFF204670BD23
:106E5C0003F0DEF8EDE700BF8C0300201173650032
:106E6C004FF480732DE9F04796B0804603A8039346
:106E7C00002403F049F84FF010091E4E0DF12F05B8
:106E8C0025F01F0506F1200A012210211A4803F0F3
:106E9C001AF82B1900935246102320211548CDF8CF
:106EAC00049000F0EDFA0746F8B9D6E90C3210342C
:106EBC00013342F10002302CC6E90C32E4D1B8F1B6
:106ECC00000F04D022464146284602F0EFFF2E4622
:106EDC00084C0FCE0FC496E80F00203584E80F0045
:106EEC0095E80F00103484E80F00384616B0BDE862
:106EFC00F08700BF180C0020380C0020F0B5194D9D
:106F0C00194FAB6B8DB0BB4229D0184E306803F0D3
:106F1C001EF9402300221946284602F0DEFF3021DC
:106F2C00684602F0FEFF044678B96846FFF798FF02
:106F3C00044690B9302302461946684602F0CDFF4C
:106F4C0001220023C5E90C23AF63306803F005F977
:106F5C00204602F04DFF0DB0F0BD0E24F5E70020E9
:106F6C00F9E700BF180C0020B4A5B4A594030020C9
:106F7C002DE9F04F99B00DF1570802F10F09824637
:106F8C000E46144628F01F084FEA191922B10029A1
:106F9C006DD0B2F5803F6AD8364F374D386803F064
:106FAC00D6F8D5E90C3213430BD15046FFF7A6FFA8
:106FBC00834630B1386803F0D0F8584619B0BDE8B4
:106FCC00F08FD5E90C2319EB020243F10003B3F562
:106FDC00803F14D3302102A802F0A3FFE8B902A825
:106FEC00FFF73EFF83460028E4D1302302461946C2
:106FFC0002A802F072FF00220023C5E90C234FF413
:10700C00807302A8029302F07FFFDFF870A03CB9F6
:10701C002046FFF725FF8346CCE76FF0920BC9E7BC
:10702C00102C4FF001024FF010015046A14628BF22
:10703C004FF0100902F047FF102352462021CDE9F2
:10704C0000830D4800F01CFA83460028B2D14A4652
:10705C003046414603F009F9D5E90C32013342F1CF
:10706C000002C5E90C32A4EB09044E44CFE76FF0E3
:10707C00860BA2E794030020180C0020380C00208B
:10708C000022074BC3F81021C3F80C21C3F80021D0
:10709C00C3F80421C3F80821C3F81421704700BFBA
:1070AC000050045008B5FFF7EBFF01230360104BB1
:1070BC000A6832B9D3F80C211AB9D3F80821002A7E
:1070CC00F6D00B687BB90B4B99420ED0A3F58473A9
:1070DC00D3F80831002B0CBF4FF0FF306FF00200DB
:1070EC00FFF7CEFF08BD0020FAE74FF0FF30F7E7BF
:1070FC00005004500851045038B505460C4691B167
:10710C000021012002F0B5FA08480949C0F80055E1
:10711C00C0F80445FFF7C6FF00210446084602F0FC
:10712C00A8FA204638BD6FF00104FAE7005004506D
:10713C0000510450034B0449C3F800050348FFF702
:10714C00B1BF00BF0050045004510450045004500F
:10715C0010B504460021012002F08BFA064B0749BA
:10716C00C3F800450648FFF79DFF0021044608467A
:10717C0002F07FFA204610BD005004500851045014
:10718C000850045038B50C4659B1074D0749C5F89D
:10719C0000050748FFF786FF10B9D5F808352360BE
:1071AC0038BD6FF00100FBE7005004501051045043
:1071BC000C5004502DE9F04F89B006460F4690460E
:1071CC001D4602F002FF044678B973690090C3F3C0
:1071DC00013262F305148DF8004014F0300408D12C
:1071EC00B168890710D06FF08604204609B0BDE85D
:1071FC00F08F102C08D1BDF8023023F4F87343F44F
:10720C00A873ADF802304EE0DBB2F82B02D06FF071
:10721C008504EAE700234FF0010B9E4619461846F9
:10722C00D6F808C0DFF8CC9159F804AB1CEA0A0F69
:10723C0008D00BFA00F343EA0E0303F07F0E012390
:10724C0041EA0A0101300728EED12BB19DF8033039
:10725C006EF347038DF803303CEA0101D7D17388F4
:10726C00FF2B35D005D8802B34D0C02BCFD10223A7
:10727C0003E0B3F5807FCAD104239DF8021063F3B9
:10728C0006118DF8021014B91CF0030FABD1337931
:10729C00022B2BD020D8012BA5D1BDF8021063F303
:1072AC00C811ADF80210012A6FD0032A23D0002A8E
:1072BC0099D13388B3F5105FA9D1182D6DD0202D3D
:1072CC0070D0102D8FD1DFF830A101251F261AE0C8
:1072DC000323D2E70123D0E7032B01D0FF2B82D16C
:1072EC000221BDF8023061F3C8138AE7BDF8023001
:1072FC0043F4C07385E7412D3DD104254F26DFF8BB
:10730C00FCA008F101080024381902F032FE002814
:10731C006CD00134AC42F7D11F2E07D02946384629
:10732C0002F03BFE044600287FF45FAF009B4FF059
:10733C00FF39079300239B46CDF818A0BDF8022017
:10734C004344C2F3C112059201AC03F1100C224666
:10735C0018685968083303C263451446F7D101A96C
:10736C0007EB0B00FFF7C8FE044630B302F02DFE0E
:10737C006FF0920439E7182D19D0202D1AD0102D4A
:10738C007FF431AFDFF874A09FE7302D7FF42BAF83
:10739C0003253F26DFF868A0B5E7DFF85CA00225DF
:1073AC002726B0E7DFF850A002252F26ABE7DFF841
:1073BC004CA0F4E7DFF844A0F6E71C2101A80BF180
:1073CC00010B02F095FDAB4506D00AEB0B12CDE993
:1073DC0006294FEA0B13B1E71F2E3FF406AFBA2074
:1073EC00FFF7B6FE00283FF400AFC1E76FF08A0448
:1073FC00FBE600BF40B300004000815100000020BC
:10740C001084045010B590B01C22002101A802F089
:10741C0039FFF82002F0ADFD08B3202200200DEB5F
:10742C000201FFF7A5FD0446F8B901A84FF48071DD
:10743C0002F0A9FD0E4B0F4904930F4BCDE901133C
:10744C000E4BF821069320230DEB0302FFF7B2FE3F
:10745C00202104460DEB010002F04AFD05E0F92065
:10746C0002F087FD0028D8D10446204610B010BD8C
:10747C000010C00400240001014B4E80F800FF7F77
:10748C002DE9F3411D464FF48073284C80460020B3
:10749C0017460E46019300F037F901AB2360112318
:1074AC00234A0121C4E9022304F11003636040F66E
:1074BC001103E36104F1200363612123089AE36261
:1074CC001C4B46F000561A60099A45F0005542F0E4
:1074DC000052C3E901122022C4F81080A661276271
:1074EC00A5626162DA60BFF35F8F4FF0A342146054
:1074FC00BFF35F8FBFF35F8F1361BFF35F8FBFF37A
:10750C005F8F03235363BFF35F8FBFF35F8F93636F
:10751C00BFF35F8F02F0B8FD431C0446FAD0002085
:10752C0000F01CF9204602B0BDE8F081F0130020F9
:10753C0004000020E0130020BFF35F8F094A13689A
:10754C00BFF35F8F43F48071BFF35F8F1160BFF3A4
:10755C005F8F23F48073BFF35F8F1360BFF35F8F74
:10756C00704700BF0010805108B5FFF7E5FFBFF36F
:10757C005F8F064A1368BFF35F8F43F00103BFF3BD
:10758C005F8F1360BFF35F8F08BD00BF0010805189
:10759C0070B50026C0E9006605460C46FFF7E4FB13
:1075AC0001232B70FFF7C8FFBFF35F8F204BDB6805
:1075BC00BFF35F8F9B08013BACB3226842B19A4288
:1075CC0005D9FFF7F1FB6FF03F002E7070BD13462D
:1075DC00D4E90115E068002908BF4FF400710028B8
:1075EC0008BFF1202469BFF35F8F114A9360BFF38A
:1075FC005F8FBFF35F8F1564BFF35F8FBFF35F8F38
:10760C005064BFF35F8FBFF35F8F5163BFF35F8F26
:10761C0044F4802444F00104BFF35F8F1460BFF383
:10762C005F8F0020D2E74FF40071F1202546DAE796
:10763C000010805170B503780D461446002B53D0C2
:10764C00BFF35F8F2D4A136BBFF35F8F5908C3F3E2
:10765C004203052B4BD011F0060F02D14FF0FF3037
:10766C0070BD4368D3B9BFF35F8F5368BFF35F8FAF
:10767C00032BF3D9224B2349BFF35F8FD2F88060E1
:10768C00BFF35F8FBFF35F8F43F8046BBFF35F8F64
:10769C008B42F1D1FFF768FF01234360BFF35F8F8B
:1076AC00164B9A68BFF35F8F0132B4EB021F21D8DF
:1076BC00BFF35F8F5A68BFF35F8FB4EB820FCDD8E7
:1076CC0084B1BFF35F8FD3F88020BFF35F8F291D88
:1076DC0005F8012B8D424FEA122204F1FF34EFD052
:1076EC00002CF5D10020BBE76FF02000B8E76FF05D
:1076FC005100B5E76FF03F00B2E700BF00108051BA
:10770C00101080512010805110B50446FFF72CFB4F
:10771C00104B186802F01BFD0CB101232370BFF352
:10772C005F8F4FF0A3430022DA61BFF35F8FBFF38B
:10773C005F8F4FF0FF321A63BFF35F8FBFF35F8F22
:10774C003422DA61BFF35F8F0122034BC3F80423A9
:10775C0010BD00BF980300200080045010B50446F3
:10776C0038B9FFF721FBBDE81040074B186802F051
:10777C00F4BC03783BB1FFF717FB034B186802F01E
:10778C00ECFC0023237010BD9803002038B5164C78
:10779C00D4F80051C5B1BFF35F8F4FF0A343996A82
:1077AC00BFF35F8FBFF35F8F4FF0FF321A63BFF3EE
:1077BC005F8F0023C4F80031D4F800310B4B1868EC
:1077CC00BDE8384002F0DCBCD4F8083153B100F00D
:1077DC006DF802F08AFCC4F80851D4F80831012184
:1077EC00034BECE738BD00BF00800450A003002021
:1077FC009C03002008B5074B186802F0B0FC064B40
:10780C00186802F0ACFCBDE8084000224820114684
:10781C00FAF7E2BEA00300209C03002038B5094B08
:10782C001C7864B1084B4FF0FF311D68284602F0FC
:10783C0098FC4FF0FF310446284602F09FFC20468E
:10784C0038BD00BFB6910020A003002010B5064C37
:10785C00236D3BB9214651F8503B986902F049FC25
:10786C0001232365014810BD201400207014002052
:10787C0038B500240B4D0C4BEC662B6003F5C04364
:10788C006B60FFF7E3FF50B16B6D2046B3F5007FE3
:10789C00CCBF4FF480634FF40073AB6038BD0E2047
:1078AC00FCE700BF201400200020805100487047E6
:1078BC00201400202DE9F0434FF0000985B0054657
:1078CC00CDF8049000F10C07EFF31188202383F31B
:1078DC001288BFF36F8F8368594003EA02060A408F
:1078EC0053400E4901AACDE9023902F0B8F9019CC6
:1078FC003CB12046C4F8BC900021246E02F065F91E
:10790C00F6E7DDE9023223EA020338464146AB6072
:10791C00FEF77AFC304605B0BDE8F0831BA20000F0
:10792C000CB430B589B005460C461C22002101A8C8
:10793C0002F0A8FC022305958DF806300D4B02933E
:10794C0023462CB1B4F1004F28BF4FF00043013B4C
:10795C001D440DAA0C9901A80695009200F00CF894
:10796C0014B1059B00221A7009B0BDE8304002B07A
:10797C00704700BF85A300002DE9F04F43688DB020
:10798C0015468046029383789A0740F10D810024B6
:10799C000E78002E00F00A81252E0BD04B1C039381
:1079AC00013441463046029B98470028C0F2F680CD
:1079BC000399EDE74E788B1C252E0393F0D000270E
:1079CC00B946BB46BBF11F0F38D8A6F12003102BCC
:1079DC000AD8DFE803F02A09093009090921090945
:1079EC000928092D09091F00A6F13003092B33D9E9
:1079FC002A2E37D11BF0400F55F8043B40F0828003
:107A0C00002BA7BF4BF0200B9946C3F100094BF09C
:107A1C00280B01E04BF0010B039B13F8016B039354
:107A2C00002ECFD130E04BF0020B4BF0040BF3E700
:107A3C004BF0080BF0E74BF0100BEDE7BBF17F0FB1
:107A4C0019D8A6F13003092BD2D81BF0400F03D064
:107A5C000A2101FB0737DFE70A214BF0200B01FB62
:107A6C000939D9E72E2E06D11BF0400F40F09E802D
:107A7C004BF0400BD0E76C2E31D02BD8682E36D083
:107A8C006A2E3CD04C2E3AD0002F46F02003B8BFC3
:107A9C002BF04002A3F16501BCBF00271FFA82FB4B
:107AAC00022901D9612B2FD107350727DFF8ACA2AA
:107ABC0025F0070508351BF0080F66D00AEB070BFD
:107ACC0056465E4563D1A4EB0A0AA9EB070906EBFF
:107ADC000A026FE1742E9FD07A2E9DD0D4E71BF052
:107AEC00800F18BF4BF4007B4BF0800B94E71BF41A
:107AFC00807F18BF4BF4007B4BF4807B8CE74BF4FE
:107B0C00207B89E71F4687E7A6F16301122900F263
:107B1C00F080DFE811F013004F00EE00EE00EE00F5
:107B2C00EE004F00EE00EE00EE00EE00EE00FE0068
:107B3C00E900EE00EE001B00EE00AF0055F8043B30
:107B4C0001270DF1180A8DF81830B4E755F804AB7D
:107B5C00834BBAF1000F08BF9A461BF0400F5046FA
:107B6C0014BF39464FF0FF3102F0A4FB0746A2E7E1
:107B7C0041462020029B984700280FDB013EB7426C
:107B8C00F6D34C44B146A41B98E74E46F7E7414662
:107B9C0016F8010B029B9847002892DA98F80230ED
:107BAC0043F0040388F802304FF0FF3420460DB048
:107BBC00BDE8F08F1BF0800F34D01BF4007F2CD06D
:107BCC00073525F00705AA4669685AF8080B2BF00B
:107BDC0010050029ADB237DA404245F4806561EBFF
:107BEC0041010DF1180B0A235A4602F06FFBA0EB72
:107BFC000B0301936B0662D5019B25F001019F429B
:107C0C0089B240F3A180002E00F0998015F010028B
:107C1C0040F09C80BB460D4623E0AA465AF8040B64
:107C2C00C117D4E7AA461BF4807F5AF8041B01D174
:107C3C000846F5E71BF4007F19BF48B241F3C011A9
:107C4C0008B241F3C031C2E750EA0103C9D11BF0BD
:107C5C00400FC6D0002FC4D12BF01102BB460197A8
:107C6C0095B240F2064115EA01021CBF0BF1010B63
:107C7C0000222CE02BF010020A231FFA82FB1BF0CF
:107C8C00800C49D01BF4007115BF0735AA4625F0AE
:107C9C0007055AF8040B1EBFAA4669685AF8080B68
:107CAC0050EA010545D12BF016051BF0400FADB283
:107CBC0042D0002F40D12BF01702019795B215F04E
:107CCC00100248D0019B002E42D103F1010B290771
:107CDC005AD4EB0706D5D9456FDDA9EB0B030199F7
:107CEC00CB465F185B4649E04BF0100B102378260F
:107CFC00C5E7782B04D1C6F1780343F01003BEE737
:107D0C0041462520029B98470028FFF647AF0234D6
:107D1C0047E608230026B2E7AA461BF480715AF8FE
:107D2C00040BBDD01BF400711ABFC0B2614680B207
:107D3C00B6E72BF0060295B20DF1180B54E725F0BF
:107D4C001105BB46ADB28CE70D46B8E73B460D4678
:107D5C0003F1020BBBE7DDF804B082E7D1BE0000F3
:107D6C00CABE0000CDE9043241462020029B984750
:107D7C000028FFF613AF049B059A01339945F1DCFB
:107D8C00A4EB0B019B46CC180AB341463020029B56
:107D9C0098470028FFF602AF8EB901342744391BEF
:107DAC00019B994224DC1D4655BB019AA9EB0B099A
:107DBC00554622441446914433E0019F92E7023425
:107DCC0041463046029B98470028E7DAE6E640F247
:107DDC0006410D42E2D015F0020F04F101044146B8
:107DEC0014BF2B20202015F4806F18BF2D20E9E73D
:107DFC0041463020029B013498470028CFDACDE66B
:107E0C0006AB013D4146585D029B98470028CBDAF2
:107E1C00C4E641462020029B013498470028FFF617
:107E2C00BDAEA9EB0403002BF3DCC1E57047134690
:107E3C000A46012100F033BD836800EBC101B3F5A4
:107E4C00004F2CBF51F8220031F81200704700EBA4
:107E5C00C1018068B0F5004F2CBF41F8223021F8E9
:107E6C0012307047012208B5FFF7E6FFD04008BD7D
:107E7C00836800EBC101B3F5004F08D34B681AB10E
:107E8C0043F001034B60704723F00103FAE74B8882
:107E9C001AB143F001034B80704723F00103FAE75A
:107EAC0053000122FFF7D3BF8368481CB3F5004F82
:107EBC0034BF042308230833A0EBD300B0FA80F0BE
:107ECC00C0F11F0070472DE9F0410D46866804464D
:107EDC00FFF7C8FFB6F5004F014601D3012832D099
:107EEC002046FFF7E1FF04EB80010E6996B90122F1
:107EFC00E36882401343E36002220D612B4629465E
:107F0C002046FFF7A4FF032229462046BDE8F04196
:107F1C00FFF79DBF022231462046FFF78DFF074633
:107F2C00034629462046FFF792FF03223346294693
:107F3C002046FFF78CFF39462B462046FFF787FF7C
:107F4C0002223146E1E7BDE8F081B2F5802F2CBF6B
:107F5C00082304232DE9F0410026D21A8C18CD1DDC
:107F6C0025F0070524F00704641BE408056021468E
:107F7C002846AC60EE60FFF797FF421D920001307F
:107F8C0002F107074FEAD7073146A2F1100205F1BB
:107F9C001000B8BF324602F075F93A463146284611
:107FAC00FFF77EFF3346324631462846FFF74FFF38
:107FBC00A4EB0708284631460122FFF759FF424639
:107FCC003946FFF76DFF3B46324639462846FFF7E8
:107FDC003EFF21462846FFF763FF434632462146C3
:107FEC002846FFF734FF214628460122FFF740FFC1
:107FFC003946BDE8F041FFF766BF2DE9F04706466C
:10800C000D46174698462BB34FF0000A98F80040DF
:10801C0093F80190DB78A40004EB430498F8023049
:10802C001C444444CA4509D339463046AC46D8F8BA
:10803C00042008F10803BDE8F047604714F8013B41
:10804C000AF1010A204648F82340F8F72BFA0130D0
:10805C000444E7E76FF01500BDE8F08770B5002524
:10806C0002462846144614F8013B0BB9184609E0A1
:10807C0098B18D4207D1702B04D0A3F140023A2A5B
:10808C000BD8002070BDA3F140063A2E05D85378CA
:10809C000135941C002BE9D00020252B224608BF6B
:1080AC0080F00100DEE7002070470FB407B504A98B
:1080BC0051F8040B019100F066FB03B05DF804EB82
:1080CC0004B0704710B50369024613F0080009D1DB
:1080DC001368D4689C429BBF0120126AE31AD31A1E
:1080EC000B6010BD00231846FAE713B501A904462E
:1080FC00FFF7E8FF20B1019BE268013B13440193B9
:10810C00206A019BC01A013802B010BD10B504469C
:10811C0050182269236AD20702D5013B184010BDC2
:10812C00984228BFC01AFAE710B504460A46C1683F
:10813C00FFF7ECFF2369E06023F00803236110BD17
:10814C0038B50D46C2698B00016843F00203044642
:10815C0042F8213001682A46FFF7D8FFE3686168CE
:10816C00984208BF2369206008BF43F008032A46E1
:10817C00204608BF2361FFF7C9FF606038BD2DE9B9
:10818C00F74FC768C6699B4606EB8703009316F842
:10819C002730044603F00303022B884691464FF028
:1081AC0000030BD01360CBF8003023699B0713D46A
:1081BC004FF0000A504603B0BDE8F08F56F8271078
:1081CC0013608908CBF80030EFD0FFF7ADFFE36800
:1081DC00A3604FF0010AEDE7A36906EB870098470F
:1081EC0016F82720054612F0010AE1D012F002021F
:1081FC001FD0B8F1000F03D041462046FFF7A0FF77
:10820C0061682A462046FFF781FFD4E9022191429A
:10821C00606006D12A462046FFF778FF4FF0000A2F
:10822C00A060A2682260E260226942F0080222612A
:10823C00C0E7014620460192FFF776FFE368A36092
:10824C00B8F1000F04D02168E369019A43F82120AA
:10825C0005EB0802CBF8002021682046FFF756FFFB
:10826C002369206043F00803236116F827306FF36D
:10827C00000306F82730009BC9F80030A9E770B559
:10828C0004461546FFF742FF2368834205D1236954
:10829C00216023F00803236170BDE269AB0043F059
:1082AC00020342F8213061682A462046FFF72EFF70
:1082BC006060F1E738B5036904465B0706D5456A8B
:1082CC00FFF713FF85422CBF6562606238BD38B57D
:1082DC000D4604461C22002101F0D4FF0022EB685D
:1082EC00A361AB6863612B68E3616B6862622362B4
:1082FC002A6923B1591E194208BF42F001022261BA
:10830C00012204F128000021BDE8384001F0EFBB48
:10831C002DE9F04F002587B00093036A04468B4289
:10832C000E469246A9460395059539D3EFF3118B6A
:10833C00202383F31288BFF36F8F059AD8462AB196
:10834C0029462046FFF79BFF0023059304A92046EE
:10835C00FFF7B8FE04990746B1422AD32268E369B5
:10836C00204613F8221003EB820921F0030103F8D5
:10837C00221021683246FFF7C9FEE368206098425C
:10838C0012D0002788F31188BFF36F8F039929B19E
:10839C0062690AB12046904700230393002FC5D190
:1083AC00484607B0BDE8F08F236943F0080323610A
:1083BC00E7E718B12046FFF7C3FEE3E7009B5AEA54
:1083CC0003021CD0019101F09EFB0199B8B9BBF1DD
:1083DC00000F14D187F31188BFF36F8F5246009BA7
:1083EC0004F12800FDF78EFCEFF31188202383F3B2
:1083FC001288BFF36F8FB0FA80F77F09C2E720466F
:10840C0005AB03AA2568FFF7BAFE0746BAE770B5B5
:10841C000446836908460D4698470246EFF31186D9
:10842C00202383F31288BFF36F8F2B78204643F001
:10843C0001032B706168FFF769FE60602046FFF74F
:10844C0039FF86F31188BFF36F8F70BD2DE9F041B2
:10845C0004462027EFF3118687F31288BFF36F8F42
:10846C00236913F0080FA36802D16268934200D904
:10847C00226AD21AE16932B986F31188BFF36F8F81
:10848C004FF0000833E011F8232001EB830812F0C1
:10849C000300F1D0022803D151F82350AD0805D1C7
:1084AC00D00712D44046A36998470546A1682A46CE
:1084BC002046FFF72BFE2946A0602046FFF734FE2E
:1084CC0086F31188BFF36F8FC4E742F0020201F804
:1084DC002320A3694046A5689847294602462046B2
:1084EC00FFF714FEA06086F31188BFF36F8F404630
:1084FC00BDE8F081F8B50446836908460D469847F7
:10850C000646EFF31187202383F31288BFF36F8F96
:10851C002B786FF300032B7023699B0705D5E2685A
:10852C00E36903EB82039D421AD12B786FF341036D
:10853C002B70D4E90231994204D132462046FFF720
:10854C00E5FDA06031462046FFF7EEFD87F311886C
:10855C00BFF36F8F04F12800BDE8F840FDF79EBB18
:10856C002B6860F39F032B60F0E7EFF3118120235E
:10857C0083F31288BFF36F8F036913F0080F8368BE
:10858C0002D14268934200D9026AD31A81F311884E
:10859C00BFF36F8F181E18BF01207047038B13F0A9
:1085AC00070305D10368002B0CBF00200320704784
:1085BC00022B05D1408BB0FA80F040098000704747
:1085CC00012B05D10368002B0CBF00200520704740
:1085DC000020704710B50C4600B111B96FF01500B2
:1085EC0010BD081D00F093F80028F9D1A368032BE7
:1085FC00F6D9F3E72DE9F0410D4607461946281D3B
:10860C0090461E4600F094F8044638B13346424674
:10861C0029463846A446BDE8F0416047BDE8F081E4
:10862C0010B4EFF31182202484F31288BFF36F8F00
:10863C00416110BC0121F8F775BD38B50C460546F3
:10864C0058B151B10B6843B14B6833B11C220021B6
:10865C0001F018FE00202C6138BD6FF01500FBE70F
:10866C0070B505460E46FFF7B5FF041E14DBEFF39D
:10867C001182202383F31288BFF36F8F4FF6FF71A3
:10868C006B8B2C8B8B4204F0070407D182F311887F
:10869C00BFF36F8F6FF00A04204670BD022C0CD113
:1086AC0001336B8382F31188BFF36F8F0023224653
:1086BC0031462846FFF79EFFEEE7062C14D8DFE87C
:1086CC0004F004131313041A0400002333606B68C2
:1086DC003BB9C5E90066ACB902212846F8F722FD82
:1086EC00DAE71E606E60F6E782F31188BFF36F8FD6
:1086FC006FF00404D0E782F31188BFF36F8F6FF033
:10870C008504C9E782F31188BFF36F8FC4E7034672
:10871C0058B1426802F00302012A03D0032A04D1A3
:10872C00026812B10020986070476FF01500704716
:10873C004268034602F00302032A4FF000028160F4
:10874C0014BF104600685A607047704703785B0787
:10875C005FBF03684288C3F34A2303EB12105DBF6B
:10876C00173020F007008008002070470020704769
:10877C0000F08ABC0346D3E8EF0F421CC3E8E12F9C
:10878C000029F8D170471FB50023CDE902011A4624
:10879C0019461846CDE90033F9F7F0F805B05DF845
:1087AC0004FB0120F8F7A2BE002070474368DA7181
:1087BC0001224368196043685A71F8F789BE70B595
:1087CC0015460C4669B1D2E901369B1B99420AD871
:1087DC0013680A460146981901F047FDAB6823441B
:1087EC00AB60204670BD6FF01B00FBE770B50E460A
:1087FC0015461946044618B9BDE87040F8F776BE20
:10880C0033B1C2F34A231030120D184401F02DFD80
:10881C00C4E900562046BDE87040F9F70BB82DE9C5
:10882C00F3415F1C4FEA8708064608F1170020F059
:10883C00070080080C461546F8F7D4FE00238DF887
:10884C000470ADF805308DF8073068B10346019A15
:10885C00A8F1040143F8102F2A46294452F8045B6E
:10886C008A4243F8045FF9D100233146A20102F495
:10887C00E07242EA482222F07F4222F4700222F097
:10888C003F0202B0BDE8F041FFF7B0BF07B50123CE
:10889C00019201AAFFF7C3FF03B05DF804FB07B513
:1088AC00CDE9002302236A46FFF7B9FF03B05DF858
:1088BC0004FBF8B506460D4614461F4604B9F8BD30
:1088CC00214628463A46B047241A0544F6E710B527
:1088DC0042680446D2E9002381680068FFF7E9FF8B
:1088EC00002263681A6010BD38B54B6805461A68DB
:1088FC00CB680C469A4202D10846FFF7E8FF636842
:10890C00D3E8EF2F511CC3E8E01F0028F8D1A3686F
:10891C0000209D5438BD0A2838B504460D4602D1B6
:10892C000D20FFF7E1FF29462046FFF7DDFF002071
:10893C0038BD2DE9F043054687B008460E8891F8FE
:10894C0000900C46D1F808801746F9F767F8011E1D
:10895C00C6F38216C9F3C2091EDB4846F8F77CFF42
:10896C000346214651F8102B6088C2F34A22002A94
:10897C0001EB020408BF00210022C0F30B10CDE96B
:10898C000407CDE902142846414601960092F9F7F6
:10899C0071F807B0BDE8F0830023E2E743680020DC
:1089AC001B685B681961704743681B681A685268DA
:1089BC005360704701212DE9F04143681B685A68E8
:1089CC0011751D682F68D5E90136D3E900481CB92B
:1089DC006B681C60BDE8F081214630464246B847C2
:1089EC00241A0644F3E743681B681868F9F7ACB916
:1089FC0070B543680C461D686B681869F8F752FD32
:108A0C00214603460F222868BDE87040184701F044
:108A1C0039BC01F02ABC01460068F9F725BA08B543
:108A2C00F9F77EFABDE80840F9F79EBA0A4601212B
:108A3C00FFF72CBF00210120F9F716BAD0F8A430AB
:108A4C0083F30B8870476FF08500704761B662B690
:108A5C0080F31188BFF36F8F704772B6002383F3D6
:108A6C001188BFF36F8FBFF34F8F30BF62B6BFF368
:108A7C006F8F704772B6002383F31188BFF36F8F2B
:108A8C00BFF34F8F20BF80F31188BFF36F8F62B697
:108A9C00704740E800F313F4803FD8B208BF6FF082
:108AAC001500704730B50C684B6885B00A894D8944
:108ABC000094013B24F01F04234402F01F0242EAFD
:108ACC00451223F01F0369468DF808200393F9F72C
:108ADC0057FE05B030BD08B5D1E9043198470020E8
:108AEC0008BD08B5FAF740F8002008BD0C22036950
:108AFC00C9B201FB0233186C00F00700704770B567
:108B0C00C9B20369EFF31185202484F31288BFF3F3
:108B1C006F8F0C2606FB0134246C14F0C00408D0B3
:108B2C00A24206D085F31188BFF36F8F4FF0FF3050
:108B3C0070BD012271430B441A6485F31188BFF395
:108B4C006F8F43680B445B6898470020F0E78022E6
:108B5C00FFF7D5BFF8B5069F0469C9B2EFF31186CC
:108B6C00202585F31288BFF36F8F0C2569430C44C5
:108B7C00256C05F0070CBCF1010F0BD1276486F3B3
:108B8C001188BFF36F8FC4E90E2343685B58984775
:108B9C000020F8BD05F0C005AF4286F31188BFF385
:108BAC006F8F0CBF6FF077004FF0FF30F1E713B50C
:108BBC0080240094FFF7CEFF02B010BD10B41C242B
:108BCC000069CBB203FB0400002110BC1047104617
:108BDC00FDF764B800F000BBFBF7B8BA022804D06C
:108BEC00042804D10020FAF731B90120FBE77047C3
:108BFC00436800205B68DB680B607047436802EADF
:108C0C0001005B6821EA02015860002099607047FE
:108C1C00436800205B6859607047436800205B68BC
:108C2C009960704743685A68136821EA03000B4047
:108C3C00506000209360704710B503695868F8B114
:108C4C00884219D19C680868A142586000D198608C
:108C5C00002008602AB15A680A609A68596002B903
:108C6C009960002010E0814206D108682060986865
:108C7C008142EDD19C60EBE7044600680028F2D1FC
:108C8C00002AE8D16FF0150010BDFBF7CDBC30B554
:108C9C0043681360057A446804EBC504A34202D30D
:108CAC006FF0010030BD5C798C4201D00833F0E7E5
:108CBC000020F7E743681B68D3F8303170474368EE
:108CCC001B68D3F88004C3F88004704742681368AB
:108CDC00D3F84C0150B10020926A12780A70C3F894
:108CEC004C01D3F84C2101229A6270474FF0FF30AF
:108CFC00704713B501AA0446FFF7C9FF002805DB2E
:108D0C00019B226819791868FAF740FB02B010BD74
:108D1C006FF08500704738B5054600220121C6204A
:108D2C00F9F75AFCC620F9F727FC6C680121E068BA
:108D3C00FFF7DFFF6B6819686369C1F82435E28BB4
:108D4C00A38BA07E1343228C1343628C1343627E4D
:108D5C009BB20243207E02431343C1F86C35696811
:108D6C000B68D3F8002242F48022C3F800220822B8
:108D7C00C3F800254A6A0121C3F83C270022C3F836
:108D8C0040271965D3F830110029FBD0C3F8002512
:108D9C006B680021D868FFF7ACFF6D680021E868AC
:108DAC002C68FFF7A6FF0823C4F800352A7A52B9BD
:108DBC00AB6AC4F804370123C4F80837C4F84C2153
:108DCC00D4F84C21A362002038BDFFF75FBD002210
:108DDC0001214A20F9F700BC00220121C720F9F734
:108DEC00FBBB10B50B6813B91846136005E003689C
:108DFC005C681CB114600368186810BD083303600C
:108E0C000B68013B0B60EDE713B501AA0446FFF7B5
:108E1C003EFF002805DB019B226819791868FAF7D8
:108E2C00B5FA02B010BD03460A4619790123006851
:108E3C0003FA01F103691B68194218BF82F00102A1
:108E4C0012B18368DB68184783681B69FBE738B588
:108E5C000469456894F885302BB12046FCF710FC6A
:108E6C00002384F88530686B0121FFF7CDFF0020CB
:108E7C0038BD10B504460068D0B18368C3B149B1A0
:108E8C0001210830FFF7CFFF23681869BDE81040B7
:108E9C0000F0EBBD12B98388DB0409D4006900F043
:108EAC00E4FD20680021BDE810400830FFF7BBBF8F
:108EBC0010BD10B5012200210446FFF7DAFFA369AB
:108ECC0033B9636004F11000BDE81040FCF7E6BE56
:108EDC0010BD10B50069836A8B4207D190F88440AD
:108EEC003CB92830FFF7E5FF204610BD6FF01500A8
:108EFC00FBE76FF00F00F8E738B505690446A96584
:108F0C0005F14800FCF7CAFE002285F88420206990
:108F1C001146BDE838402830FFF7ABBFF0B5046907
:108F2C000646226F4568A36F85B07ABB002B4ED0E6
:108F3C002D8EE06E9D4228BF1D46676F636F5BB13F
:108F4C00A26F4AB107F06042B2F1005F04D0082D65
:108F5C0028BF0825D4F88C70E26EC4F880501AB182
:108F6C00226F002A18BF2A4601921BB1A36F002B57
:108F7C0018BF2B46694600900022204603930297A7
:108F8C0000F03BFC014618BB05B0F0BDE16E676F0D
:108F9C0008462D8EBBB1934228BF13469D4228BF75
:108FAC001D460029CAD001F06043B3F1005FC5D063
:108FBC00082D28BF0825D4F888002A4601F055F959
:108FCC00D4F88800BAE7954228BF1546E9E7194658
:108FDC00304605B0BDE8F040FFF78EBF0123F0B579
:108FEC0087B08DF80230022300278DF804306B44D3
:108FFC0003930E4601AB0DF1030105460291049358
:10900C000597FBF701FB041E0BDB3146284603AA30
:10901C0000F002FA041E07DA28469DF80310FBF74D
:10902C00E9FA204607B0F0BD3C46FAE7F8B50C4625
:10903C00054600F01CFB002221460646284600F09F
:10904C00C2FA03212046FAF75BFD00F01DF8074633
:10905C002B689B5953B100262146284600F005FB8E
:10906C0020460121FAF74CFD3046F8BD00F00CF813
:10907C00C01BC728ECD96FF07306EDE708B50220CA
:10908C00F9F746FF002008BD08B5FBF7C9FB08BD82
:10909C0008B5FDF7B3FD48B1002383F31188BFF386
:1090AC006F8F0423184602DF6FF0040008BD0346DF
:1090BC000020184700F0D9BC024610B5116891B1D8
:1090CC00B1FA81F3C3F11F000123834021EA0303AA
:1090DC00D2E8EF4F8C4204D1C2E8EC3FBCF1000F58
:1090EC00F6D1EBD110BD6FF00B00FBE710B50368A8
:1090FC00CB40DB0710D401238B40026843EA02010A
:10910C00D0E8EF4F944204D1C0E8EC1FBCF1000F43
:10911C00F6D1F2D1002010BD6FF01500FBE7002353
:10912C00FAF798BE41F2640200F13043A3F50A232A
:10913C00934294BF4FF48073802341F00041195047
:10914C000020704738B50D46044600F028F801465B
:10915C002846FAF75DFF011E05DB2046BDE83840C6
:10916C00C9B2FFF7DFBF38BDF8B50E461446074647
:10917C0000F015F80546304600F011F8224601467D
:10918C002846FFF7CCFF054638B921683846FFF76B
:10919C00D9FF30462168FFF7D5FF2846F8BDC0F34C
:1091AC00824001387047FAF76DBF10B1012802D028
:1091BC007047FAF7CBBFFBF779B818B1012803D188
:1091CC0000F00CB800F008B8704708B5FBF7A2F82F
:1091DC00BDE80840FAF7FABFFAF78CBFFBF72EB8D8
:1091EC00F7B51646DDE90847019001A81D46FBF7C7
:1091FC00CBF8019BB6F1000C18BF4FF0010C00EB43
:10920C0083000B1E18BF0123002D43EA4C0314BF2F
:10921C004FF00C0C4FF0000C002C43EA0C0314BF65
:10922C004FF4706C4FF0000C002F43EA0C0314BF8A
:10923C004FF4403C4FF0000CD0F8802043EA0C0374
:10924C0022EA030301B109780EB13678760019438E
:10925C000DB12D78AD0031430CB124782402294393
:10926C000FB13F783F040C433C43C0F8804003B03F
:10927C00F0BD1FB50DF10F03019300238DF80F10F6
:10928C001A4619460093FFF7ABFF05B05DF804FBD7
:10929C0010B504460846FBF787F804EB4004A08A97
:1092AC00C0F3401010BD10B504460846FBF77CF81F
:1092BC0004EB4004A08AC0F3400010BD10B5044676
:1092CC000846FBF771F804EB4004A08A400B10BD74
:1092DC0070B5044608461646FBF766F8083034F8B5
:1092EC0010300D46DA0509D5C3F3432304EBC30252
:1092FC003146284654F8333052689847A3682BB14E
:10930C0031462846E268BDE87040184770BD10B57C
:10931C0004460846FBF748F800B204EB4000838A89
:10932C00DA051DD5C3F3432123F4F853838204F1EA
:10933C00120204F1580032F8023F13F4807F03D07C
:10934C00C3F3432399420BD08242F4D1002204EBA5
:10935C00C1035A6004F16000BDE81040FFF7C6BEBF
:10936C0010BD10B50446FFF793FF40B12046FFF740
:10937C00A5FF00B2800000F5807080B210BD4FF4E4
:10938C00A270FBE7F0B50446002001270546844691
:10939C0095420AD1D4F8443133B10023C4F8443196
:1093AC00D4F8443140F40030F0BDEBB29B0003F52F
:1093BC0080769B0807FA03F3194208D054F806E0AC
:1093CC00BEF1000F03D044F806C0A659184301356E
:1093DC00DEE738B504460D46FFF75AFFB0B120461C
:1093EC00FFF761FF90B92046FFF768FF0123226861
:1093FC008340C2F81833236800B203EB8003D3F820
:10940C00102522F00302C3F8102538BD2846BDE80C
:10941C0038400021FFF72DBF2DE9F04317460446D5
:10942C0085B00846FAF7C0FFD7F800800E4605460F
:10943C00B8F1000F1FD02046FFF735FF18B12046BA
:10944C00FFF726FF30BB00230DF10F02CDE90033EF
:10945C008DF80E308DF80F30304643460DF10E016D
:10946C00FFF7BEFE2AB204EB4202938A23F00203FA
:10947C0043F0010393827B68002B34D031462046A5
:10948C0093F80080D3F80490FFF70DFF28B1B9F1E1
:10949C00000F1FD06FF0150028E028B204EB40003D
:1094AC00838A23F4604323F020038382B9F1000FF5
:1094BC0010D0B8F1030FEDD87B6821685B6893F886
:1094CC0000C001EB8C01B8F1000F12D1C1F810856E
:1094DC00C1F810852AB204EB4202938A23F01C03D4
:1094EC0043EA88039382BB6853BB002005B0BDE8F8
:1094FC00F083D1F8102522F00302C1F81025226860
:10950C0002EB8C03D3F8102522F4473222F47C7240
:10951C00C3F8102541F6F072D3F8101502EA0612C2
:10952C0042EA08420A43C3F8102504EB4C03A3F8A3
:10953C006460838A43EA4C3343F020038382C9E797
:10954C003146D3E900782046FFF7E1FE002FCCD05E
:10955C0063689F4206D004F16000FFF7ADFD002860
:10956C0004DAC3E7A3689845F5D1002004EBC003E7
:10957C00C3E901782DB204EB4505AB8AC0B243EACE
:10958C00402343F48073AB82AFE7C0E9031270470A
:10959C0070B504461546FFF77BFE48B10846FAF74E
:1095AC0003FF04EB40040020A38A5B0B2B7070BDFF
:1095BC006FF01500FBE790F87400003818BF01201D
:1095CC007047FAF727BF2DE9F34104461746FFF71A
:1095DC005FFE0D46266800B32046FFF764FE80460A
:1095EC00D8B92046FFF76AFE05B2AD0005F58072CA
:1095FC0046F802802168B2582944D1F8102542F06F
:10960C000102C1F810252FB10122216802FA00F3E2
:10961C00C1F8143302B0BDE8F081D6F814332846F3
:10962C009B035CBF4FF40033C6F81433FAF7BCFE4F
:10963C0004EB4004A38AC3F38203042B11D0052B43
:10964C0011D001A80195FAF79FFE019BC168D94082
:10965C0001F001010231284602B0BDE8F041FFF7EC
:10966C0008BE0321F7E70221F5E7FFF7B2BEFFF7CB
:10967C0078BEC9B2FBF796BA10B50124A1F5807378
:10968C009B0804FA03F318400CD001F1502101F5AA
:10969C005021086830B10020086020460968116824
:1096AC001943116010BD70B50126A2F58074A40891
:1096BC0006FA04F4054614EA010008D0A85830B1A3
:1096CC0000213046A950AA581A6822431A6070BD6E
:1096DC0000232DE9F34104460D460193904601AB5E
:1096EC004FF48072FFF7DFFF4FF482722946204659
:1096FC00FFF7D9FF4FF48472074629462046FFF73F
:10970C00D2FF064630B1B8F1000F1DD017B13E465E
:10971C00D4F80C374FF4A6722946204601ABFFF75C
:10972C00C2FF30B1B8F1000F03D016B90FB1D4F8A5
:10973C000C374FF4B4722946204601ABFFF7B3FF48
:10974C00019802B0BDE8F0814646E3E707B5019009
:10975C0001A8FBF75BFE0123019A9340436003B021
:10976C005DF804FB07B5019001A8FBF74FFE012340
:10977C00019A9340836003B05DF804FB70B54B7F96
:10978C0004460D467BB1012364264360002202216E
:10979C002046FFF79DFF20B90120FFF78BFC013E0F
:1097AC00F4D100236B77AB7F5B0744BF0023C4F875
:1097BC00003570BDF8B51E4690F8203004460D46B5
:1097CC001746A3B981B14969FBF730FE90B1294620
:1097DC002046C4E90176FBF76FFE0020012384F8D4
:1097EC00210084F82030F8BDC0E90126F5E76FF0C0
:1097FC007700F8E76FF01500F5E7F0B590F8213039
:10980C0005460E46174685B0002B40F0A7804368EE
:10981C002BB112F0140F04BF012380F8213005F195
:10982C00100496E80F0084E80F00686A431C05D00A
:10983C0095F822309C0717D5FFF788FF33682C6802
:10984C0023B103F06043B3F1005F06D1B36873B189
:10985C0003F06043B3F1005F09D000236FF00C00FC
:10986C0085F8213005B0F0BDFFF77CFFE6E717F077
:10987C00010318BF0123C4F84C3717F0020318BFBB
:10988C000123EC46C4F8143796E80F008CE80F005F
:10989C00039BC4F83C07C4F84017C4F80427C4F869
:1098AC000837002317F01C0FC4F80831D4F808311E
:1098BC0046D1D4F80035073B18BF012395F8222078
:1098CC0063F38202072385F82220C4F8003595F84B
:1098DC00223018070CD58223C4F8843C6B683BB14A
:1098EC000023C4F80031D4F800310123C4F8043348
:1098FC0017F008060CD101236A68236042B9D4F82A
:10990C000831002BFBD0624604212046FFF7E0FE15
:10991C006B68D3B995F82220110748BFC4F8843C72
:10992C00686A421C05D095F822309B070AD5FFF7D0
:10993C0019FF1EB92046291DFFF720FF002091E7D3
:10994C000123BBE7FFF702FFF3E7042317F0040F33
:10995C0014BFC4F80833C4F80433EFE76FF00F00FA
:10996C0080E770B590F8223004460568180710D5CA
:10997C00D5F80433D9070CD5D5F800314BB10023F9
:10998C00C5F80031D5F80021C5F8843C0123C5F891
:10999C0008330421284604F11002FFF799FED8B1D0
:1099AC00606A421C05D094F822309B0711D5FFF752
:1099BC00D9FE94F821301BB12846211DFFF7DEFE9D
:1099CC002046002300F80C3FD4E90131BDE870407B
:1099DC001847FFF7BBFEECE770BD38B5057B0446B6
:1099EC0065B9426041B18B688360FBF781FEB0FAC8
:1099FC0080F35B09237338BD0846F8E76FF07700F6
:109A0C00F9E7012203681A6002230373704770B5EB
:109A1C004FF4803405688C4073B100268B0003F53D
:109A2C00A073EE50EB580368C3F80443036801F5C8
:109A3C00A87143F8212070BDC5F80843F6E7F0B4CF
:109A4C004FF0011607688E40D7F8005225EA06053C
:109A5C00C7F800520568D5F800421C43C5F800420F
:109A6C009DF81030F0BCFFF7D2BF08B1F9F7F4B88D
:109A7C00704710B5436904463BB90020E268404288
:109A8C00537843F00103537010BD98470028F4D06D
:109A9C000028B8BF4042FF28A8BFFF20E368187019
:109AAC00ECE740B1C368587810F001001EBF18787D
:109ABC00B0FA80F040097047EFF31183202383F351
:109ACC001288BFF36F8FFEE7202408B5EFF31183E4
:109ADC0084F31288BFF36F8FFEF7BFFFF6E790F9A0
:109AEC000E308B4201D0FCF71DBB002070473AB101
:109AFC008A4205D3C0E90212C0E900000020704779
:109B0C006FF015007047EFF30580003818BF012087
:109B1C00704784307047D0E9003213605A600023DC
:109B2C00C0E90033704708B5FFF7F5FF437B23F01E
:109B3C00020343730023836008BD38B504460D4609
:109B4C00FCF74EFA637B43F002036373E5B1A56047
:109B5C002B689D4209D16B68C4E900531C606C6092
:109B6C0012E06A689A42F6D01B68002BF3D094F985
:109B7C000E2093F90E108A42F3D09142F1DD5A680F
:109B8C00C4E9003214605C6038BD10B5EFF3118489
:109B9C00202383F31288BFF36F8FFCF7DFF984F374
:109BAC001188BFF36F8F10BD08B5EFF31181202220
:109BBC0082F31288BFF36F8F83680BB1FFF7B3FF8B
:109BCC0081F31188BFF36F8F08BD38B5EFF31184A3
:109BDC00202383F31288BFF36F8F002390F86C500F
:109BEC00427B80F86C302DB121B184F31188BFF326
:109BFC006F8F38BD12F0280FF7D183680BB1FFF7C8
:109C0C0092FF437B23F004034373FCF7A7F9ECE7C3
:109C1C0001211838FFF7D9BF08B50346EFF31181BE
:109C2C00202282F31288BFF36F8F0068834207D023
:109C3C0008B1FFF778FF81F31188BFF36F8F08BD70
:109C4C000020F8E708B5C3171F3043F100034009A3
:109C5C0040EAC360C117FCF791FB400108BD2DE938
:109C6C00F04105460E461746EFF31188202383F387
:109C7C001288BFF36F8F0468A0420FD1002088F3C5
:109C8C001188BFF36F8FBDE8F08139462046B0478D
:109C9C000028F4D16B68A342F0D02468002CF4D1D6
:109CAC00ECE708B50246FCF747FD70B1D0E904318A
:109CBC009B1A61EBE272B3F1004F72F1000104DA0E
:109CCC00002AACBF1846002008BD6FF00040FBE72F
:109CDC00024638B5EFF31185202383F31288BFF3C6
:109CEC006F8F0368CBB1FCF727FD04461046FCF7D9
:109CFC0035FD00224FF000438442C0E9042306D115
:109D0C00FCF722FDFFF7CDFF0021F9F791FF0020B2
:109D1C0085F31188BFF36F8F38BD6FF01500F7E72F
:109D2C0008B5FCF725FE08BDFCF722BE0023C0E9F0
:109D3C00081200F11802C0E90622C0E900330363DF
:109D4C004363704710B50446FFF7C2FFA8B9636AB6
:109D5C000BB12046984704F11800FFF75DFF60B186
:109D6C00FFF713FFEFF31180202383F31288BFF367
:109D7C006F8FBDE81040FCF759BA10BD10B5044602
:109D8C00406A10B1A16A00F029F80020C4E909006A
:109D9C0010BD38B50546FFF7F1FF2B7F0446012BAC
:109DAC000ED0023B012B0ED82B6A012B18BF6FF083
:109DBC0096042C220021284600F064FA204638BD77
:109DCC002B6A002BF2E76FF09604F2E7FDF722B84E
:109DDC0070470020704700207047704710B504464C
:109DEC0008B1FCF7B5FF2046BDE81040FCF7AABF50
:109DFC000A2840DCC31C22DA10F1400F47D010F1C6
:109E0C003F0F2BDA10F1410F44D010F1550F44D015
:109E1C0010F1490F08BF6FF0840018BF6FF0860077
:109E2C00704709282AD8DFE800F0052929081629E7
:109E3C003829292F6FF09800704700207047C31CF9
:109E4C000D2B1BD8DFE803F0072F1A1C1A1A1A1A4D
:109E5C001A1A1D1A1A1D6FF08500704710F1210F88
:109E6C001ED00BDB10F1200F1DD010F1100F08BF0E
:109E7C006FF09400D1E764380928D2D96FF08600CE
:109E8C0070476FF0940070476FF08C0070476FF064
:109E9C00840070476FF0890070476FF09300704733
:109EAC006FF0880070476FF09200704710B5013862
:109EBC000A44914200D110BD10F8013F11F8014B3A
:109ECC0063400370F5E70144814200D1704711F8FB
:109EDC00013D1A440A70120AF6E710B58B4294BF82
:109EEC00C4184418A04200D110BD00F8012BF9E7AA
:109EFC0000231A4682B001908B4201D102B0704708
:109F0C000198C2540133F7E70368D90444BF43F402
:109F1C008063036003689A0444BF43F400630360E6
:109F2C007047F7B506460D46202D2F46A8BF2027B3
:109F3C0000216846FDF72CFB044670B93A463146C1
:109F4C006846FDF777FB10F1520F044608D0431C0E
:109F5C00F4D0684600F0BFF834B1204603B0F0BD31
:109F6C00684600F0B8F8E3E7EC1B3E44F5D0254614
:109F7C00DAE707B501A9FDF705F9003818BF01208C
:109F8C0003B05DF804FBCA0448BF41F480618B0444
:109F9C0048BF41F400618160704730B589B0054617
:109FAC0018220C4601A8002100F06CF9012344EAA8
:109FBC00052401A9BA2007940593FDF79DF8002804
:109FCC0018BF6FF0920009B030BDF7B5BA2001A9E7
:109FDC00FDF7D8F8044610B1002003B0F0BD019D88
:109FEC002F0AEDB2AC4205D1BA20FDF7B1F800282A
:109FFC00F2D008E0E6193046FDF7AAF830B1304649
:10A00C00FFF7B7FF10B96FF09200E6E70134E9E70C
:10A01C0008B5F820FFF7ADFF18B9F920FFF7A9FF35
:10A02C0010B16FF0920008BDF820FDF783F80028FE
:10A03C00F7D1F920FDF77EF80028F4D0F1E738B518
:10A04C00BFF35F8F4FF0A344E569BFF35F8FBFF39E
:10A05C005F8F10236363BFF35F8F012000F092F8D2
:10A06C00BFF35F8F00236363BFF35F8FBFF35F8F1B
:10A07C00E36BBFF35F8F5B06F8D425B1BFF35F8F43
:10A08C00E561BFF35F8F38BD08B5FDF7C7FB30B98D
:10A09C00BFF35F8F4FF0A343986ABFF35F8FBFF39B
:10A0AC005F8F4FF0A342D36BBFF35F8F10F0240F81
:10A0BC0003F0230304D0FFF7C2FF6FF01F0008BDAD
:10A0CC004FF0FF30002BFAD1BFF35F8F1063BFF35B
:10A0DC005F8F1846F3E710B5037804461BB1FCF705
:10A0EC0063FE00232370002010BD022203689A60D7
:10A0FC007047C0F30B03482B4B6028BF482310F468
:10A10C00003F8B6008BF0023CB6010F4803308BF86
:10A11C00C1E9013300F47003B3F5700F14BF0023D1
:10A12C008B6800284FF0010C4FF008028B60B8BF11
:10A13C000023C1E905C2B8BFC1E905337047FBF77D
:10A14C005DBD4FF0FF324FF0FF33FBF7DFBC4FF03C
:10A15C00FF324FF0FF33FBF7D9BCFBF74FBD00F0DC
:10A16C0074B807B54FF0FF334FF0FF32CDE9002341
:10A17C00002200F077F803B05DF804FB00F06EB835
:10A18C0000F068B8FFF75EBD2DE9F3470446DDE942
:10A19C000A9815460E4659B302F0010AFCF77CF9F1
:10A1AC000746EFF31181202383F31288BFF36F8FDF
:10A1BC00A80744BF0023A360A36803EA0600BAF112
:10A1CC00000F0CD086420CD16A0744BF8343A360B6
:10A1DC0081F31188BFF36F8F02B0BDE8F0870028C0
:10A1EC00F2D159EA080305D181F31188BFF36F8FBF
:10A1FC000020F1E7C7E919652246CDE9009804F182
:10A20C000C00FBF76DFF0028F2D1786EE4E710B577
:10A21C004B68D0E9194212F0010F03EA040301D094
:10A22C009C4210D17BB14366520744BF8A681A43E3
:10A23C000B6848BF8A6003660123086080F86C30A5
:10A24C001830FFF745FD002010BD0023C0E90000C9
:10A25C00836070474FF0FF32FDF72CBB0A4600219C
:10A26C00FDF728BB5200FFF78FBF0A44431E9142F3
:10A27C0000D1704710B511F8014B914203F8014F12
:10A28C00F9D110BD02440346934200D1704703F844
:10A29C00011BF9E710B50139044632B111F8013F41
:10A2AC00013A00F8013B002BF7D10021FFF7EAFF40
:10A2BC00204610BD0246014410B58A42134603D015
:10A2CC001C780132002CF8D1181A10BDF0B5C3F16E
:10A2DC003707044603F01F031046FFB2082BE6B203
:10A2EC0032D0102B3DD06508A40845EAC17544EA6C
:10A2FC0081748A082D1942EB5102290941EA027135
:10A30C006D1842EB1212290A41EA02616D1842EBF8
:10A31C001222290C41EA02416D1842EB1242AD188F
:10A32C0042F10002EC0844EA4274D10804EB8402C6
:10A33C00A6EB4205EDB2092D0CD90134A5F10A05A5
:10A34C0041F10001EDB212E0E40806F0070544EA21
:10A35C004174C908303554EA010200F8015BBDD1E3
:10A36C00F0BD240906F00F0544EA01740909092D12
:10A37C0084BFED19EDB2EDE7D1E9043293421EBF73
:10A38C005A1C0A6118707047014800687047000039
:04A39C009C0C0020F5
:08A3A0001061FF7F01000000C5
:10A3A8008D3B000000000000C12B000000000000F1
:10A3B800892C0000000000000000000020A400001C
:10A3C8000000000060A400000000000040A400009D
:10A3D8000000000080A4000000000000A0A400000D
:10A3E800113000000000000089900000000000000B
:10A3F800B1130000000000009D2B000000000000C9
:10A4080000000000E0A4000000000000C0A400005C
:08A418009D900000000000000F
:10A420008ABB000098AF0000A4AD0000B803002074
:10A43000E40C0020992D0000000000000000000046
:10A44000B1BB0000BCAF000078AD0000BA03002033
:10A45000380D002035320000000000000000000030
:10A46000BDBB0000D0AF000078AD0000BC030020F1
:10A47000440D002035320000000000000000000004
:10A48000C8BB0000E4AF000078AD0000BE030020B0
:10A49000500D0020353200000000000000000000D8
:10A4A000DCBB000004B00000C0AD0000C003002011
:10A4B0005C0D0020238D00001D8D000000000000B9
:10A4C000B1BD000078B000009CAD0000C2030020C8
:10A4D00008020020CD3500005B8E00000000000067
:10A4E000BBBD0000F8B000009CAD0000C40300201C
:10A4F00098020020CD3500005B8E000000000000B7
:10A5000000000000418A000000000000418A0000B5
:10A5100000000000418A000000000000418A0000A5
:10A5200000000000418A000000000000418A000095
:10A5300000000000418A000000000000418A000085
:10A5400000000000418A000000000000418A000075
:10A5500000000000418A000000000000418A000065
:10A5600000000000418A000000000000418A000055
:10A5700000000000418A000000000000418A000045
:10A5800000000000418A000000000000418A000035
:10A5900000000000418A000000000000418A000025
:10A5A00000000000418A000000000000418A000015
:10A5B00000000000418A000000000000418A000005
:10A5C00000000000418A000000000000418A0000F5
:10A5D00000000000418A000000000000418A0000E5
:10A5E00000000000418A000000000000418A0000D5
:10A5F00000000000418A000000000000418A0000C5
:10A6000000000000418A000000000000418A0000B4
:10A6100000000000418A000000000000418A0000A4
:10A6200000000000418A000000000000418A000094
:10A6300000000000418A000000000000418A000084
:10A6400000000000418A000000000000418A000074
:10A6500000000000418A000000000000418A000064
:10A6600000000000418A000000000000418A000054
:10A6700000000000418A000000000000418A000044
:10A6800000000000418A000000000000418A000034
:10A6900000000000418A000000000000418A000024
:10A6A00000000000418A000000000000418A000014
:10A6B00000000000418A000000000000418A000004
:10A6C00000000000418A000000000000418A0000F4
:10A6D00000000000418A000000000000418A0000E4
:10A6E00000000000418A000000000000418A0000D4
:10A6F00000000000418A000000000000418A0000C4
:10A7000000000000418A000000000000418A0000B3
:10A7100000000000418A000000000000418A0000A3
:10A7200000000000418A000000000000418A000093
:10A7300000000000418A000000000000418A000083
:10A74000000000009977000000000000418A00002E
:10A75000980200206F99000000000000418A00006C
:10A7600000000000418A000000000000418A000053
:10A7700000000000418A000000000000418A000043
:10A7800000000000418A000000000000418A000033
:10A7900000000000418A000000000000418A000023
:10A7A00000000000418A000000000000418A000013
:10A7B00000000000418A000000000000418A000003
:10A7C00000000000418A000000000000418A0000F3
:10A7D00000000000418A000000000000418A0000E3
:10A7E00000000000418A000000000000418A0000D3
:10A7F00000000000418A000000000000418A0000C3
:10A8000000000000418A000000000000418A0000B2
:10A8100000000000418A000000000000418A0000A2
:10A8200000000000418A000000000000418A000092
:10A8300000000000418A000000000000418A000082
:10A8400000000000418A000000000000418A000072
:10A8500000000000418A000000000000418A000062
:10A8600000000000418A000000000000418A000052
:10A8700000000000418A000000000000418A000042
:10A8800000000000418A000000000000418A000032
:10A8900000000000418A000000000000418A000022
:10A8A00000000000418A000000000000418A000012
:10A8B00000000000418A000000000000418A000002
:10A8C00000000000418A000000000000418A0000F2
:10A8D00000000000418A000000000000418A0000E2
:10A8E00000000000418A000000000000418A0000D2
:10A8F00000000000418A000000000000418A0000C2
:10A9000000000000418A000000000000418A0000B1
:10A9100000000000418A000000000000418A0000A1
:10A9200000000000418A000000000000418A000091
:10A9300000000000418A000000000000418A000081
:10A9400000000000418A000000000000418A000071
:10A9500000000000418A000000000000418A000061
:10A9600000000000418A000000000000418A000051
:10A9700000000000418A000000000000418A000041
:10A9800000000000418A000000000000418A000031
:10A9900000000000418A000000000000418A000021
:10A9A00000000000418A000000000000418A000011
:10A9B00000000000418A000000000000418A000001
:10A9C00000000000418A000000000000418A0000F1
:10A9D00000000000418A000000000000418A0000E1
:10A9E00000000000418A000000000000418A0000D1
:10A9F00000000000418A000000000000418A0000C1
:10AA000000000000418A000000000000418A0000B0
:10AA100000000000418A000000000000418A0000A0
:10AA200000000000418A000000000000418A000090
:10AA300000000000418A000000000000418A000080
:10AA400000000000418A000000000000418A000070
:10AA500000000000418A000000000000418A000060
:10AA600000000000418A000000000000418A000050
:10AA700000000000418A000000000000418A000040
:10AA800000000000418A000000000000418A000030
:10AA900000000000418A000000000000418A000020
:10AAA00000000000418A000000000000418A000010
:10AAB00000000000418A000000000000418A000000
:10AAC00000000000418A000000000000418A0000F0
:10AAD00000000000418A000000000000418A0000E0
:10AAE00000000000418A000000000000418A0000D0
:10AAF00000000000418A000000000000418A0000C0
:10AB000000000000418A000000000000418A0000AF
:10AB100000000000418A000000000000418A00009F
:10AB200000000000418A000000000000418A00008F
:10AB3000A0A40000C18C0000080200206F99000052
:10AB400000000000418A000000000000418A00006F
:10AB500000000000418A000000000000418A00005F
:10AB600000000000418A000000000000418A00004F
:10AB700000000000418A000000000000418A00003F
:10AB800000000000418A000000000000418A00002F
:10AB900000000000418A000000000000418A00001F
:10ABA00000000000418A000069520000BB900000D4
:10ABB00000000000418A000000000000418A0000FF
:10ABC00000000000418A000000000000418A0000EF
:10ABD00000000000418A000090010020978C0000D6
:10ABE00000000000418A000000000000418A0000CF
:10ABF00000000000418A000000000000418A0000BF
:10AC000000000000418A000000000000418A0000AE
:10AC100000000000418A000000000000418A00009E
:10AC2000014B0000BB90000000000000418A0000C2
:10AC300000000000418A000000000000418A00007E
:10AC400000000000418A000000000000418A00006E
:10AC500000000000418A000000000000418A00005E
:10AC600000000000418A000000000000418A00004E
:10AC700000000000418A000000000000418A00003E
:10AC800000000000418A000000000000418A00002E
:10AC900000000000418A000000000000418A00001E
:10ACA00000000000418A000000000000418A00000E
:10ACB00000000000418A000000000000418A0000FE
:10ACC00000000000418A000000000000418A0000EE
:10ACD00000000000418A000000000000418A0000DE
:10ACE00000000000418A000000000000418A0000CE
:10ACF00000000000418A000000000000418A0000BE
:10AD000000000000418A000000000000418A0000AD
:10AD100000000000418A000000000000418A00009D
:10AD200000000000418A0000D7910000BB900000A5
:10AD300000000000418A000000000000418A00007D
:10AD400000000000418A000000000000418A00006D
:10AD500000000000418A000000000000418A00005D
:10AD600000000000418A000018010020978C0000BC
:08AD700000000000418A000010
:10AD780061300000FD8B0000098C00001D8C000074
:10AD8800278C0000318C00007D320000458C0000CB
:04AD980000000000B7
:08AD9C00B9370000DF8E000052
:10ADA400F12D00005B8B0000BB8B00000000000055
:0CADB400F98A0000000000000000000010
:0CADC000D98C000019350000CB8C00007D
:10ADCC0080B40000040000007FBB00000300000002
:10ADDC0035B5000003000000A3BB00000300000019
:10ADEC00C3BE0000030000004EB5000003000000CD
:10ADFC0052B50000030000007AB60000030000000A
:10AE0C00FCBA000003000000C0BE000003000000FC
:10AE1C007BBB000003000000C5BD00000300000068
:08AE2C00E7BB00000300000079
:10AE34003CAF00000001002069B6000001000000E2
:10AE4400040000000F0000000100000008000000E2
:10AE54002000000070000000800000000D000000D1
:10AE64000C0000000E0000005000000084000000F0
:10AE7400B8000000FFFFFFFFFFFFFFFFFFFFFFFF22
:04AE8400FFFFFFFFCE
:10AE900040420F00000007000000000000A010501A
:10AEA00000820D5000040550050000000400000061
:10AEB0000100000000000000000000000000000091
:10AEC0000338FDD8704700000000000000000000BB
:10AED0000338FDD870470000500500200001000035
:10AEE000AF87000059870000020000003F89000082
:10AEF0000000000000000000000000000000000052
:10AF000049B6000051B6000000000000000000003B
:10AF10000000000059B600005DB6000061B60000F8
:10AF200065B600002CAF0000780C0020D91D000091
:10AF3000900C00209291002001000000FD8900008B
:10AF4000F3890000C1890000B589000000000000FD
:10AF5000A98900000000000040000020000000005F
:10AF600006000100020000006CAF000000000000BD
:10AF70006CBB000006000000E04F1600000000203F
:10AF800074BB000021000000E0EF0220552D0000FE
:10AF9000252D000000000000A52E0000252E000039
:10AFA00097BB0000E58B0000E18B00009DBB00001B
:10AFB00000A0105000820D50000405501F0000003A
:10AFC00000A0105018010020000000000000000048
:10AFD000FFFF000000820D509001002000000000E3
:10AFE00001000000FF070000000405500000000001
:10AFF000000000000200000000A0105000820D5070
:10B000000004055000600C5000000000000000002B
:10B0100030B0000000C201000000D60100000000B6
:10B020000000004000000000959100209491002055
:10B0300000600C503CB00000020000005CB000005A
:10B04000040000004CB00000040100002480000057
:10B0500025800001268000022780000324000000D4
:10B0600026000002250600012706000300A010505C
:10B0700000820D500004055000127A00000000000C
:10B080000000000000000000FFFFFFFF0000FF00C5
:10B090000000000000000000FFFFFFFF01000001B2
:10B0A00001000000E58D0000FFFF0000BCB00000C3
:10B0B00000000000FFFFFFFF0000000000700C50C8
:10B0C000C8B0000002000000E4B00000030000006F
:10B0D000D8B00000030100002B8000042D80000583
:10B0E0002E8000062B0000042D0000052E00000617
:10B0F00060A40000080001000048E8010000000012
:10B100000000000000000000FFFFFFFF0000FF0044
:10B110000000000000000000FFFFFFFF0100000131
:10B1200001000000DB8D0000FFFF00003CB10000CB
:10B1300000000000FFFFFFFF0000000000A004501F
:10B1400048B100000200000064B1000003000000EC
:10B1500058B1000003010000418000044280000556
:10B16000448000064100000442000005440000063F
:10B1700080A400000500010000A0105000820D50C6
:10B180000004055038B200000100000034B2000095
:10B190000100000030B20000010000002CB20000ED
:10B1A0000100000020B200000300000014B2000003
:10B1B0000300000000B2000005000000F4B1000030
:10B1C00003000000E0B1000005000000D4B1000061
:10B1D000030000005CB20000ACB200006CB20000E2
:10B1E0004CB200008CB200005CB20000ACB20000B7
:10B1F0006CB200004CB200008CB200005CB20000E7
:10B200003CB200009CB200005CB20000ACB2000096
:10B210006CB200003CB200009CB200005CB20000C6
:10B220003CB200007CB200004CB200006CB20000E6
:10B230005CB200004CB200003CB200000000000014
:10B240007C0D00206C0D0020002004500001000047
:10B25000800D0020700D002000200850000200002A
:10B26000840D0020740D002000200C50000300000D
:10B27000880D0020780D00200020105001040000EF
:10B280008C0D0020003004500030085001050000F3
:10B29000900D00200040085000400C5001060000B6
:10B2A000940D00200040045000300C5001070000B5
:10B2B000980D002000500C500030105000A010508D
:10B2C00000820D500004055008000000020000003C
:10B2D000040000000100000000300000FFFFFFFF3D
:10B2E00000100000002000002400000025000000E5
:10B2F00026000000270000002B0000002C000000AA
:10B300002D0000002E00000000A0105000820D5003
:10B31000000405506CBE00007ABE00008EBE000026
:10B320009DBE0000A9BE0000A8A30000B0A30000BD
:10B33000F0A30000F8A3000020A4000020A4000057
:10B3400000010000000200000014000000280000BE
:10B350000040000001000000020000006E726678EC
:10B360005F73616164635F6275666665725F736572
:10B3700074206572726F723A2025303878007370CD
:10B38000695F77726974655F6474282920666169F2
:10B390006C65642C206572723A2025640053504914
:10B3A00020646576696365206E6F742072656164E0
:10B3B00079006E7266785F74696D65725F696E6937
:10B3C00074206572726F723A2025303878006E7280
:10B3D00066785F73616164635F696E69742065722A
:10B3E000726F723A2025303878006E7266785F731B
:10B3F000616164635F6368616E6E656C735F636FE8
:10B400006E666967206572726F72203A2025303847
:10B4100078006E7266785F73616164635F61647601
:10B42000616E6365645F6D6F64655F7365742065ED
:10B4300072726F723A2025303878006E7266785FCB
:10B4400073616164635F6D6F64655F747269676780
:10B450006572206572726F723A2025303878006EFE
:10B460007266785F677070695F636F6E6E5F616C44
:10B470006C6F63206572726F723A202530387800E5
:10B480004C6573736F6E365F45786572636973657B
:10B49000330028756E7369676E656429206368617F
:10B4A00072202A207573656420666F7220252570CE
:10B4B00020617267756D656E742E20497427732044
:10B4C0007265636F6D6D656E64656420746F206373
:10B4D00061737420697420746F20766F6964202A08
:10B4E0002062656361757365206974206D617920E0
:10B4F0006361757365206D69736265686176696FF4
:10B500007220696E206365727461696E20636F6E6C
:10B5100066696775726174696F6E732E20537472F9
:10B52000696E673A2225732220617267756D656EB8
:10B53000743A25640063627072696E74665F70614C
:10B54000636B616765006C6F6767696E67006C6F3E
:10B5500067006C6F675F6D676D74004D6573736135
:10B560006765202822257322292064726F70706518
:10B570006420626563617573652069742065786312
:10B58000656564732073697A65206C696D6974619F
:10B5900074696F6E2028257529004D657373616786
:10B5A000652064726F707065642062656361757395
:10B5B0006520697420657863656564732073697AB2
:10B5C00065206C696D69746174696F6E20282575DA
:10B5D00029000D0A001B5B306D00257320005B25E0
:10B5E00030386C755D20005B253032753A2530327D
:10B5F000753A253032752E253033752C253033754C
:10B600005D200025732F003C25733E200025733AF2
:10B610002000253032782000202020007C00256387
:10B6200000206D657373616765732064726F70705D
:10B630006564202D2D2D0D0A1B5B306D001B5B31C9
:10B640003B33316D2D2D2D20001B5B313B33316D94
:10B65000001B5B313B33336D006572720077726E95
:10B6600000696E6600646267006C6F675F626163A9
:10B670006B656E645F75617274006C6F675F756196
:10B680007274002A2A2A20426F6F74696E67206ED6
:10B69000524620436F6E6E6563742053444B207690
:10B6A000332E322E312D64383838376636663332D1
:10B6B0006466202A2A2A0A002A2A2A205573696EDB
:10B6C00067205A6570687972204F532076342E3285
:10B6D0002E39392D65633738313034663135363996
:10B6E000202A2A2A0A0072302F61313A202030782D
:10B6F00025303878202072312F61323A202030787E
:10B7000025303878202072322F61333A202030786B
:10B71000253038780072332F61343A202030782574
:10B72000303878207231322F69703A2020307825F5
:10B73000303878207231342F6C723A2020307825DE
:10B740003038780020787073723A202030782530B5
:10B750003878004661756C74696E6720696E737421
:10B7600072756374696F6E206164647265737320AF
:10B77000287231352F7063293A2030782530387897
:10B7800000556E68616E646C6564204952516E3A72
:10B79000202564002A2A2A2A2A204D505520464175
:10B7A000554C54202A2A2A2A2A00202053746163E7
:10B7B0006B696E67206572726F722028636F6E749A
:10B7C0006578742061726561206D696768742062B4
:10B7D00065206E6F742076616C69642900202055A5
:10B7E0006E737461636B696E67206572726F72004D
:10B7F000202044617461204163636573732056693E
:10B800006F6C6174696F6E0020204D4D464152206F
:10B81000416464726573733A203078257800202083
:10B82000496E737472756374696F6E2041636365EA
:10B8300073732056696F6C6174696F6E00202046C7
:10B840006C6F6174696E672D706F696E74206C61C6
:10B850007A7920737461746520707265736572768D
:10B860006174696F6E206572726F72002A2A2A2ACB
:10B870002A205553414745204641554C54202A2AF9
:10B880002A2A2A0020204469766973696F6E206233
:10B8900079207A65726F002020556E616C69676E41
:10B8A0006564206D656D6F72792061636365737384
:10B8B000002020537461636B206F766572666C6F35
:10B8C000772028636F6E74657874206172656120DB
:10B8D0006E6F742076616C6964290020204E6F20A1
:10B8E000636F70726F636573736F7220696E7374C8
:10B8F00072756374696F6E73002020496C6C6567A4
:10B90000616C206C6F6164206F66204558435F5204
:10B91000455455524E20696E746F205043002020CC
:10B92000496C6C6567616C20757365206F66207467
:10B9300068652045505352002020417474656D7035
:10B940007420746F206578656375746520756E6406
:10B950006566696E656420696E7374727563746977
:10B960006F6E002A2A2A2A2A204255532046415522
:10B970004C54202A2A2A2A2A002020537461636BFF
:10B98000696E67206572726F720020205072656365
:10B9900069736520646174612062757320657272D9
:10B9A0006F720020204246415220416464726573E8
:10B9B000733A2030782578002020496D70726563D5
:10B9C00069736520646174612062757320657272A9
:10B9D0006F72002020496E737472756374696F6EA4
:10B9E00020627573206572726F72005265736572A2
:10B9F00076656420457863657074696F6E202800F1
:10BA000053707572696F757320696E7465727275A3
:10BA1000707420284952512000535053454C2069DE
:10BA20006E20746872656164206D6F646520646F58
:10BA30006573206E6F7420696E646963617465203C
:10BA4000505350002A2A2A2A2A204841524420468C
:10BA500041554C54202A2A2A2A2A00202042757354
:10BA6000206661756C74206F6E20766563746F72EA
:10BA7000207461626C6520726561640020204465F9
:10BA8000627567206576656E740020204661756C6E
:10BA90007420657363616C6174696F6E20287365CF
:10BAA000652062656C6F772900415243485F4558B5
:10BAB00043455054207769746820726561736F6ED6
:10BAC0002025780A002A2A2A2A2A204465627567D6
:10BAD000206D6F6E69746F7220657863657074692C
:10BAE0006F6E202A2A2A2A2A002A2A2A2A2A202570
:10BAF0007320256429202A2A2A2A2A006D707500BD
:10BB00004661696C656420746F20616C6C6F636161
:10BB10007465206E6577204D505520726567696F9A
:10BB20006E2025750A00506172746974696F6E2009
:10BB300025753A2073616E69747920636865636B5B
:10BB4000206661696C65642E00496E76616C69647B
:10BB500020756E6465726C79696E672072656769BD
:10BB60006F6E20696E64657820257500464C4153E0
:10BB7000485F30005352414D5F3000736F63006384
:10BB8000616368655F6E72667800636C6F636B40BB
:10BB9000313065303030006866636C6B006C666312
:10BBA0006C6B00636C6F636B5F636F6E74726F6C52
:10BBB000006770696F403130613030300067706904
:10BBC0006F406438323030006770696F4035303410
:10BBD00030300000010405020608090F7561727417
:10BBE00040633630303000756172745F6E72667813
:10BBF0005F7561727465004661696C656420746F7D
:10BC000020616C6C6F63617465204750494F5445E7
:10BC1000206368616E6E656C20666F722057414BC1
:10BC200045004661696C656420746F20636F6E66C1
:10BC300069677572652057414B452070696E0043F6
:10BC400053204750494F20706F7274202573207025
:10BC5000696E202564206973206E6F74207265619F
:10BC60006479005570646174652065786365656406
:10BC7000732063757272656E742062756666657294
:10BC80000048616C662D6475706C6578206E6F7409
:10BC900020737570706F7274656400536C617665A3
:10BCA000206D6F6465206973206E6F7420737570EA
:10BCB000706F72746564206F6E202573004C6F6F17
:10BCC000706261636B206D6F6465206973206E6FB5
:10BCD0007420737570706F7274656400576F72644E
:10BCE0002073697A6573206F746865722074686167
:10BCF0006E2038206269747320617265206E6F74E3
:10BD000020737570706F727465640046726571752A
:10BD1000656E63696573206C6F7765722074686106
:10BD20006E20313235206B487A20617265206E6F4B
:10BD30007420737570706F72746564004661696C0D
:10BD4000656420746F20696E697469616C697A65D5
:10BD5000206E726678206472697665723A20256476
:10BD60000057616974696E6720666F722057414B96
:10BD7000452061636B6E6F776C6564676D656E748B
:10BD80002074696D6564206F75740054696D656F0A
:10BD900075742077616974696E6720666F722074AC
:10BDA00072616E7366657220636F6D706C65746529
:10BDB000007370694063373030300073706940340D
:10BDC00061303030007370695F6E7266785F7370D7
:10BDD000696D000007182323232323232323232310
:10BDE00023232300010248616C74696E6720737914
:10BDF0007374656D00556E6B6E6F776E2065727231
:10BE00006F7200756E6B6E6F776E003E3E3E205A0D
:10BE1000455048595220464154414C204552524FBA
:10BE2000522025643A202573206F6E204350552000
:10BE30002564004661756C7420647572696E6720B4
:10BE4000696E746572727570742068616E646C6975
:10BE50006E670A0043757272656E7420746872654D
:10BE600061643A202570202825732900435055200D
:10BE7000657863657074696F6E00556E68616E6495
:10BE80006C656420696E74657272757074005374A9
:10BE900061636B206F766572666C6F77004B6572BD
:10BEA0006E656C206F6F7073004B65726E656C20F1
:10BEB00070616E69630069646C65006D61696E0034
:10BEC0006F730063726163656E00286E756C6C2918
:0CBED000002A666C6F61742A00000000FC
:10BEDC0000000000670000000000000000000000EF
:10BEEC000000000000000000000000000000000046
:10BEFC000000000000000000000000000000000036
:10BF0C000000000000000000000000000000000025
:10BF1C000000000000000000000000000000000015
:10BF2C000000000000000000000000000000000005
:10BF3C0000000000000000000000000000000000F5
:10BF4C0000000000000000000000000000000000E5
:10BF5C0000000000000000000000000000000000D5
:10BF6C0000C00C50000000000000000000000000A9
:10BF7C00C0A4000040420F000001000060A40000BB
:10BF8C000800010000000000B38000007987000069
:10BF9C0024AF00000000000000000000EF8A000049
:10BFAC00000000000000000000C010500000000065
:10BFBC000000000000000000000000000000000075
:10BFCC000000000000000000000000000000000065
:10BFDC000000000000000000000000000000000055
:10BFEC000000000000000000000000000000000045
:10BFFC000000000000000000000000000000000035
:10C00C000000000000000000000000000000000024
:10C01C000000000000000000000000000001000013
:10C02C0000A00D5000000000000000000000000007
:10C03C0000000000000000000000000000000000F4
:10C04C0000000000000000000000000000000000E4
:10C05C0000000000000000000000000000000000D4
:10C06C0000000000000000000000000000000000C4
:10C07C0000000000000000000000000000000000B4
:10C08C0000000000000000000000000000000000A4
:10C09C00000000000000000000700C5000000000C8
:10C0AC000000000000000000000000000000000084
:10C0BC000000000000000000000000000000000074
:10C0CC000000000000000000F0B0000001000000C3
:10C0DC00400200204002002000000000010000008F
:10C0EC00500200205002002000000000010000005F
:10C0FC000000000000000000000000000000000034
:10C10C000000000000000000000000000000000023
:10C11C0000000000C0A400000000000000000000AF
:10C12C009E9100209691002000A004500000000079
:10C13C0000000000000000000000000000000000F3
:10C14C0000000000000000000000000000000000E3
:10C15C00000000000000000070B1000001000000B1
:10C16C00D0020020D00200200000000001000000DE
:10C17C00E0020020E00200200000000001000000AE
:10C18C0000000000000000000000000000000000A3
:10C19C000000000000000000000000000000000093
:10C1AC0000000000E0A400000000000000000000FF
:10C1BC00AE910020A6910020493B00000000000039
:10C1CC00FF0000000090D003600300205403002007
:10C1DC004C030020480300209CB1000094B10000E7
:10C1EC00CCB100008CB10000BCB10000C4B10000A7
:10C1FC0084B10000A4B10000ACB10000B4B10000E7
:10C20C00FF0000000F000000710200007C03002002
:10C21C007C030020E79D000091A2000067742000C1
:10C22C00040400202C0400201804002084040020A6
:10C23C00780400204BA100004FA1000001004F002A
:08C24C000000000004FF0000E7
:10C2540000000000000000000000000000000000DA
:10C2640000000000000000000000000000000000CA
:10C2740000000000000000000000000000000000BA
:10C2840000000000000000000000000000000000AA
:08C294000000000000000000A2
:04C29C00000000009E
:10C2A000040400200404002000000000000000003E
:10C2B0000E000000180400201804002000000000F8
:10C2C000000000000E0000002C0400202C040020C0
:10C2D00000000000000000000E00000040040020EC
:10C2E0004004002000000000000000000E000000DC
:10C2F000540400205404002000000000000000004E
:04C300000E0000002B
:10C304006804002068040020000000000100000010
:10C314007804002078040020000000008404002039
:08C32400840400200000000069
:04C32C0015E015E023
:04000003000023F5E1
:00000001FF
